{
    "parameters": {
        "mf_type": "Generalized Bell",
        "num_mfs": 3,
        "learning_rate": 0.0001,
        "batch_size": 32,
        "num_epochs": 250
    },
    "results": {
        "loss": 0.09951647371053696,
        "mae": 0.2520718574523926,
        "root_mean_squared_error": 0.3154623210430145,
        "val_loss": 0.09883522242307663,
        "val_mae": 0.24894478917121887,
        "val_root_mean_squared_error": 0.3143807053565979,
        "train_time": 61.28364968299866
    }
}