{
    "parameters": {
        "mf_type": "Generalized Bell",
        "num_mfs": 3,
        "learning_rate": 0.0001,
        "batch_size": 32,
        "num_epochs": 500
    },
    "results": {
        "loss": 0.09656299650669098,
        "mae": 0.25068771839141846,
        "root_mean_squared_error": 0.31074586510658264,
        "val_loss": 0.09402188658714294,
        "val_mae": 0.2445557713508606,
        "val_root_mean_squared_error": 0.30662989616394043,
        "train_time": 118.68371105194092
    }
}