{
    "parameters": {
        "num_layers": 2,
        "num_neurons": 16,
        "num_epochs": 250,
        "learning_rate": 0.0001,
        "use_batch_norm": true,
        "use_dropout": true,
        "batch_size": 128
    },
    "results": {
        "loss": 0.45171016454696655,
        "mae": 0.5204169750213623,
        "r2_score": 0.8151761293411255,
        "root_mean_squared_error": 0.6720938682556152,
        "val_loss": 0.10876355320215225,
        "val_mae": 0.27081629633903503,
        "val_r2_score": 0.9567832946777344,
        "val_root_mean_squared_error": 0.32979318499565125,
        "train_time": 17.100541353225708
    }
}