{
    "parameters": {
        "num_layers": 2,
        "num_neurons": 16,
        "num_epochs": 250,
        "learning_rate": 0.0001,
        "use_batch_norm": true,
        "use_dropout": true,
        "batch_size": 128
    },
    "results": {
        "loss": 0.3475668430328369,
        "mae": 0.4535510540008545,
        "r2_score": 0.842406153678894,
        "root_mean_squared_error": 0.5895479917526245,
        "val_loss": 0.06897580623626709,
        "val_mae": 0.20499396324157715,
        "val_r2_score": 0.9695892930030823,
        "val_root_mean_squared_error": 0.26263245940208435,
        "train_time": 37.99719262123108
    }
}