{
    "parameters": {
        "mf_type": "Smoothed Triangular",
        "num_mfs": 2,
        "learning_rate": 0.0001,
        "batch_size": 64,
        "num_epochs": 250
    },
    "results": {
        "loss": 20.356300354003906,
        "mae": 4.231810092926025,
        "root_mean_squared_error": 4.511795520782471,
        "val_loss": 20.12102699279785,
        "val_mae": 4.206286430358887,
        "val_root_mean_squared_error": 4.485646724700928,
        "train_time": 26.88553547859192
    }
}