{
    "parameters": {
        "mf_type": "Gaussian",
        "num_mfs": 2,
        "learning_rate": 0.0001,
        "batch_size": 64,
        "num_epochs": 100
    },
    "results": {
        "loss": 7.771486759185791,
        "mae": 2.7500901222229004,
        "root_mean_squared_error": 2.787738561630249,
        "val_loss": 7.647402286529541,
        "val_mae": 2.729135274887085,
        "val_root_mean_squared_error": 2.7653937339782715,
        "train_time": 10.401672601699829
    }
}