{
    "parameters": {
        "num_layers": 2,
        "num_neurons": 16,
        "num_epochs": 500,
        "learning_rate": 0.001,
        "use_batch_norm": true,
        "use_dropout": true,
        "batch_size": 128
    },
    "results": {
        "loss": 0.14734366536140442,
        "mae": 0.2944190204143524,
        "r2_score": 0.9331912994384766,
        "root_mean_squared_error": 0.3838537037372589,
        "val_loss": 0.0618903823196888,
        "val_mae": 0.19772180914878845,
        "val_r2_score": 0.9727131724357605,
        "val_root_mean_squared_error": 0.24877777695655823,
        "train_time": 41.91427516937256
    }
}