{
    "parameters": {
        "num_layers": 2,
        "num_neurons": 16,
        "num_epochs": 500,
        "learning_rate": 0.001,
        "use_batch_norm": true,
        "use_dropout": true,
        "batch_size": 128
    },
    "results": {
        "loss": 0.19278226792812347,
        "mae": 0.34424036741256714,
        "r2_score": 0.9211205840110779,
        "root_mean_squared_error": 0.4390697777271271,
        "val_loss": 0.0818544551730156,
        "val_mae": 0.2297469526529312,
        "val_r2_score": 0.9674755334854126,
        "val_root_mean_squared_error": 0.28610217571258545,
        "train_time": 33.80038499832153
    }
}