{
    "parameters": {
        "num_layers": 2,
        "num_neurons": 16,
        "num_epochs": 500,
        "learning_rate": 0.001,
        "use_batch_norm": true,
        "use_dropout": true,
        "batch_size": 64
    },
    "results": {
        "loss": 0.1856919825077057,
        "mae": 0.3362705111503601,
        "r2_score": 0.9240216016769409,
        "root_mean_squared_error": 0.43091991543769836,
        "val_loss": 0.08941806107759476,
        "val_mae": 0.23866523802280426,
        "val_r2_score": 0.9644702672958374,
        "val_root_mean_squared_error": 0.29902851581573486,
        "train_time": 46.673641204833984
    }
}