{
    "parameters": {
        "num_layers": 2,
        "num_neurons": 16,
        "num_epochs": 500,
        "learning_rate": 0.001,
        "use_batch_norm": true,
        "use_dropout": true,
        "batch_size": 64
    },
    "results": {
        "loss": 0.17851218581199646,
        "mae": 0.32179656624794006,
        "r2_score": 0.9186041355133057,
        "root_mean_squared_error": 0.42250701785087585,
        "val_loss": 0.08036309480667114,
        "val_mae": 0.2037733495235443,
        "val_r2_score": 0.9635601043701172,
        "val_root_mean_squared_error": 0.2834838628768921,
        "train_time": 68.99651384353638
    }
}