{
    "parameters": {
        "num_layers": 2,
        "num_neurons": 16,
        "num_epochs": 500,
        "learning_rate": 0.001,
        "use_batch_norm": true,
        "use_dropout": true,
        "batch_size": 64
    },
    "results": {
        "loss": 0.15722742676734924,
        "mae": 0.3040423095226288,
        "r2_score": 0.9287096858024597,
        "root_mean_squared_error": 0.39651912450790405,
        "val_loss": 0.06411461532115936,
        "val_mae": 0.19665777683258057,
        "val_r2_score": 0.9717325568199158,
        "val_root_mean_squared_error": 0.25320863723754883,
        "train_time": 65.29915833473206
    }
}