{
    "parameters": {
        "mf_type": "Generalized Bell",
        "num_mfs": 2,
        "learning_rate": 0.0005,
        "batch_size": 64,
        "num_epochs": 100
    },
    "results": {
        "loss": 0.12158975750207901,
        "mae": 0.2774558961391449,
        "root_mean_squared_error": 0.3486972153186798,
        "val_loss": 0.12114863842725754,
        "val_mae": 0.2763729393482208,
        "val_root_mean_squared_error": 0.348064124584198,
        "train_time": 10.7332444190979
    }
}