{
    "parameters": {
        "num_layers": 2,
        "num_neurons": 16,
        "num_epochs": 500,
        "learning_rate": 0.0005,
        "use_batch_norm": true,
        "use_dropout": true,
        "batch_size": 128
    },
    "results": {
        "loss": 0.15219716727733612,
        "mae": 0.29747825860977173,
        "root_mean_squared_error": 0.3901245594024658,
        "val_loss": 0.08678285777568817,
        "val_mae": 0.22336256504058838,
        "val_root_mean_squared_error": 0.2945893108844757,
        "train_time": 39.189178228378296
    }
}