{
    "parameters": {
        "num_layers": 2,
        "num_neurons": 16,
        "num_epochs": 500,
        "learning_rate": 0.0005,
        "use_batch_norm": true,
        "use_dropout": true,
        "batch_size": 128
    },
    "results": {
        "loss": 0.16469430923461914,
        "mae": 0.3056899905204773,
        "r2_score": 0.9249040484428406,
        "root_mean_squared_error": 0.4058254659175873,
        "val_loss": 0.09337805211544037,
        "val_mae": 0.22353391349315643,
        "val_r2_score": 0.9576586484909058,
        "val_root_mean_squared_error": 0.30557823181152344,
        "train_time": 44.39315462112427
    }
}