{
    "parameters": {
        "num_layers": 3,
        "num_neurons": 96,
        "num_epochs": 500,
        "learning_rate": 0.001,
        "use_batch_norm": true,
        "use_dropout": true,
        "batch_size": 256
    },
    "results": {
        "loss": 0.0547560416162014,
        "mae": 0.17763866484165192,
        "r2_score": 0.9747875928878784,
        "root_mean_squared_error": 0.2340000867843628,
        "val_loss": 0.010850489139556885,
        "val_mae": 0.08185121417045593,
        "val_r2_score": 0.9951582551002502,
        "val_root_mean_squared_error": 0.10416568070650101,
        "train_time": 46.22073221206665
    }
}