{
    "parameters": {
        "num_layers": 3,
        "num_neurons": 96,
        "num_epochs": 500,
        "learning_rate": 0.001,
        "use_batch_norm": true,
        "use_dropout": true,
        "batch_size": 256
    },
    "results": {
        "loss": 0.08231614530086517,
        "mae": 0.22279758751392365,
        "r2_score": 0.9663546085357666,
        "root_mean_squared_error": 0.2869079113006592,
        "val_loss": 0.013418750837445259,
        "val_mae": 0.08074390888214111,
        "val_r2_score": 0.9944859743118286,
        "val_root_mean_squared_error": 0.11583933234214783,
        "train_time": 36.67589259147644
    }
}