{
    "parameters": {
        "num_layers": 3,
        "num_neurons": 96,
        "num_epochs": 500,
        "learning_rate": 0.001,
        "use_batch_norm": true,
        "use_dropout": true,
        "batch_size": 256
    },
    "results": {
        "loss": 0.05825001001358032,
        "mae": 0.18320243060588837,
        "r2_score": 0.9734625816345215,
        "root_mean_squared_error": 0.24135038256645203,
        "val_loss": 0.013595705851912498,
        "val_mae": 0.08890104293823242,
        "val_r2_score": 0.993658721446991,
        "val_root_mean_squared_error": 0.11660062521696091,
        "train_time": 46.98477029800415
    }
}