{
    "parameters": {
        "mf_type": "Gaussian",
        "num_mfs": 5,
        "learning_rate": 0.0001,
        "batch_size": 32,
        "num_epochs": 500
    },
    "results": {
        "loss": 0.09593604505062103,
        "mae": 0.25146380066871643,
        "r2_score": 0.9608427882194519,
        "root_mean_squared_error": 0.3097354471683502,
        "val_loss": 0.09044771641492844,
        "val_mae": 0.24228282272815704,
        "val_r2_score": 0.9633637070655823,
        "val_root_mean_squared_error": 0.30074527859687805,
        "train_time": 390.8276665210724
    }
}