{
    "parameters": {
        "mf_type": "Generalized Bell",
        "num_mfs": 4,
        "learning_rate": 0.0001,
        "batch_size": 32,
        "num_epochs": 500
    },
    "results": {
        "loss": 0.09485891461372375,
        "mae": 0.24859945476055145,
        "root_mean_squared_error": 0.30799174308776855,
        "val_loss": 0.09309465438127518,
        "val_mae": 0.2438281625509262,
        "val_root_mean_squared_error": 0.30511417984962463,
        "train_time": 213.80150389671326
    }
}