{
    "parameters": {
        "mf_type": "Gaussian",
        "num_mfs": 2,
        "learning_rate": 0.0001,
        "batch_size": 128,
        "num_epochs": 250
    },
    "results": {
        "loss": 5.733142375946045,
        "mae": 2.372204065322876,
        "root_mean_squared_error": 2.3943982124328613,
        "val_loss": 5.649164199829102,
        "val_mae": 2.35526967048645,
        "val_root_mean_squared_error": 2.3767969608306885,
        "train_time": 18.692809343338013
    }
}