{
    "parameters": {
        "num_layers": 1,
        "num_neurons": 16,
        "num_epochs": 500,
        "learning_rate": 0.0005,
        "use_batch_norm": true,
        "use_dropout": true,
        "batch_size": 128
    },
    "results": {
        "loss": 0.1857694834470749,
        "mae": 0.33558711409568787,
        "r2_score": 0.92399001121521,
        "root_mean_squared_error": 0.43100982904434204,
        "val_loss": 0.09637828916311264,
        "val_mae": 0.2534971535205841,
        "val_r2_score": 0.9617045521736145,
        "val_root_mean_squared_error": 0.3104485273361206,
        "train_time": 30.429337739944458
    }
}