{
    "parameters": {
        "num_layers": 1,
        "num_neurons": 16,
        "num_epochs": 500,
        "learning_rate": 0.0005,
        "use_batch_norm": true,
        "use_dropout": true,
        "batch_size": 128
    },
    "results": {
        "loss": 0.15029063820838928,
        "mae": 0.3003375232219696,
        "r2_score": 0.931855320930481,
        "root_mean_squared_error": 0.38767337799072266,
        "val_loss": 0.06922556459903717,
        "val_mae": 0.21268491446971893,
        "val_r2_score": 0.9694792032241821,
        "val_root_mean_squared_error": 0.2631075084209442,
        "train_time": 36.493963956832886
    }
}