{
    "parameters": {
        "mf_type": "Generalized Bell",
        "num_mfs": 5,
        "learning_rate": 0.0001,
        "batch_size": 64,
        "num_epochs": 250
    },
    "results": {
        "loss": 0.8339293003082275,
        "mae": 0.8405858874320984,
        "root_mean_squared_error": 0.9131972789764404,
        "val_loss": 0.7989963293075562,
        "val_mae": 0.8206746578216553,
        "val_root_mean_squared_error": 0.8938659429550171,
        "train_time": 215.1322684288025
    }
}