{
    "parameters": {
        "mf_type": "Generalized Bell",
        "num_mfs": 3,
        "learning_rate": 0.0001,
        "batch_size": 64,
        "num_epochs": 500
    },
    "results": {
        "loss": 0.09932421892881393,
        "mae": 0.25296181440353394,
        "root_mean_squared_error": 0.3151574432849884,
        "val_loss": 0.09660239517688751,
        "val_mae": 0.24674008786678314,
        "val_root_mean_squared_error": 0.31080925464630127,
        "train_time": 76.8430962562561
    }
}