{
    "parameters": {
        "num_layers": 1,
        "num_neurons": 16,
        "num_epochs": 500,
        "learning_rate": 0.001,
        "use_batch_norm": true,
        "use_dropout": true,
        "batch_size": 32
    },
    "results": {
        "loss": 0.22848738729953766,
        "mae": 0.37367814779281616,
        "r2_score": 0.895817220211029,
        "root_mean_squared_error": 0.47800353169441223,
        "val_loss": 0.0805472731590271,
        "val_mae": 0.2215176373720169,
        "val_r2_score": 0.9634765982627869,
        "val_root_mean_squared_error": 0.28380852937698364,
        "train_time": 104.84950828552246
    }
}