{
    "parameters": {
        "num_layers": 1,
        "num_neurons": 16,
        "num_epochs": 500,
        "learning_rate": 0.001,
        "use_batch_norm": true,
        "use_dropout": true,
        "batch_size": 32
    },
    "results": {
        "loss": 0.22692719101905823,
        "mae": 0.3784310817718506,
        "r2_score": 0.9071497321128845,
        "root_mean_squared_error": 0.4763687551021576,
        "val_loss": 0.11382205039262772,
        "val_mae": 0.27580976486206055,
        "val_r2_score": 0.9547734260559082,
        "val_root_mean_squared_error": 0.3373752236366272,
        "train_time": 66.49640583992004
    }
}