{
    "parameters": {
        "num_layers": 1,
        "num_neurons": 16,
        "num_epochs": 500,
        "learning_rate": 0.001,
        "use_batch_norm": true,
        "use_dropout": true,
        "batch_size": 32
    },
    "results": {
        "loss": 0.20198489725589752,
        "mae": 0.352610319852829,
        "r2_score": 0.908414900302887,
        "root_mean_squared_error": 0.4494273066520691,
        "val_loss": 0.07205284386873245,
        "val_mae": 0.2198563814163208,
        "val_r2_score": 0.9682326316833496,
        "val_root_mean_squared_error": 0.2684265971183777,
        "train_time": 88.46059823036194
    }
}