{
    "parameters": {
        "num_layers": 1,
        "num_neurons": 64,
        "num_epochs": 500,
        "learning_rate": 0.001,
        "use_batch_norm": true,
        "use_dropout": true,
        "batch_size": 128
    },
    "results": {
        "loss": 0.10039777308702469,
        "mae": 0.24815982580184937,
        "root_mean_squared_error": 0.3168560862541199,
        "val_loss": 0.04989389702677727,
        "val_mae": 0.17365698516368866,
        "val_root_mean_squared_error": 0.22336941957473755,
        "train_time": 39.218053340911865
    }
}