{
    "parameters": {
        "num_layers": 1,
        "num_neurons": 64,
        "num_epochs": 500,
        "learning_rate": 0.001,
        "use_batch_norm": true,
        "use_dropout": true,
        "batch_size": 128
    },
    "results": {
        "loss": 0.1136631891131401,
        "mae": 0.2620905637741089,
        "r2_score": 0.948172926902771,
        "root_mean_squared_error": 0.33713972568511963,
        "val_loss": 0.05603817105293274,
        "val_mae": 0.18289168179035187,
        "val_r2_score": 0.9745900630950928,
        "val_root_mean_squared_error": 0.23672382533550262,
        "train_time": 43.005162715911865
    }
}