{
    "parameters": {
        "num_layers": 1,
        "num_neurons": 32,
        "num_epochs": 100,
        "learning_rate": 0.0001,
        "use_batch_norm": true,
        "use_dropout": true,
        "batch_size": 32
    },
    "results": {
        "loss": 0.2698262631893158,
        "mae": 0.40651777386665344,
        "r2_score": 0.8776547312736511,
        "root_mean_squared_error": 0.5194480419158936,
        "val_loss": 0.05227457359433174,
        "val_mae": 0.18490974605083466,
        "val_r2_score": 0.9769526720046997,
        "val_root_mean_squared_error": 0.22863633930683136,
        "train_time": 18.583677530288696
    }
}