{
    "parameters": {
        "num_layers": 1,
        "num_neurons": 32,
        "num_epochs": 100,
        "learning_rate": 0.0001,
        "use_batch_norm": true,
        "use_dropout": true,
        "batch_size": 32
    },
    "results": {
        "loss": 0.3383578956127167,
        "mae": 0.45239242911338806,
        "r2_score": 0.8457187414169312,
        "root_mean_squared_error": 0.5816853642463684,
        "val_loss": 0.081428162753582,
        "val_mae": 0.22137445211410522,
        "val_r2_score": 0.963077187538147,
        "val_root_mean_squared_error": 0.28535619378089905,
        "train_time": 20.73273777961731
    }
}