{
    "parameters": {
        "num_layers": 1,
        "num_neurons": 32,
        "num_epochs": 100,
        "learning_rate": 0.0001,
        "use_batch_norm": true,
        "use_dropout": true,
        "batch_size": 32
    },
    "results": {
        "loss": 0.35707950592041016,
        "mae": 0.4712406396865845,
        "r2_score": 0.8538973331451416,
        "root_mean_squared_error": 0.5975612998008728,
        "val_loss": 0.0844840258359909,
        "val_mae": 0.23458775877952576,
        "val_r2_score": 0.9664307236671448,
        "val_root_mean_squared_error": 0.29066136479377747,
        "train_time": 13.849791049957275
    }
}