{
    "parameters": {
        "num_layers": 2,
        "num_neurons": 32,
        "num_epochs": 250,
        "learning_rate": 0.001,
        "use_batch_norm": true,
        "use_dropout": true,
        "batch_size": 64
    },
    "results": {
        "loss": 0.16436801850795746,
        "mae": 0.3188254237174988,
        "r2_score": 0.9327466487884521,
        "root_mean_squared_error": 0.40542325377464294,
        "val_loss": 0.048814546316862106,
        "val_mae": 0.1748870611190796,
        "val_r2_score": 0.980603814125061,
        "val_root_mean_squared_error": 0.22094014286994934,
        "train_time": 24.313928842544556
    }
}