{
    "parameters": {
        "num_layers": 2,
        "num_neurons": 32,
        "num_epochs": 250,
        "learning_rate": 0.001,
        "use_batch_norm": true,
        "use_dropout": true,
        "batch_size": 64
    },
    "results": {
        "loss": 0.13229668140411377,
        "mae": 0.2819927930831909,
        "r2_score": 0.9400142431259155,
        "root_mean_squared_error": 0.36372610926628113,
        "val_loss": 0.029102694243192673,
        "val_mae": 0.1304139494895935,
        "val_r2_score": 0.9871689081192017,
        "val_root_mean_squared_error": 0.17059512436389923,
        "train_time": 34.49890923500061
    }
}