{
    "parameters": {
        "mf_type": "Smoothed Triangular",
        "num_mfs": 3,
        "learning_rate": 0.0001,
        "batch_size": 64,
        "num_epochs": 250
    },
    "results": {
        "loss": 20.56549644470215,
        "mae": 4.256309509277344,
        "root_mean_squared_error": 4.534919738769531,
        "val_loss": 20.33610725402832,
        "val_mae": 4.231236457824707,
        "val_root_mean_squared_error": 4.509557247161865,
        "train_time": 43.27399563789368
    }
}