{
    "parameters": {
        "mf_type": "Gaussian",
        "num_mfs": 4,
        "learning_rate": 0.001,
        "batch_size": 32,
        "num_epochs": 500
    },
    "results": {
        "loss": 0.09742392599582672,
        "mae": 0.2524467706680298,
        "r2_score": 0.9602354764938354,
        "root_mean_squared_error": 0.31212806701660156,
        "val_loss": 0.09362974017858505,
        "val_mae": 0.24519897997379303,
        "val_r2_score": 0.9620748162269592,
        "val_root_mean_squared_error": 0.3059897720813751,
        "train_time": 212.46755409240723
    }
}