{
    "parameters": {
        "num_layers": 1,
        "num_neurons": 16,
        "num_epochs": 100,
        "learning_rate": 0.0001,
        "use_batch_norm": true,
        "use_dropout": true,
        "batch_size": 64
    },
    "results": {
        "loss": 0.48106393218040466,
        "mae": 0.5313788056373596,
        "r2_score": 0.7806493639945984,
        "root_mean_squared_error": 0.6935877203941345,
        "val_loss": 0.12101558595895767,
        "val_mae": 0.254242867231369,
        "val_r2_score": 0.9451265931129456,
        "val_root_mean_squared_error": 0.34787294268608093,
        "train_time": 13.185446977615356
    }
}