{
    "parameters": {
        "num_layers": 1,
        "num_neurons": 16,
        "num_epochs": 100,
        "learning_rate": 0.0001,
        "use_batch_norm": true,
        "use_dropout": true,
        "batch_size": 64
    },
    "results": {
        "loss": 0.53607577085495,
        "mae": 0.5650826692581177,
        "r2_score": 0.7806578278541565,
        "root_mean_squared_error": 0.7321719527244568,
        "val_loss": 0.09846845269203186,
        "val_mae": 0.25814640522003174,
        "val_r2_score": 0.9608741402626038,
        "val_root_mean_squared_error": 0.31379684805870056,
        "train_time": 8.600192546844482
    }
}