{
    "parameters": {
        "num_layers": 1,
        "num_neurons": 16,
        "num_epochs": 100,
        "learning_rate": 0.0001,
        "use_batch_norm": true,
        "use_dropout": true,
        "batch_size": 64
    },
    "results": {
        "loss": 0.4035106599330902,
        "mae": 0.48999860882759094,
        "r2_score": 0.8170404434204102,
        "root_mean_squared_error": 0.6352248787879944,
        "val_loss": 0.0724925622344017,
        "val_mae": 0.21357379853725433,
        "val_r2_score": 0.96803879737854,
        "val_root_mean_squared_error": 0.2692444324493408,
        "train_time": 12.175770998001099
    }
}