{
    "parameters": {
        "num_layers": 1,
        "num_neurons": 32,
        "num_epochs": 500,
        "learning_rate": 0.0005,
        "use_batch_norm": true,
        "use_dropout": true,
        "batch_size": 32
    },
    "results": {
        "loss": 0.18798483908176422,
        "mae": 0.34038713574409485,
        "r2_score": 0.9142850637435913,
        "root_mean_squared_error": 0.4335721731185913,
        "val_loss": 0.060979846864938736,
        "val_mae": 0.19162392616271973,
        "val_r2_score": 0.9723492860794067,
        "val_root_mean_squared_error": 0.2469409853219986,
        "train_time": 99.51637315750122
    }
}