{
    "parameters": {
        "num_layers": 1,
        "num_neurons": 32,
        "num_epochs": 250,
        "learning_rate": 0.001,
        "use_batch_norm": true,
        "use_dropout": true,
        "batch_size": 64
    },
    "results": {
        "loss": 0.15126635134220123,
        "mae": 0.30256733298301697,
        "root_mean_squared_error": 0.3889297544956207,
        "val_loss": 0.07035639882087708,
        "val_mae": 0.21090921759605408,
        "val_root_mean_squared_error": 0.26524779200553894,
        "train_time": 27.716813564300537
    }
}