{
    "parameters": {
        "num_layers": 1,
        "num_neurons": 32,
        "num_epochs": 250,
        "learning_rate": 0.001,
        "use_batch_norm": true,
        "use_dropout": true,
        "batch_size": 64
    },
    "results": {
        "loss": 0.1616993248462677,
        "mae": 0.31399431824684143,
        "r2_score": 0.9262698888778687,
        "root_mean_squared_error": 0.4021185338497162,
        "val_loss": 0.06950344890356064,
        "val_mae": 0.20813381671905518,
        "val_r2_score": 0.9684842824935913,
        "val_root_mean_squared_error": 0.2636350691318512,
        "train_time": 32.271828413009644
    }
}