{
    "parameters": {
        "num_layers": 2,
        "num_neurons": 16,
        "num_epochs": 500,
        "learning_rate": 0.001,
        "use_batch_norm": true,
        "use_dropout": true,
        "batch_size": 32
    },
    "results": {
        "loss": 0.22872111201286316,
        "mae": 0.36704784631729126,
        "root_mean_squared_error": 0.4782479703426361,
        "val_loss": 0.0754542127251625,
        "val_mae": 0.2097776234149933,
        "val_root_mean_squared_error": 0.27468931674957275,
        "train_time": 107.9690432548523
    }
}