{
    "parameters": {
        "num_layers": 4,
        "num_neurons": 96,
        "num_epochs": 500,
        "learning_rate": 0.001,
        "use_batch_norm": true,
        "use_dropout": true,
        "batch_size": 160
    },
    "results": {
        "loss": 0.06632798910140991,
        "mae": 0.19602413475513458,
        "r2_score": 0.9697825312614441,
        "root_mean_squared_error": 0.257542222738266,
        "val_loss": 0.011370882391929626,
        "val_mae": 0.08043685555458069,
        "val_r2_score": 0.9946964383125305,
        "val_root_mean_squared_error": 0.10663434118032455,
        "train_time": 58.244513750076294
    }
}