{
    "parameters": {
        "num_layers": 4,
        "num_neurons": 96,
        "num_epochs": 500,
        "learning_rate": 0.001,
        "use_batch_norm": true,
        "use_dropout": true,
        "batch_size": 160
    },
    "results": {
        "loss": 0.05683240666985512,
        "mae": 0.18275363743305206,
        "r2_score": 0.9738315939903259,
        "root_mean_squared_error": 0.23839548230171204,
        "val_loss": 0.01001458428800106,
        "val_mae": 0.07931559532880783,
        "val_r2_score": 0.9955312609672546,
        "val_root_mean_squared_error": 0.10007289797067642,
        "train_time": 58.233762979507446
    }
}