{
    "parameters": {
        "num_layers": 4,
        "num_neurons": 96,
        "num_epochs": 500,
        "learning_rate": 0.001,
        "use_batch_norm": true,
        "use_dropout": true,
        "batch_size": 160
    },
    "results": {
        "loss": 0.07686203718185425,
        "mae": 0.21651040017604828,
        "r2_score": 0.9685839414596558,
        "root_mean_squared_error": 0.2772400379180908,
        "val_loss": 0.010871990583837032,
        "val_mae": 0.07586390525102615,
        "val_r2_score": 0.9955325126647949,
        "val_root_mean_squared_error": 0.10426884144544601,
        "train_time": 43.48360753059387
    }
}