{
    "parameters": {
        "num_layers": 1,
        "num_neurons": 32,
        "num_epochs": 500,
        "learning_rate": 0.0005,
        "use_batch_norm": true,
        "use_dropout": true,
        "batch_size": 128
    },
    "results": {
        "loss": 0.118565633893013,
        "mae": 0.26721373200416565,
        "r2_score": 0.9462400674819946,
        "root_mean_squared_error": 0.34433361887931824,
        "val_loss": 0.051160603761672974,
        "val_mae": 0.1811966896057129,
        "val_r2_score": 0.9774438142776489,
        "val_root_mean_squared_error": 0.2261870950460434,
        "train_time": 36.540348291397095
    }
}