{
    "parameters": {
        "num_layers": 1,
        "num_neurons": 32,
        "num_epochs": 500,
        "learning_rate": 0.0005,
        "use_batch_norm": true,
        "use_dropout": true,
        "batch_size": 128
    },
    "results": {
        "loss": 0.16886627674102783,
        "mae": 0.320921391248703,
        "r2_score": 0.9309060573577881,
        "root_mean_squared_error": 0.4109334349632263,
        "val_loss": 0.08637353777885437,
        "val_mae": 0.2391556203365326,
        "val_r2_score": 0.9656798839569092,
        "val_root_mean_squared_error": 0.2938937544822693,
        "train_time": 30.872699975967407
    }
}