{
    "parameters": {
        "num_layers": 1,
        "num_neurons": 32,
        "num_epochs": 500,
        "learning_rate": 0.0001,
        "use_batch_norm": true,
        "use_dropout": true,
        "batch_size": 128
    },
    "results": {
        "loss": 0.23276287317276,
        "mae": 0.37560635805130005,
        "r2_score": 0.9047617316246033,
        "root_mean_squared_error": 0.4824550449848175,
        "val_loss": 0.08495127409696579,
        "val_mae": 0.2361435890197754,
        "val_r2_score": 0.9662449955940247,
        "val_root_mean_squared_error": 0.29146403074264526,
        "train_time": 30.150033712387085
    }
}