{
    "parameters": {
        "num_layers": 1,
        "num_neurons": 32,
        "num_epochs": 500,
        "learning_rate": 0.0001,
        "use_batch_norm": true,
        "use_dropout": true,
        "batch_size": 128
    },
    "results": {
        "loss": 0.18602584302425385,
        "mae": 0.33557966351509094,
        "r2_score": 0.9156520962715149,
        "root_mean_squared_error": 0.4313071370124817,
        "val_loss": 0.056093428283929825,
        "val_mae": 0.18935534358024597,
        "val_r2_score": 0.9752690196037292,
        "val_root_mean_squared_error": 0.23684051632881165,
        "train_time": 36.93293118476868
    }
}