{
    "parameters": {
        "mf_type": "Gaussian",
        "num_mfs": 2,
        "learning_rate": 0.001,
        "batch_size": 32,
        "num_epochs": 100
    },
    "results": {
        "loss": 0.09934575110673904,
        "mae": 0.25536131858825684,
        "root_mean_squared_error": 0.3151915967464447,
        "val_loss": 0.09612441807985306,
        "val_mae": 0.24617457389831543,
        "val_root_mean_squared_error": 0.31003937125205994,
        "train_time": 16.0329692363739
    }
}