{
    "parameters": {
        "mf_type": "Gaussian",
        "num_mfs": 3,
        "learning_rate": 0.001,
        "batch_size": 32,
        "num_epochs": 250
    },
    "results": {
        "loss": 0.09782405197620392,
        "mae": 0.2528614401817322,
        "root_mean_squared_error": 0.3127683699131012,
        "val_loss": 0.09546300023794174,
        "val_mae": 0.24832415580749512,
        "val_root_mean_squared_error": 0.3089708685874939,
        "train_time": 56.58581614494324
    }
}