{
    "parameters": {
        "num_layers": 2,
        "num_neurons": 32,
        "num_epochs": 250,
        "learning_rate": 0.001,
        "use_batch_norm": true,
        "use_dropout": true,
        "batch_size": 32
    },
    "results": {
        "loss": 0.16894423961639404,
        "mae": 0.32258161902427673,
        "r2_score": 0.9233970642089844,
        "root_mean_squared_error": 0.41102826595306396,
        "val_loss": 0.030819807201623917,
        "val_mae": 0.13592135906219482,
        "val_r2_score": 0.9864118695259094,
        "val_root_mean_squared_error": 0.17555570602416992,
        "train_time": 54.816040992736816
    }
}