{
    "parameters": {
        "num_layers": 2,
        "num_neurons": 32,
        "num_epochs": 250,
        "learning_rate": 0.001,
        "use_batch_norm": true,
        "use_dropout": true,
        "batch_size": 32
    },
    "results": {
        "loss": 0.20148761570453644,
        "mae": 0.35487204790115356,
        "r2_score": 0.9175582528114319,
        "root_mean_squared_error": 0.44887372851371765,
        "val_loss": 0.052181679755449295,
        "val_mae": 0.18011325597763062,
        "val_r2_score": 0.9792658686637878,
        "val_root_mean_squared_error": 0.22843310236930847,
        "train_time": 39.48861575126648
    }
}