{
    "parameters": {
        "num_layers": 2,
        "num_neurons": 64,
        "num_epochs": 500,
        "learning_rate": 0.001,
        "use_batch_norm": true,
        "use_dropout": true,
        "batch_size": 64
    },
    "results": {
        "loss": 0.0984245017170906,
        "mae": 0.24076604843139648,
        "r2_score": 0.9551213979721069,
        "root_mean_squared_error": 0.3137267827987671,
        "val_loss": 0.02543964423239231,
        "val_mae": 0.11664795875549316,
        "val_r2_score": 0.9884646534919739,
        "val_root_mean_squared_error": 0.15949809551239014,
        "train_time": 75.47567963600159
    }
}