{
    "parameters": {
        "num_layers": 2,
        "num_neurons": 64,
        "num_epochs": 500,
        "learning_rate": 0.001,
        "use_batch_norm": true,
        "use_dropout": true,
        "batch_size": 64
    },
    "results": {
        "loss": 0.12477237731218338,
        "mae": 0.2745051383972168,
        "r2_score": 0.9489476084709167,
        "root_mean_squared_error": 0.3532313406467438,
        "val_loss": 0.022613590583205223,
        "val_mae": 0.11672201007604599,
        "val_r2_score": 0.9910145998001099,
        "val_root_mean_squared_error": 0.15037815272808075,
        "train_time": 49.20619177818298
    }
}