{
    "parameters": {
        "num_layers": 2,
        "num_neurons": 64,
        "num_epochs": 500,
        "learning_rate": 0.001,
        "use_batch_norm": true,
        "use_dropout": true,
        "batch_size": 64
    },
    "results": {
        "loss": 0.08067138493061066,
        "mae": 0.22047749161720276,
        "r2_score": 0.9634220600128174,
        "root_mean_squared_error": 0.284027099609375,
        "val_loss": 0.015082227066159248,
        "val_mae": 0.09145408123731613,
        "val_r2_score": 0.9933503866195679,
        "val_root_mean_squared_error": 0.12280971556901932,
        "train_time": 72.31554174423218
    }
}