{
    "parameters": {
        "num_layers": 1,
        "num_neurons": 32,
        "num_epochs": 100,
        "learning_rate": 0.001,
        "use_batch_norm": true,
        "use_dropout": true,
        "batch_size": 32
    },
    "results": {
        "loss": 0.2002425193786621,
        "mae": 0.34943485260009766,
        "root_mean_squared_error": 0.44748467206954956,
        "val_loss": 0.0732603669166565,
        "val_mae": 0.21855658292770386,
        "val_root_mean_squared_error": 0.2706665098667145,
        "train_time": 16.979458808898926
    }
}