{
    "parameters": {
        "mf_type": "Generalized Bell",
        "num_mfs": 3,
        "learning_rate": 0.0005,
        "batch_size": 32,
        "num_epochs": 500
    },
    "results": {
        "loss": 0.09446293115615845,
        "mae": 0.2486097663640976,
        "root_mean_squared_error": 0.30734822154045105,
        "val_loss": 0.09248480945825577,
        "val_mae": 0.24311962723731995,
        "val_root_mean_squared_error": 0.30411314964294434,
        "train_time": 120.83394026756287
    }
}