{
    "parameters": {
        "num_layers": 1,
        "num_neurons": 16,
        "num_epochs": 100,
        "learning_rate": 0.001,
        "use_batch_norm": true,
        "use_dropout": true,
        "batch_size": 128
    },
    "results": {
        "loss": 0.25091466307640076,
        "mae": 0.3831041753292084,
        "r2_score": 0.8855900764465332,
        "root_mean_squared_error": 0.5009137988090515,
        "val_loss": 0.08487319201231003,
        "val_mae": 0.23034384846687317,
        "val_r2_score": 0.9615150690078735,
        "val_root_mean_squared_error": 0.2913300395011902,
        "train_time": 8.969482660293579
    }
}