{
    "parameters": {
        "num_layers": 1,
        "num_neurons": 16,
        "num_epochs": 100,
        "learning_rate": 0.001,
        "use_batch_norm": true,
        "use_dropout": true,
        "batch_size": 128
    },
    "results": {
        "loss": 0.24196675419807434,
        "mae": 0.3774222731590271,
        "root_mean_squared_error": 0.491901159286499,
        "val_loss": 0.09381870180368423,
        "val_mae": 0.24638889729976654,
        "val_root_mean_squared_error": 0.3062983751296997,
        "train_time": 7.331754922866821
    }
}