{
    "parameters": {
        "mf_type": "Generalized Bell",
        "num_mfs": 4,
        "learning_rate": 0.0001,
        "batch_size": 128,
        "num_epochs": 100
    },
    "results": {
        "loss": 15.141789436340332,
        "mae": 3.7393343448638916,
        "root_mean_squared_error": 3.891245126724243,
        "val_loss": 14.896122932434082,
        "val_mae": 3.710428237915039,
        "val_root_mean_squared_error": 3.8595495223999023,
        "train_time": 35.61686873435974
    }
}