{
    "parameters": {
        "num_layers": 2,
        "num_neurons": 16,
        "num_epochs": 100,
        "learning_rate": 0.0001,
        "use_batch_norm": true,
        "use_dropout": true,
        "batch_size": 128
    },
    "results": {
        "loss": 1.0622016191482544,
        "mae": 0.7894030809402466,
        "r2_score": 0.5653863549232483,
        "root_mean_squared_error": 1.0306316614151,
        "val_loss": 0.12389422953128815,
        "val_mae": 0.27730995416641235,
        "val_r2_score": 0.9507712125778198,
        "val_root_mean_squared_error": 0.3519861102104187,
        "train_time": 7.447511911392212
    }
}