{
    "parameters": {
        "num_layers": 2,
        "num_neurons": 16,
        "num_epochs": 100,
        "learning_rate": 0.0001,
        "use_batch_norm": true,
        "use_dropout": true,
        "batch_size": 128
    },
    "results": {
        "loss": 0.6135770082473755,
        "mae": 0.6050827503204346,
        "r2_score": 0.7202277183532715,
        "root_mean_squared_error": 0.7833115458488464,
        "val_loss": 0.0763740986585617,
        "val_mae": 0.21409529447555542,
        "val_r2_score": 0.965368926525116,
        "val_root_mean_squared_error": 0.27635863423347473,
        "train_time": 10.246282577514648
    }
}