{
    "parameters": {
        "num_layers": 2,
        "num_neurons": 16,
        "num_epochs": 100,
        "learning_rate": 0.0001,
        "use_batch_norm": true,
        "use_dropout": true,
        "batch_size": 128
    },
    "results": {
        "loss": 0.6243953108787537,
        "mae": 0.6156032085418701,
        "r2_score": 0.7168862223625183,
        "root_mean_squared_error": 0.790186882019043,
        "val_loss": 0.07075449824333191,
        "val_mae": 0.20809294283390045,
        "val_r2_score": 0.9688050746917725,
        "val_root_mean_squared_error": 0.26599717140197754,
        "train_time": 9.51601791381836
    }
}