{
    "parameters": {
        "num_layers": 2,
        "num_neurons": 16,
        "num_epochs": 500,
        "learning_rate": 0.0005,
        "use_batch_norm": true,
        "use_dropout": true,
        "batch_size": 32
    },
    "results": {
        "loss": 0.23475110530853271,
        "mae": 0.3709547519683838,
        "root_mean_squared_error": 0.48451119661331177,
        "val_loss": 0.0742608830332756,
        "val_mae": 0.20411114394664764,
        "val_root_mean_squared_error": 0.27250850200653076,
        "train_time": 105.05533742904663
    }
}