{
    "parameters": {
        "num_layers": 2,
        "num_neurons": 16,
        "num_epochs": 500,
        "learning_rate": 0.0005,
        "use_batch_norm": true,
        "use_dropout": true,
        "batch_size": 32
    },
    "results": {
        "loss": 0.22064658999443054,
        "mae": 0.3626345694065094,
        "r2_score": 0.8993919491767883,
        "root_mean_squared_error": 0.46973034739494324,
        "val_loss": 0.05431388318538666,
        "val_mae": 0.17841516435146332,
        "val_r2_score": 0.9753718972206116,
        "val_root_mean_squared_error": 0.23305338621139526,
        "train_time": 117.85964846611023
    }
}