{
    "parameters": {
        "num_layers": 1,
        "num_neurons": 64,
        "num_epochs": 100,
        "learning_rate": 0.0005,
        "use_batch_norm": true,
        "use_dropout": true,
        "batch_size": 32
    },
    "results": {
        "loss": 0.16967076063156128,
        "mae": 0.325347363948822,
        "r2_score": 0.9230679869651794,
        "root_mean_squared_error": 0.41191110014915466,
        "val_loss": 0.04110029712319374,
        "val_mae": 0.16010276973247528,
        "val_r2_score": 0.9818792939186096,
        "val_root_mean_squared_error": 0.20273208618164062,
        "train_time": 18.864148378372192
    }
}