{
    "parameters": {
        "num_layers": 1,
        "num_neurons": 64,
        "num_epochs": 100,
        "learning_rate": 0.0005,
        "use_batch_norm": true,
        "use_dropout": true,
        "batch_size": 32
    },
    "results": {
        "loss": 0.2248663604259491,
        "mae": 0.3751756250858307,
        "r2_score": 0.9079930782318115,
        "root_mean_squared_error": 0.4742007553577423,
        "val_loss": 0.07906162738800049,
        "val_mae": 0.22451885044574738,
        "val_r2_score": 0.9685853123664856,
        "val_root_mean_squared_error": 0.2811789810657501,
        "train_time": 13.840597152709961
    }
}