{
    "parameters": {
        "num_layers": 1,
        "num_neurons": 64,
        "num_epochs": 100,
        "learning_rate": 0.0005,
        "use_batch_norm": true,
        "use_dropout": true,
        "batch_size": 32
    },
    "results": {
        "loss": 0.19155266880989075,
        "mae": 0.34474506974220276,
        "r2_score": 0.9126580953598022,
        "root_mean_squared_error": 0.4376673102378845,
        "val_loss": 0.06947461515665054,
        "val_mae": 0.2140769511461258,
        "val_r2_score": 0.9684973955154419,
        "val_root_mean_squared_error": 0.2635803818702698,
        "train_time": 21.285477876663208
    }
}