{
    "parameters": {
        "num_layers": 2,
        "num_neurons": 16,
        "num_epochs": 250,
        "learning_rate": 0.0001,
        "use_batch_norm": true,
        "use_dropout": true,
        "batch_size": 64
    },
    "results": {
        "loss": 0.3372572958469391,
        "mae": 0.4448258578777313,
        "r2_score": 0.8462200164794922,
        "root_mean_squared_error": 0.5807386040687561,
        "val_loss": 0.12805485725402832,
        "val_mae": 0.26333513855934143,
        "val_r2_score": 0.9419347047805786,
        "val_root_mean_squared_error": 0.35784754157066345,
        "train_time": 38.89575123786926
    }
}