{
    "parameters": {
        "num_layers": 2,
        "num_neurons": 16,
        "num_epochs": 250,
        "learning_rate": 0.0001,
        "use_batch_norm": true,
        "use_dropout": true,
        "batch_size": 64
    },
    "results": {
        "loss": 0.42983201146125793,
        "mae": 0.5076909065246582,
        "r2_score": 0.8241276741027832,
        "root_mean_squared_error": 0.6556157469749451,
        "val_loss": 0.09913825988769531,
        "val_mae": 0.24245746433734894,
        "val_r2_score": 0.9606080055236816,
        "val_root_mean_squared_error": 0.31486228108406067,
        "train_time": 23.670166015625
    }
}