{
    "parameters": {
        "num_layers": 2,
        "num_neurons": 16,
        "num_epochs": 250,
        "learning_rate": 0.0001,
        "use_batch_norm": true,
        "use_dropout": true,
        "batch_size": 64
    },
    "results": {
        "loss": 0.3146597445011139,
        "mae": 0.4275261163711548,
        "r2_score": 0.8573275804519653,
        "root_mean_squared_error": 0.5609453916549683,
        "val_loss": 0.06197459250688553,
        "val_mae": 0.20037245750427246,
        "val_r2_score": 0.9726760387420654,
        "val_root_mean_squared_error": 0.24894696474075317,
        "train_time": 60.28852367401123
    }
}