{
    "parameters": {
        "num_layers": 1,
        "num_neurons": 32,
        "num_epochs": 250,
        "learning_rate": 0.0005,
        "use_batch_norm": true,
        "use_dropout": true,
        "batch_size": 128
    },
    "results": {
        "loss": 0.20635709166526794,
        "mae": 0.3527068793773651,
        "r2_score": 0.915566086769104,
        "root_mean_squared_error": 0.45426544547080994,
        "val_loss": 0.08690281212329865,
        "val_mae": 0.23986583948135376,
        "val_r2_score": 0.9654695987701416,
        "val_root_mean_squared_error": 0.2947928309440613,
        "train_time": 15.898677349090576
    }
}