{
    "parameters": {
        "num_layers": 1,
        "num_neurons": 32,
        "num_epochs": 250,
        "learning_rate": 0.0005,
        "use_batch_norm": true,
        "use_dropout": true,
        "batch_size": 128
    },
    "results": {
        "loss": 0.14885295927524567,
        "mae": 0.3001505434513092,
        "r2_score": 0.9325071573257446,
        "root_mean_squared_error": 0.3858146667480469,
        "val_loss": 0.057514529675245285,
        "val_mae": 0.19297201931476593,
        "val_r2_score": 0.9746424555778503,
        "val_root_mean_squared_error": 0.23982186615467072,
        "train_time": 18.748225688934326
    }
}