{
    "parameters": {
        "num_layers": 1,
        "num_neurons": 32,
        "num_epochs": 250,
        "learning_rate": 0.0005,
        "use_batch_norm": true,
        "use_dropout": true,
        "batch_size": 128
    },
    "results": {
        "loss": 0.1721991002559662,
        "mae": 0.3217792212963104,
        "r2_score": 0.9214823842048645,
        "root_mean_squared_error": 0.4149687886238098,
        "val_loss": 0.05930975452065468,
        "val_mae": 0.19347459077835083,
        "val_r2_score": 0.9731065630912781,
        "val_root_mean_squared_error": 0.24353593587875366,
        "train_time": 20.924309015274048
    }
}