{
    "parameters": {
        "num_layers": 1,
        "num_neurons": 32,
        "num_epochs": 100,
        "learning_rate": 0.0001,
        "use_batch_norm": true,
        "use_dropout": true,
        "batch_size": 128
    },
    "results": {
        "loss": 0.4262872338294983,
        "mae": 0.5075276494026184,
        "r2_score": 0.8067121505737305,
        "root_mean_squared_error": 0.6529067754745483,
        "val_loss": 0.05769427865743637,
        "val_mae": 0.193858802318573,
        "val_r2_score": 0.9745631814002991,
        "val_root_mean_squared_error": 0.2401963323354721,
        "train_time": 7.813518285751343
    }
}