{
    "parameters": {
        "num_layers": 1,
        "num_neurons": 32,
        "num_epochs": 100,
        "learning_rate": 0.0001,
        "use_batch_norm": true,
        "use_dropout": true,
        "batch_size": 128
    },
    "results": {
        "loss": 0.7718459367752075,
        "mae": 0.682047963142395,
        "r2_score": 0.6841894388198853,
        "root_mean_squared_error": 0.8785476088523865,
        "val_loss": 0.08606504648923874,
        "val_mae": 0.23867499828338623,
        "val_r2_score": 0.9658024907112122,
        "val_root_mean_squared_error": 0.29336845874786377,
        "train_time": 6.7145726680755615
    }
}