{
    "parameters": {
        "num_layers": 2,
        "num_neurons": 64,
        "num_epochs": 250,
        "learning_rate": 0.001,
        "use_batch_norm": true,
        "use_dropout": true,
        "batch_size": 64
    },
    "results": {
        "loss": 0.11065682023763657,
        "mae": 0.2569200396537781,
        "root_mean_squared_error": 0.33265119791030884,
        "val_loss": 0.02551686391234398,
        "val_mae": 0.12120423465967178,
        "val_root_mean_squared_error": 0.15973998606204987,
        "train_time": 35.445777893066406
    }
}