{
    "parameters": {
        "num_layers": 4,
        "num_neurons": 112,
        "num_epochs": 500,
        "learning_rate": 0.001,
        "use_batch_norm": true,
        "use_dropout": true,
        "batch_size": 160
    },
    "results": {
        "loss": 0.047364242374897,
        "mae": 0.16616833209991455,
        "r2_score": 0.9781911969184875,
        "root_mean_squared_error": 0.21763327717781067,
        "val_loss": 0.008380075916647911,
        "val_mae": 0.06935790926218033,
        "val_r2_score": 0.9962605834007263,
        "val_root_mean_squared_error": 0.09154275804758072,
        "train_time": 66.51815009117126
    }
}