{
    "parameters": {
        "num_layers": 4,
        "num_neurons": 112,
        "num_epochs": 500,
        "learning_rate": 0.001,
        "use_batch_norm": true,
        "use_dropout": true,
        "batch_size": 160
    },
    "results": {
        "loss": 0.07271932810544968,
        "mae": 0.2099970281124115,
        "r2_score": 0.9702772498130798,
        "root_mean_squared_error": 0.2696652114391327,
        "val_loss": 0.00789229478687048,
        "val_mae": 0.06695791333913803,
        "val_r2_score": 0.996756911277771,
        "val_root_mean_squared_error": 0.08883858472108841,
        "train_time": 47.08297514915466
    }
}