{
    "parameters": {
        "num_layers": 2,
        "num_neurons": 16,
        "num_epochs": 100,
        "learning_rate": 0.001,
        "use_batch_norm": true,
        "use_dropout": true,
        "batch_size": 32
    },
    "results": {
        "loss": 0.2683643698692322,
        "mae": 0.4019879698753357,
        "r2_score": 0.8901948928833008,
        "root_mean_squared_error": 0.5180389881134033,
        "val_loss": 0.08957576006650925,
        "val_mae": 0.23860983550548553,
        "val_r2_score": 0.9644075632095337,
        "val_root_mean_squared_error": 0.29929208755493164,
        "train_time": 15.777296781539917
    }
}