{
    "parameters": {
        "num_layers": 2,
        "num_neurons": 16,
        "num_epochs": 100,
        "learning_rate": 0.001,
        "use_batch_norm": true,
        "use_dropout": true,
        "batch_size": 32
    },
    "results": {
        "loss": 0.21675525605678558,
        "mae": 0.36071911454200745,
        "r2_score": 0.9017199277877808,
        "root_mean_squared_error": 0.4655698239803314,
        "val_loss": 0.048335835337638855,
        "val_mae": 0.1772334724664688,
        "val_r2_score": 0.9786891937255859,
        "val_root_mean_squared_error": 0.21985411643981934,
        "train_time": 22.99089241027832
    }
}