{
    "parameters": {
        "mf_type": "Gaussian",
        "num_mfs": 4,
        "learning_rate": 0.001,
        "batch_size": 64,
        "num_epochs": 500
    },
    "results": {
        "loss": 0.09741082042455673,
        "mae": 0.2526780664920807,
        "r2_score": 0.9602406620979309,
        "root_mean_squared_error": 0.31210705637931824,
        "val_loss": 0.09333650022745132,
        "val_mae": 0.2454032003879547,
        "val_r2_score": 0.9621935486793518,
        "val_root_mean_squared_error": 0.3055102229118347,
        "train_time": 172.6487205028534
    }
}