{
    "parameters": {
        "mf_type": "Generalized Bell",
        "num_mfs": 2,
        "learning_rate": 0.0001,
        "batch_size": 32,
        "num_epochs": 500
    },
    "results": {
        "loss": 0.10169792175292969,
        "mae": 0.25674962997436523,
        "root_mean_squared_error": 0.3189011216163635,
        "val_loss": 0.09809567779302597,
        "val_mae": 0.2490752637386322,
        "val_root_mean_squared_error": 0.31320229172706604,
        "train_time": 80.43083548545837
    }
}