{
    "parameters": {
        "mf_type": "Smoothed Triangular",
        "num_mfs": 4,
        "learning_rate": 0.0001,
        "batch_size": 32,
        "num_epochs": 100
    },
    "results": {
        "loss": 13.378801345825195,
        "mae": 2.8849403858184814,
        "root_mean_squared_error": 3.6577043533325195,
        "val_loss": 12.743446350097656,
        "val_mae": 2.786714792251587,
        "val_root_mean_squared_error": 3.569796323776245,
        "train_time": 49.78011989593506
    }
}