{
    "parameters": {
        "num_layers": 2,
        "num_neurons": 16,
        "num_epochs": 500,
        "learning_rate": 0.0001,
        "use_batch_norm": true,
        "use_dropout": true,
        "batch_size": 32
    },
    "results": {
        "loss": 0.2611983120441437,
        "mae": 0.3931620717048645,
        "root_mean_squared_error": 0.5110756158828735,
        "val_loss": 0.11677221953868866,
        "val_mae": 0.25644615292549133,
        "val_root_mean_squared_error": 0.34171950817108154,
        "train_time": 96.48218083381653
    }
}