{
    "parameters": {
        "num_layers": 2,
        "num_neurons": 16,
        "num_epochs": 500,
        "learning_rate": 0.0001,
        "use_batch_norm": true,
        "use_dropout": true,
        "batch_size": 32
    },
    "results": {
        "loss": 0.26875895261764526,
        "mae": 0.3982154130935669,
        "r2_score": 0.8774544596672058,
        "root_mean_squared_error": 0.5184196829795837,
        "val_loss": 0.06559257954359055,
        "val_mae": 0.19642069935798645,
        "val_r2_score": 0.9702576398849487,
        "val_root_mean_squared_error": 0.2561104893684387,
        "train_time": 117.89907741546631
    }
}