{
    "parameters": {
        "mf_type": "Gaussian",
        "num_mfs": 5,
        "learning_rate": 0.001,
        "batch_size": 64,
        "num_epochs": 250
    },
    "results": {
        "loss": 0.09607430547475815,
        "mae": 0.25062888860702515,
        "root_mean_squared_error": 0.3099585473537445,
        "val_loss": 0.09376633912324905,
        "val_mae": 0.2446756511926651,
        "val_root_mean_squared_error": 0.3062129020690918,
        "train_time": 210.02027344703674
    }
}