{
    "parameters": {
        "mf_type": "Gaussian",
        "num_mfs": 3,
        "learning_rate": 0.001,
        "batch_size": 64,
        "num_epochs": 250
    },
    "results": {
        "loss": 0.09984010457992554,
        "mae": 0.255611389875412,
        "r2_score": 0.9592491388320923,
        "root_mean_squared_error": 0.3159748613834381,
        "val_loss": 0.09679734706878662,
        "val_mae": 0.248104527592659,
        "val_r2_score": 0.9607917070388794,
        "val_root_mean_squared_error": 0.31112271547317505,
        "train_time": 38.69315695762634
    }
}