{
    "parameters": {
        "mf_type": "Generalized Bell",
        "num_mfs": 3,
        "learning_rate": 0.0001,
        "batch_size": 128,
        "num_epochs": 250
    },
    "results": {
        "loss": 6.636107444763184,
        "mae": 2.552720546722412,
        "r2_score": -1.7085978984832764,
        "root_mean_squared_error": 2.576064348220825,
        "val_loss": 6.574419975280762,
        "val_mae": 2.541435956954956,
        "val_r2_score": -1.6630055904388428,
        "val_root_mean_squared_error": 2.56406307220459,
        "train_time": 31.249991416931152
    }
}