{
    "parameters": {
        "num_layers": 2,
        "num_neurons": 64,
        "num_epochs": 500,
        "learning_rate": 0.0005,
        "use_batch_norm": true,
        "use_dropout": true,
        "batch_size": 64
    },
    "results": {
        "loss": 0.0959836021065712,
        "mae": 0.24145017564296722,
        "r2_score": 0.9564790725708008,
        "root_mean_squared_error": 0.3098122179508209,
        "val_loss": 0.011546905152499676,
        "val_mae": 0.07958769798278809,
        "val_r2_score": 0.9949091076850891,
        "val_root_mean_squared_error": 0.10745652765035629,
        "train_time": 71.44655561447144
    }
}