{
    "parameters": {
        "num_layers": 2,
        "num_neurons": 64,
        "num_epochs": 500,
        "learning_rate": 0.0005,
        "use_batch_norm": true,
        "use_dropout": true,
        "batch_size": 64
    },
    "results": {
        "loss": 0.12734264135360718,
        "mae": 0.2803526818752289,
        "r2_score": 0.9478960037231445,
        "root_mean_squared_error": 0.3568510115146637,
        "val_loss": 0.023077821359038353,
        "val_mae": 0.11604660004377365,
        "val_r2_score": 0.9908301830291748,
        "val_root_mean_squared_error": 0.1519138664007187,
        "train_time": 50.16421413421631
    }
}