{
    "parameters": {
        "num_layers": 2,
        "num_neurons": 64,
        "num_epochs": 250,
        "learning_rate": 0.0001,
        "use_batch_norm": true,
        "use_dropout": true,
        "batch_size": 64
    },
    "results": {
        "loss": 0.19619998335838318,
        "mae": 0.34669581055641174,
        "r2_score": 0.9197227358818054,
        "root_mean_squared_error": 0.4429446756839752,
        "val_loss": 0.044511828571558,
        "val_mae": 0.16697505116462708,
        "val_r2_score": 0.9823134541511536,
        "val_root_mean_squared_error": 0.21097826957702637,
        "train_time": 25.21341371536255
    }
}