{
    "parameters": {
        "num_layers": 2,
        "num_neurons": 64,
        "num_epochs": 250,
        "learning_rate": 0.0001,
        "use_batch_norm": true,
        "use_dropout": true,
        "batch_size": 64
    },
    "results": {
        "loss": 0.14381536841392517,
        "mae": 0.294949471950531,
        "r2_score": 0.9347913265228271,
        "root_mean_squared_error": 0.37922996282577515,
        "val_loss": 0.02161628007888794,
        "val_mae": 0.11371000111103058,
        "val_r2_score": 0.9904696345329285,
        "val_root_mean_squared_error": 0.14702476561069489,
        "train_time": 35.24779486656189
    }
}