{
    "parameters": {
        "num_layers": 2,
        "num_neurons": 64,
        "num_epochs": 250,
        "learning_rate": 0.0001,
        "use_batch_norm": true,
        "use_dropout": true,
        "batch_size": 64
    },
    "results": {
        "loss": 0.16362132132053375,
        "mae": 0.3160540759563446,
        "r2_score": 0.9253937005996704,
        "root_mean_squared_error": 0.4045013189315796,
        "val_loss": 0.03479229286313057,
        "val_mae": 0.14260846376419067,
        "val_r2_score": 0.9842237234115601,
        "val_root_mean_squared_error": 0.18652692437171936,
        "train_time": 39.53301525115967
    }
}