{
    "parameters": {
        "mf_type": "Gaussian",
        "num_mfs": 3,
        "learning_rate": 0.0005,
        "batch_size": 64,
        "num_epochs": 100
    },
    "results": {
        "loss": 0.10172639042139053,
        "mae": 0.25797152519226074,
        "root_mean_squared_error": 0.3189457356929779,
        "val_loss": 0.09787431359291077,
        "val_mae": 0.2495678812265396,
        "val_root_mean_squared_error": 0.3128487169742584,
        "train_time": 16.144786834716797
    }
}