{
    "parameters": {
        "mf_type": "Generalized Bell",
        "num_mfs": 4,
        "learning_rate": 0.0001,
        "batch_size": 128,
        "num_epochs": 500
    },
    "results": {
        "loss": 0.65360027551651,
        "mae": 0.7368718385696411,
        "r2_score": 0.7332254648208618,
        "root_mean_squared_error": 0.8084554672241211,
        "val_loss": 0.6285747289657593,
        "val_mae": 0.7261578440666199,
        "val_r2_score": 0.7453923225402832,
        "val_root_mean_squared_error": 0.7928270697593689,
        "train_time": 287.99510526657104
    }
}