{
    "parameters": {
        "num_layers": 1,
        "num_neurons": 16,
        "num_epochs": 250,
        "learning_rate": 0.0001,
        "use_batch_norm": true,
        "use_dropout": true,
        "batch_size": 128
    },
    "results": {
        "loss": 0.38747066259384155,
        "mae": 0.477935254573822,
        "r2_score": 0.8233243227005005,
        "root_mean_squared_error": 0.6224713921546936,
        "val_loss": 0.130933940410614,
        "val_mae": 0.2712182104587555,
        "val_r2_score": 0.940629243850708,
        "val_root_mean_squared_error": 0.36184796690940857,
        "train_time": 20.42775583267212
    }
}