{
    "parameters": {
        "num_layers": 1,
        "num_neurons": 16,
        "num_epochs": 250,
        "learning_rate": 0.0001,
        "use_batch_norm": true,
        "use_dropout": true,
        "batch_size": 128
    },
    "results": {
        "loss": 0.3793087303638458,
        "mae": 0.47167733311653137,
        "root_mean_squared_error": 0.6158804297447205,
        "val_loss": 0.09461897611618042,
        "val_mae": 0.24955755472183228,
        "val_root_mean_squared_error": 0.3076019883155823,
        "train_time": 17.266812562942505
    }
}