{
    "parameters": {
        "num_layers": 2,
        "num_neurons": 96,
        "num_epochs": 500,
        "learning_rate": 0.001,
        "use_batch_norm": true,
        "use_dropout": true,
        "batch_size": 192
    },
    "results": {
        "loss": 0.07444458454847336,
        "mae": 0.2123717963695526,
        "r2_score": 0.9695719480514526,
        "root_mean_squared_error": 0.2728453576564789,
        "val_loss": 0.016045939177274704,
        "val_mae": 0.09498494863510132,
        "val_r2_score": 0.9934064149856567,
        "val_root_mean_squared_error": 0.12667256593704224,
        "train_time": 33.9003701210022
    }
}