{
    "parameters": {
        "num_layers": 2,
        "num_neurons": 96,
        "num_epochs": 500,
        "learning_rate": 0.001,
        "use_batch_norm": true,
        "use_dropout": true,
        "batch_size": 192
    },
    "results": {
        "loss": 0.0620572566986084,
        "mae": 0.19326427578926086,
        "r2_score": 0.9717280864715576,
        "root_mean_squared_error": 0.24911293387413025,
        "val_loss": 0.013657904230058193,
        "val_mae": 0.08718980848789215,
        "val_r2_score": 0.9936297535896301,
        "val_root_mean_squared_error": 0.11686703562736511,
        "train_time": 42.86537051200867
    }
}