{
    "parameters": {
        "num_layers": 2,
        "num_neurons": 96,
        "num_epochs": 500,
        "learning_rate": 0.001,
        "use_batch_norm": true,
        "use_dropout": true,
        "batch_size": 192
    },
    "results": {
        "loss": 0.05028277263045311,
        "mae": 0.1730673611164093,
        "r2_score": 0.9768474102020264,
        "root_mean_squared_error": 0.22423820197582245,
        "val_loss": 0.010611947625875473,
        "val_mae": 0.07110302895307541,
        "val_r2_score": 0.9952647089958191,
        "val_root_mean_squared_error": 0.10301430523395538,
        "train_time": 42.24944758415222
    }
}