{
    "parameters": {
        "mf_type": "Gaussian",
        "num_mfs": 3,
        "learning_rate": 0.001,
        "batch_size": 128,
        "num_epochs": 250
    },
    "results": {
        "loss": 0.1004379466176033,
        "mae": 0.2564355134963989,
        "r2_score": 0.9590051174163818,
        "root_mean_squared_error": 0.3169194757938385,
        "val_loss": 0.09773890674114227,
        "val_mae": 0.24894589185714722,
        "val_r2_score": 0.9604102969169617,
        "val_root_mean_squared_error": 0.3126322329044342,
        "train_time": 30.060165882110596
    }
}