{
    "parameters": {
        "mf_type": "Generalized Bell",
        "num_mfs": 4,
        "learning_rate": 0.0001,
        "batch_size": 32,
        "num_epochs": 250
    },
    "results": {
        "loss": 0.09722277522087097,
        "mae": 0.2514726221561432,
        "r2_score": 0.9603174328804016,
        "root_mean_squared_error": 0.3118056654930115,
        "val_loss": 0.0935884639620781,
        "val_mae": 0.2437724620103836,
        "val_r2_score": 0.9620915055274963,
        "val_root_mean_squared_error": 0.30592232942581177,
        "train_time": 108.41977977752686
    }
}