{
    "parameters": {
        "num_layers": 2,
        "num_neurons": 16,
        "num_epochs": 500,
        "learning_rate": 0.0005,
        "use_batch_norm": true,
        "use_dropout": true,
        "batch_size": 128
    },
    "results": {
        "loss": 0.19962956011295319,
        "mae": 0.3491712808609009,
        "r2_score": 0.9183191061019897,
        "root_mean_squared_error": 0.44679924845695496,
        "val_loss": 0.08632597327232361,
        "val_mae": 0.24278128147125244,
        "val_r2_score": 0.965698778629303,
        "val_root_mean_squared_error": 0.2938128113746643,
        "train_time": 33.37308716773987
    }
}