{
    "parameters": {
        "num_layers": 2,
        "num_neurons": 16,
        "num_epochs": 500,
        "learning_rate": 0.0005,
        "use_batch_norm": true,
        "use_dropout": true,
        "batch_size": 128
    },
    "results": {
        "loss": 0.1525372564792633,
        "mae": 0.29922738671302795,
        "r2_score": 0.9308366775512695,
        "root_mean_squared_error": 0.39056017994880676,
        "val_loss": 0.05507088080048561,
        "val_mae": 0.18767212331295013,
        "val_r2_score": 0.9757198095321655,
        "val_root_mean_squared_error": 0.23467186093330383,
        "train_time": 42.79840564727783
    }
}