{
    "parameters": {
        "mf_type": "Gaussian",
        "num_mfs": 2,
        "learning_rate": 0.0005,
        "batch_size": 64,
        "num_epochs": 250
    },
    "results": {
        "loss": 0.10247612744569778,
        "mae": 0.25931113958358765,
        "root_mean_squared_error": 0.3201189339160919,
        "val_loss": 0.09934251010417938,
        "val_mae": 0.2531287670135498,
        "val_root_mean_squared_error": 0.315186470746994,
        "train_time": 23.54995822906494
    }
}