{
    "parameters": {
        "mf_type": "Smoothed Triangular",
        "num_mfs": 5,
        "learning_rate": 0.0005,
        "batch_size": 32,
        "num_epochs": 250
    },
    "results": {
        "loss": 20.558298110961914,
        "mae": 4.255387306213379,
        "r2_score": -7.391088485717773,
        "root_mean_squared_error": 4.534125804901123,
        "val_loss": 20.729372024536133,
        "val_mae": 4.273242950439453,
        "val_r2_score": -7.3965349197387695,
        "val_root_mean_squared_error": 4.552951812744141,
        "train_time": 209.39859127998352
    }
}