{
    "parameters": {
        "mf_type": "Smoothed Triangular",
        "num_mfs": 3,
        "learning_rate": 0.001,
        "batch_size": 32,
        "num_epochs": 100
    },
    "results": {
        "loss": 4.624391078948975,
        "mae": 2.108133554458618,
        "root_mean_squared_error": 2.150439739227295,
        "val_loss": 4.449369430541992,
        "val_mae": 2.0707027912139893,
        "val_root_mean_squared_error": 2.1093528270721436,
        "train_time": 28.77946376800537
    }
}