{
    "parameters": {
        "mf_type": "Smoothed Triangular",
        "num_mfs": 5,
        "learning_rate": 0.0005,
        "batch_size": 128,
        "num_epochs": 500
    },
    "results": {
        "loss": 0.10331863164901733,
        "mae": 0.2602534592151642,
        "root_mean_squared_error": 0.3214321434497833,
        "val_loss": 0.10069979727268219,
        "val_mae": 0.2546030879020691,
        "val_root_mean_squared_error": 0.31733232736587524,
        "train_time": 389.5382306575775
    }
}