{
    "parameters": {
        "num_layers": 1,
        "num_neurons": 16,
        "num_epochs": 250,
        "learning_rate": 0.001,
        "use_batch_norm": true,
        "use_dropout": true,
        "batch_size": 64
    },
    "results": {
        "loss": 0.1783873736858368,
        "mae": 0.3225474953651428,
        "r2_score": 0.918660581111908,
        "root_mean_squared_error": 0.42235928773880005,
        "val_loss": 0.08276362717151642,
        "val_mae": 0.2233876883983612,
        "val_r2_score": 0.962471604347229,
        "val_root_mean_squared_error": 0.28768667578697205,
        "train_time": 31.627320289611816
    }
}