{
    "parameters": {
        "num_layers": 1,
        "num_neurons": 16,
        "num_epochs": 250,
        "learning_rate": 0.001,
        "use_batch_norm": true,
        "use_dropout": true,
        "batch_size": 64
    },
    "results": {
        "loss": 0.19281330704689026,
        "mae": 0.3454861044883728,
        "r2_score": 0.9211077690124512,
        "root_mean_squared_error": 0.4391051232814789,
        "val_loss": 0.10503694415092468,
        "val_mae": 0.26142430305480957,
        "val_r2_score": 0.958264172077179,
        "val_root_mean_squared_error": 0.3240940272808075,
        "train_time": 21.0858097076416
    }
}