{
    "parameters": {
        "num_layers": 1,
        "num_neurons": 16,
        "num_epochs": 250,
        "learning_rate": 0.001,
        "use_batch_norm": true,
        "use_dropout": true,
        "batch_size": 64
    },
    "results": {
        "loss": 0.1710537075996399,
        "mae": 0.3187551498413086,
        "r2_score": 0.9224408268928528,
        "root_mean_squared_error": 0.41358640789985657,
        "val_loss": 0.06815250217914581,
        "val_mae": 0.2066808044910431,
        "val_r2_score": 0.9699522852897644,
        "val_root_mean_squared_error": 0.26106032729148865,
        "train_time": 28.085946798324585
    }
}