{
    "parameters": {
        "mf_type": "Gaussian",
        "num_mfs": 5,
        "learning_rate": 0.0005,
        "batch_size": 128,
        "num_epochs": 100
    },
    "results": {
        "loss": 1.8546968698501587,
        "mae": 1.3199719190597534,
        "root_mean_squared_error": 1.3618725538253784,
        "val_loss": 1.7810698747634888,
        "val_mae": 1.292678952217102,
        "val_root_mean_squared_error": 1.3345673084259033,
        "train_time": 75.43438386917114
    }
}