{
    "parameters": {
        "mf_type": "Smoothed Triangular",
        "num_mfs": 5,
        "learning_rate": 0.001,
        "batch_size": 64,
        "num_epochs": 100
    },
    "results": {
        "loss": 6.8334808349609375,
        "mae": 2.5327253341674805,
        "root_mean_squared_error": 2.6140928268432617,
        "val_loss": 6.57107400894165,
        "val_mae": 2.489281177520752,
        "val_root_mean_squared_error": 2.563410520553589,
        "train_time": 94.16828227043152
    }
}