{
    "parameters": {
        "num_layers": 1,
        "num_neurons": 16,
        "num_epochs": 10,
        "learning_rate": 0.001,
        "use_batch_norm": true,
        "use_dropout": true,
        "batch_size": 32
    },
    "results": {
        "loss": 0.5043541193008423,
        "mae": 0.5502356886863708,
        "root_mean_squared_error": 0.7101789116859436,
        "val_loss": 0.10014540702104568,
        "val_mae": 0.24766641855239868,
        "val_root_mean_squared_error": 0.316457599401474,
        "train_time": 2.317378044128418
    }
}