{
    "parameters": {
        "num_layers": 2,
        "num_neurons": 32,
        "num_epochs": 250,
        "learning_rate": 0.001,
        "use_batch_norm": true,
        "use_dropout": true,
        "batch_size": 128
    },
    "results": {
        "loss": 0.12203728407621384,
        "mae": 0.26654234528541565,
        "root_mean_squared_error": 0.3493383526802063,
        "val_loss": 0.038518574088811874,
        "val_mae": 0.1549065113067627,
        "val_root_mean_squared_error": 0.19626149535179138,
        "train_time": 20.982152700424194
    }
}