{
    "parameters": {
        "mf_type": "Generalized Bell",
        "num_mfs": 5,
        "learning_rate": 0.0001,
        "batch_size": 128,
        "num_epochs": 100
    },
    "results": {
        "loss": 12.89967155456543,
        "mae": 3.4852404594421387,
        "root_mean_squared_error": 3.591611385345459,
        "val_loss": 12.785266876220703,
        "val_mae": 3.4685518741607666,
        "val_root_mean_squared_error": 3.5756492614746094,
        "train_time": 82.11700177192688
    }
}