{
    "parameters": {
        "num_layers": 1,
        "num_neurons": 64,
        "num_epochs": 100,
        "learning_rate": 0.0005,
        "use_batch_norm": true,
        "use_dropout": true,
        "batch_size": 64
    },
    "results": {
        "loss": 0.19474400579929352,
        "mae": 0.3463863432407379,
        "r2_score": 0.9203182458877563,
        "root_mean_squared_error": 0.44129809737205505,
        "val_loss": 0.0762799084186554,
        "val_mae": 0.22102071344852448,
        "val_r2_score": 0.9696906208992004,
        "val_root_mean_squared_error": 0.2761881649494171,
        "train_time": 8.778269529342651
    }
}