{
    "parameters": {
        "num_layers": 1,
        "num_neurons": 64,
        "num_epochs": 100,
        "learning_rate": 0.0005,
        "use_batch_norm": true,
        "use_dropout": true,
        "batch_size": 64
    },
    "results": {
        "loss": 0.14157548546791077,
        "mae": 0.29505154490470886,
        "r2_score": 0.9358068704605103,
        "root_mean_squared_error": 0.37626516819000244,
        "val_loss": 0.03991265222430229,
        "val_mae": 0.16031818091869354,
        "val_r2_score": 0.9824029207229614,
        "val_root_mean_squared_error": 0.19978150725364685,
        "train_time": 12.177040338516235
    }
}