{
    "parameters": {
        "num_layers": 1,
        "num_neurons": 64,
        "num_epochs": 100,
        "learning_rate": 0.0001,
        "use_batch_norm": true,
        "use_dropout": true,
        "batch_size": 128
    },
    "results": {
        "loss": 0.37792110443115234,
        "mae": 0.4761883616447449,
        "root_mean_squared_error": 0.6147528886795044,
        "val_loss": 0.10248465090990067,
        "val_mae": 0.23146691918373108,
        "val_root_mean_squared_error": 0.32013222575187683,
        "train_time": 7.688951730728149
    }
}