{
    "parameters": {
        "mf_type": "Gaussian",
        "num_mfs": 3,
        "learning_rate": 0.0001,
        "batch_size": 64,
        "num_epochs": 250
    },
    "results": {
        "loss": 1.2828254699707031,
        "mae": 1.0852525234222412,
        "root_mean_squared_error": 1.1326189041137695,
        "val_loss": 1.2400660514831543,
        "val_mae": 1.067261815071106,
        "val_root_mean_squared_error": 1.1135824918746948,
        "train_time": 36.266897439956665
    }
}