{
    "parameters": {
        "num_layers": 1,
        "num_neurons": 32,
        "num_epochs": 500,
        "learning_rate": 0.0005,
        "use_batch_norm": true,
        "use_dropout": true,
        "batch_size": 128
    },
    "results": {
        "loss": 0.1347230076789856,
        "mae": 0.2857804000377655,
        "r2_score": 0.9385704398155212,
        "root_mean_squared_error": 0.3670463263988495,
        "val_loss": 0.05848921835422516,
        "val_mae": 0.18981339037418365,
        "val_r2_score": 0.9734786152839661,
        "val_root_mean_squared_error": 0.24184544384479523,
        "train_time": 39.047818422317505
    }
}