{
    "parameters": {
        "num_layers": 1,
        "num_neurons": 32,
        "num_epochs": 500,
        "learning_rate": 0.0005,
        "use_batch_norm": true,
        "use_dropout": true,
        "batch_size": 128
    },
    "results": {
        "loss": 0.13302385807037354,
        "mae": 0.2837388813495636,
        "root_mean_squared_error": 0.36472436785697937,
        "val_loss": 0.06748233735561371,
        "val_mae": 0.20689593255519867,
        "val_root_mean_squared_error": 0.2597736418247223,
        "train_time": 34.030823945999146
    }
}