{
    "parameters": {
        "num_layers": 1,
        "num_neurons": 32,
        "num_epochs": 100,
        "learning_rate": 0.0001,
        "use_batch_norm": true,
        "use_dropout": true,
        "batch_size": 128
    },
    "results": {
        "loss": 0.4744510352611542,
        "mae": 0.527522087097168,
        "r2_score": 0.7836639881134033,
        "root_mean_squared_error": 0.6888040900230408,
        "val_loss": 0.12075270712375641,
        "val_mae": 0.2639749348163605,
        "val_r2_score": 0.9452458620071411,
        "val_root_mean_squared_error": 0.347494900226593,
        "train_time": 8.936359167098999
    }
}