{
    "parameters": {
        "mf_type": "Smoothed Triangular",
        "num_mfs": 3,
        "learning_rate": 0.0005,
        "batch_size": 128,
        "num_epochs": 100
    },
    "results": {
        "loss": 20.565494537353516,
        "mae": 4.256309509277344,
        "root_mean_squared_error": 4.534919261932373,
        "val_loss": 20.336105346679688,
        "val_mae": 4.231236457824707,
        "val_root_mean_squared_error": 4.509557247161865,
        "train_time": 14.899684190750122
    }
}