{
    "parameters": {
        "num_layers": 1,
        "num_neurons": 16,
        "num_epochs": 500,
        "learning_rate": 0.0001,
        "use_batch_norm": true,
        "use_dropout": true,
        "batch_size": 64
    },
    "results": {
        "loss": 0.22012630105018616,
        "mae": 0.3608873188495636,
        "r2_score": 0.9001900553703308,
        "root_mean_squared_error": 0.46917620301246643,
        "val_loss": 0.06820528954267502,
        "val_mae": 0.21130309998989105,
        "val_r2_score": 0.9699289798736572,
        "val_root_mean_squared_error": 0.2611614167690277,
        "train_time": 55.614150285720825
    }
}