{
    "parameters": {
        "num_layers": 1,
        "num_neurons": 16,
        "num_epochs": 500,
        "learning_rate": 0.0001,
        "use_batch_norm": true,
        "use_dropout": true,
        "batch_size": 64
    },
    "results": {
        "loss": 0.290923148393631,
        "mae": 0.4157657325267792,
        "r2_score": 0.880964457988739,
        "root_mean_squared_error": 0.5393729209899902,
        "val_loss": 0.09702958166599274,
        "val_mae": 0.25557366013526917,
        "val_r2_score": 0.9614458680152893,
        "val_root_mean_squared_error": 0.31149572134017944,
        "train_time": 41.80271673202515
    }
}