{
    "parameters": {
        "num_layers": 2,
        "num_neurons": 64,
        "num_epochs": 250,
        "learning_rate": 0.001,
        "use_batch_norm": true,
        "use_dropout": true,
        "batch_size": 32
    },
    "results": {
        "loss": 0.13151946663856506,
        "mae": 0.28604987263679504,
        "r2_score": 0.9403659105300903,
        "root_mean_squared_error": 0.3626561164855957,
        "val_loss": 0.01741410419344902,
        "val_mae": 0.09607187658548355,
        "val_r2_score": 0.9923222661018372,
        "val_root_mean_squared_error": 0.13196250796318054,
        "train_time": 55.617857933044434
    }
}