{
    "parameters": {
        "num_layers": 2,
        "num_neurons": 64,
        "num_epochs": 250,
        "learning_rate": 0.001,
        "use_batch_norm": true,
        "use_dropout": true,
        "batch_size": 32
    },
    "results": {
        "loss": 0.161308154463768,
        "mae": 0.31589940190315247,
        "r2_score": 0.9339989423751831,
        "root_mean_squared_error": 0.4016318619251251,
        "val_loss": 0.028655482456088066,
        "val_mae": 0.13011440634727478,
        "val_r2_score": 0.9886139035224915,
        "val_root_mean_squared_error": 0.1692793071269989,
        "train_time": 38.93045258522034
    }
}