{
    "parameters": {
        "num_layers": 2,
        "num_neurons": 64,
        "num_epochs": 250,
        "learning_rate": 0.001,
        "use_batch_norm": true,
        "use_dropout": true,
        "batch_size": 32
    },
    "results": {
        "loss": 0.15318332612514496,
        "mae": 0.3077859878540039,
        "r2_score": 0.9301530718803406,
        "root_mean_squared_error": 0.3913864195346832,
        "val_loss": 0.028801804408431053,
        "val_mae": 0.1279870718717575,
        "val_r2_score": 0.9869400858879089,
        "val_root_mean_squared_error": 0.1697109490633011,
        "train_time": 60.85751748085022
    }
}