{
    "parameters": {
        "mf_type": "Gaussian",
        "num_mfs": 3,
        "learning_rate": 0.0005,
        "batch_size": 128,
        "num_epochs": 100
    },
    "results": {
        "loss": 0.1588866263628006,
        "mae": 0.32863637804985046,
        "root_mean_squared_error": 0.3986058533191681,
        "val_loss": 0.14612093567848206,
        "val_mae": 0.3190142810344696,
        "val_root_mean_squared_error": 0.3822576701641083,
        "train_time": 13.283032894134521
    }
}