{
    "parameters": {
        "mf_type": "Smoothed Triangular",
        "num_mfs": 5,
        "learning_rate": 0.001,
        "batch_size": 64,
        "num_epochs": 250
    },
    "results": {
        "loss": 0.10298527032136917,
        "mae": 0.25973379611968994,
        "root_mean_squared_error": 0.3209131956100464,
        "val_loss": 0.09941311180591583,
        "val_mae": 0.2520325481891632,
        "val_root_mean_squared_error": 0.3152984380722046,
        "train_time": 215.96816158294678
    }
}