{
    "parameters": {
        "num_layers": 1,
        "num_neurons": 16,
        "num_epochs": 500,
        "learning_rate": 0.0005,
        "use_batch_norm": true,
        "use_dropout": true,
        "batch_size": 64
    },
    "results": {
        "loss": 0.16861498355865479,
        "mae": 0.31661322712898254,
        "root_mean_squared_error": 0.410627543926239,
        "val_loss": 0.08210374414920807,
        "val_mae": 0.23113462328910828,
        "val_root_mean_squared_error": 0.2865374982357025,
        "train_time": 53.91421413421631
    }
}