{
    "parameters": {
        "num_layers": 1,
        "num_neurons": 16,
        "num_epochs": 500,
        "learning_rate": 0.0005,
        "use_batch_norm": true,
        "use_dropout": true,
        "batch_size": 64
    },
    "results": {
        "loss": 0.181374192237854,
        "mae": 0.3290238380432129,
        "r2_score": 0.9172987341880798,
        "root_mean_squared_error": 0.425880491733551,
        "val_loss": 0.0833415761590004,
        "val_mae": 0.22619079053401947,
        "val_r2_score": 0.9622095227241516,
        "val_root_mean_squared_error": 0.28868940472602844,
        "train_time": 61.85136365890503
    }
}