{
    "parameters": {
        "num_layers": 1,
        "num_neurons": 32,
        "num_epochs": 100,
        "learning_rate": 0.0005,
        "use_batch_norm": true,
        "use_dropout": true,
        "batch_size": 32
    },
    "results": {
        "loss": 0.2234383076429367,
        "mae": 0.370778888463974,
        "root_mean_squared_error": 0.472692608833313,
        "val_loss": 0.0656447634100914,
        "val_mae": 0.200283020734787,
        "val_root_mean_squared_error": 0.25621235370635986,
        "train_time": 17.064363479614258
    }
}