{
    "parameters": {
        "num_layers": 2,
        "num_neurons": 32,
        "num_epochs": 500,
        "learning_rate": 0.001,
        "use_batch_norm": true,
        "use_dropout": true,
        "batch_size": 128
    },
    "results": {
        "loss": 0.10460428148508072,
        "mae": 0.24685096740722656,
        "r2_score": 0.9523035287857056,
        "root_mean_squared_error": 0.32342585921287537,
        "val_loss": 0.04252234846353531,
        "val_mae": 0.15448717772960663,
        "val_r2_score": 0.9807186722755432,
        "val_root_mean_squared_error": 0.2062094807624817,
        "train_time": 46.68990683555603
    }
}