{
    "parameters": {
        "num_layers": 2,
        "num_neurons": 32,
        "num_epochs": 500,
        "learning_rate": 0.001,
        "use_batch_norm": true,
        "use_dropout": true,
        "batch_size": 128
    },
    "results": {
        "loss": 0.1165952980518341,
        "mae": 0.2606751620769501,
        "root_mean_squared_error": 0.34146052598953247,
        "val_loss": 0.03833453729748726,
        "val_mae": 0.15002965927124023,
        "val_root_mean_squared_error": 0.1957920789718628,
        "train_time": 41.13238525390625
    }
}