{
    "parameters": {
        "num_layers": 2,
        "num_neurons": 64,
        "num_epochs": 250,
        "learning_rate": 0.001,
        "use_batch_norm": true,
        "use_dropout": true,
        "batch_size": 128
    },
    "results": {
        "loss": 0.12054776400327682,
        "mae": 0.2709457576274872,
        "r2_score": 0.9506763219833374,
        "root_mean_squared_error": 0.3471998870372772,
        "val_loss": 0.036528147757053375,
        "val_mae": 0.14918756484985352,
        "val_r2_score": 0.9854857325553894,
        "val_root_mean_squared_error": 0.1911233812570572,
        "train_time": 19.18935751914978
    }
}