{
    "parameters": {
        "num_layers": 2,
        "num_neurons": 64,
        "num_epochs": 250,
        "learning_rate": 0.001,
        "use_batch_norm": true,
        "use_dropout": true,
        "batch_size": 128
    },
    "results": {
        "loss": 0.09145385771989822,
        "mae": 0.2308626025915146,
        "r2_score": 0.9585328102111816,
        "root_mean_squared_error": 0.30241337418556213,
        "val_loss": 0.013416030444204807,
        "val_mae": 0.08901754021644592,
        "val_r2_score": 0.9940850138664246,
        "val_root_mean_squared_error": 0.11582759022712708,
        "train_time": 23.796390295028687
    }
}