{
    "parameters": {
        "num_layers": 1,
        "num_neurons": 16,
        "num_epochs": 500,
        "learning_rate": 0.0001,
        "use_batch_norm": true,
        "use_dropout": true,
        "batch_size": 32
    },
    "results": {
        "loss": 0.27414366602897644,
        "mae": 0.4038521349430084,
        "root_mean_squared_error": 0.5235872864723206,
        "val_loss": 0.07776926457881927,
        "val_mae": 0.22418361902236938,
        "val_root_mean_squared_error": 0.27887141704559326,
        "train_time": 82.01970434188843
    }
}