{
    "parameters": {
        "mf_type": "Gaussian",
        "num_mfs": 4,
        "learning_rate": 0.0001,
        "batch_size": 128,
        "num_epochs": 250
    },
    "results": {
        "loss": 6.685088157653809,
        "mae": 2.5639398097991943,
        "root_mean_squared_error": 2.5855536460876465,
        "val_loss": 6.606579303741455,
        "val_mae": 2.5495588779449463,
        "val_root_mean_squared_error": 2.570326805114746,
        "train_time": 74.35032272338867
    }
}