{
    "parameters": {
        "mf_type": "Generalized Bell",
        "num_mfs": 4,
        "learning_rate": 0.001,
        "batch_size": 32,
        "num_epochs": 100
    },
    "results": {
        "loss": 0.09571229666471481,
        "mae": 0.24982689321041107,
        "root_mean_squared_error": 0.30937403440475464,
        "val_loss": 0.09356293827295303,
        "val_mae": 0.24452640116214752,
        "val_root_mean_squared_error": 0.305880606174469,
        "train_time": 46.40015172958374
    }
}