{
    "parameters": {
        "num_layers": 1,
        "num_neurons": 16,
        "num_epochs": 500,
        "learning_rate": 0.0001,
        "use_batch_norm": true,
        "use_dropout": true,
        "batch_size": 64
    },
    "results": {
        "loss": 0.2519398331642151,
        "mae": 0.3869234323501587,
        "r2_score": 0.8851224780082703,
        "root_mean_squared_error": 0.5019360780715942,
        "val_loss": 0.08318542689085007,
        "val_mae": 0.23539768159389496,
        "val_r2_score": 0.9622803330421448,
        "val_root_mean_squared_error": 0.28841882944107056,
        "train_time": 61.255470514297485
    }
}