{
    "parameters": {
        "num_layers": 1,
        "num_neurons": 16,
        "num_epochs": 500,
        "learning_rate": 0.0001,
        "use_batch_norm": true,
        "use_dropout": true,
        "batch_size": 64
    },
    "results": {
        "loss": 0.2434995323419571,
        "mae": 0.3794057071208954,
        "root_mean_squared_error": 0.49345672130584717,
        "val_loss": 0.07467415183782578,
        "val_mae": 0.21977189183235168,
        "val_root_mean_squared_error": 0.2732657194137573,
        "train_time": 53.01458120346069
    }
}