{
    "parameters": {
        "num_layers": 2,
        "num_neurons": 64,
        "num_epochs": 250,
        "learning_rate": 0.0001,
        "use_batch_norm": true,
        "use_dropout": true,
        "batch_size": 128
    },
    "results": {
        "loss": 0.1432875096797943,
        "mae": 0.2959217429161072,
        "r2_score": 0.9350303411483765,
        "root_mean_squared_error": 0.37853336334228516,
        "val_loss": 0.023979954421520233,
        "val_mae": 0.11861004680395126,
        "val_r2_score": 0.9894275069236755,
        "val_root_mean_squared_error": 0.15485462546348572,
        "train_time": 23.496910095214844
    }
}