{
    "parameters": {
        "num_layers": 2,
        "num_neurons": 64,
        "num_epochs": 250,
        "learning_rate": 0.0001,
        "use_batch_norm": true,
        "use_dropout": true,
        "batch_size": 128
    },
    "results": {
        "loss": 0.1624593436717987,
        "mae": 0.3133871853351593,
        "r2_score": 0.9259234666824341,
        "root_mean_squared_error": 0.40306246280670166,
        "val_loss": 0.03560936450958252,
        "val_mae": 0.1423882246017456,
        "val_r2_score": 0.983853280544281,
        "val_root_mean_squared_error": 0.18870443105697632,
        "train_time": 26.3951575756073
    }
}