{
    "parameters": {
        "num_layers": 2,
        "num_neurons": 64,
        "num_epochs": 250,
        "learning_rate": 0.0001,
        "use_batch_norm": true,
        "use_dropout": true,
        "batch_size": 128
    },
    "results": {
        "loss": 0.2308358997106552,
        "mae": 0.3773668706417084,
        "r2_score": 0.905549943447113,
        "root_mean_squared_error": 0.48045384883880615,
        "val_loss": 0.04242083802819252,
        "val_mae": 0.16119147837162018,
        "val_r2_score": 0.9831442832946777,
        "val_root_mean_squared_error": 0.20596319437026978,
        "train_time": 19.377732753753662
    }
}