{
    "parameters": {
        "num_layers": 1,
        "num_neurons": 16,
        "num_epochs": 100,
        "learning_rate": 0.001,
        "use_batch_norm": true,
        "use_dropout": true,
        "batch_size": 128
    },
    "results": {
        "loss": 0.23459145426750183,
        "mae": 0.37285318970680237,
        "r2_score": 0.8936315774917603,
        "root_mean_squared_error": 0.4843464195728302,
        "val_loss": 0.07504066824913025,
        "val_mae": 0.22122327983379364,
        "val_r2_score": 0.9669153690338135,
        "val_root_mean_squared_error": 0.2739355266094208,
        "train_time": 7.999539375305176
    }
}