{
    "parameters": {
        "num_layers": 1,
        "num_neurons": 16,
        "num_epochs": 100,
        "learning_rate": 0.001,
        "use_batch_norm": true,
        "use_dropout": true,
        "batch_size": 128
    },
    "results": {
        "loss": 0.31369760632514954,
        "mae": 0.43312305212020874,
        "r2_score": 0.8716466426849365,
        "root_mean_squared_error": 0.5600871443748474,
        "val_loss": 0.10063967853784561,
        "val_mae": 0.25842586159706116,
        "val_r2_score": 0.9600113034248352,
        "val_root_mean_squared_error": 0.31723758578300476,
        "train_time": 6.6646339893341064
    }
}