{
    "parameters": {
        "num_layers": 2,
        "num_neurons": 32,
        "num_epochs": 250,
        "learning_rate": 0.0001,
        "use_batch_norm": true,
        "use_dropout": true,
        "batch_size": 32
    },
    "results": {
        "loss": 0.27236682176589966,
        "mae": 0.4014166593551636,
        "r2_score": 0.8758089542388916,
        "root_mean_squared_error": 0.5218877196311951,
        "val_loss": 0.05690142884850502,
        "val_mae": 0.1803157478570938,
        "val_r2_score": 0.974198579788208,
        "val_root_mean_squared_error": 0.23854020237922668,
        "train_time": 61.35981512069702
    }
}