{
    "parameters": {
        "mf_type": "Gaussian",
        "num_mfs": 2,
        "learning_rate": 0.001,
        "batch_size": 64,
        "num_epochs": 250
    },
    "results": {
        "loss": 0.09559926390647888,
        "mae": 0.2515760660171509,
        "root_mean_squared_error": 0.3091913163661957,
        "val_loss": 0.09346797317266464,
        "val_mae": 0.24565649032592773,
        "val_root_mean_squared_error": 0.3057253360748291,
        "train_time": 23.608265161514282
    }
}