{
    "parameters": {
        "mf_type": "Smoothed Triangular",
        "num_mfs": 5,
        "learning_rate": 0.001,
        "batch_size": 128,
        "num_epochs": 250
    },
    "results": {
        "loss": 20.56540870666504,
        "mae": 4.25629997253418,
        "root_mean_squared_error": 4.534910202026367,
        "val_loss": 20.336021423339844,
        "val_mae": 4.231227874755859,
        "val_root_mean_squared_error": 4.509547710418701,
        "train_time": 188.74536657333374
    }
}