{
    "parameters": {
        "mf_type": "Gaussian",
        "num_mfs": 4,
        "learning_rate": 0.0001,
        "batch_size": 32,
        "num_epochs": 100
    },
    "results": {
        "loss": 3.0891199111938477,
        "mae": 1.727425456047058,
        "root_mean_squared_error": 1.7575892210006714,
        "val_loss": 3.000030279159546,
        "val_mae": 1.7026054859161377,
        "val_root_mean_squared_error": 1.7320595979690552,
        "train_time": 43.35909175872803
    }
}