{
    "parameters": {
        "mf_type": "Gaussian",
        "num_mfs": 2,
        "learning_rate": 0.001,
        "batch_size": 128,
        "num_epochs": 250
    },
    "results": {
        "loss": 0.10301212966442108,
        "mae": 0.25973668694496155,
        "root_mean_squared_error": 0.3209550380706787,
        "val_loss": 0.09977584332227707,
        "val_mae": 0.2530221939086914,
        "val_root_mean_squared_error": 0.3158731460571289,
        "train_time": 18.4500150680542
    }
}