{
    "parameters": {
        "num_layers": 1,
        "num_neurons": 32,
        "num_epochs": 250,
        "learning_rate": 0.0001,
        "use_batch_norm": true,
        "use_dropout": true,
        "batch_size": 64
    },
    "results": {
        "loss": 0.2478155940771103,
        "mae": 0.3887183964252472,
        "r2_score": 0.8870043158531189,
        "root_mean_squared_error": 0.49781081080436707,
        "val_loss": 0.07810109108686447,
        "val_mae": 0.2218398004770279,
        "val_r2_score": 0.9645857810974121,
        "val_root_mean_squared_error": 0.2794657349586487,
        "train_time": 33.708739042282104
    }
}