{
    "parameters": {
        "num_layers": 1,
        "num_neurons": 32,
        "num_epochs": 250,
        "learning_rate": 0.0001,
        "use_batch_norm": true,
        "use_dropout": true,
        "batch_size": 64
    },
    "results": {
        "loss": 0.24646635353565216,
        "mae": 0.3849058151245117,
        "root_mean_squared_error": 0.49645379185676575,
        "val_loss": 0.07765203714370728,
        "val_mae": 0.2212696522474289,
        "val_root_mean_squared_error": 0.27866116166114807,
        "train_time": 27.398592948913574
    }
}