{
    "parameters": {
        "mf_type": "Smoothed Triangular",
        "num_mfs": 5,
        "learning_rate": 0.001,
        "batch_size": 64,
        "num_epochs": 250
    },
    "results": {
        "loss": 0.10653112828731537,
        "mae": 0.2639400362968445,
        "r2_score": 0.9565181732177734,
        "root_mean_squared_error": 0.3263910710811615,
        "val_loss": 0.10337283462285995,
        "val_mae": 0.2571565508842468,
        "val_r2_score": 0.9581282734870911,
        "val_root_mean_squared_error": 0.3215164542198181,
        "train_time": 238.099707365036
    }
}