{
    "parameters": {
        "mf_type": "Gaussian",
        "num_mfs": 2,
        "learning_rate": 0.0001,
        "batch_size": 32,
        "num_epochs": 500
    },
    "results": {
        "loss": 0.10078678280115128,
        "mae": 0.2570779025554657,
        "root_mean_squared_error": 0.3174693286418915,
        "val_loss": 0.09874700009822845,
        "val_mae": 0.25414571166038513,
        "val_root_mean_squared_error": 0.31424036622047424,
        "train_time": 76.67348289489746
    }
}