{
    "parameters": {
        "mf_type": "Smoothed Triangular",
        "num_mfs": 4,
        "learning_rate": 0.0005,
        "batch_size": 32,
        "num_epochs": 500
    },
    "results": {
        "loss": 0.10332262516021729,
        "mae": 0.26024898886680603,
        "root_mean_squared_error": 0.32143837213516235,
        "val_loss": 0.09967051446437836,
        "val_mae": 0.2524881362915039,
        "val_root_mean_squared_error": 0.31570637226104736,
        "train_time": 227.887127161026
    }
}