{
    "parameters": {
        "num_layers": 2,
        "num_neurons": 16,
        "num_epochs": 250,
        "learning_rate": 0.0005,
        "use_batch_norm": true,
        "use_dropout": true,
        "batch_size": 128
    },
    "results": {
        "loss": 0.21400408446788788,
        "mae": 0.34952664375305176,
        "r2_score": 0.9024205803871155,
        "root_mean_squared_error": 0.462605744600296,
        "val_loss": 0.053315769881010056,
        "val_mae": 0.17677129805088043,
        "val_r2_score": 0.9758244752883911,
        "val_root_mean_squared_error": 0.2309020757675171,
        "train_time": 23.644548416137695
    }
}