{
    "parameters": {
        "num_layers": 2,
        "num_neurons": 16,
        "num_epochs": 250,
        "learning_rate": 0.0005,
        "use_batch_norm": true,
        "use_dropout": true,
        "batch_size": 128
    },
    "results": {
        "loss": 0.1879553496837616,
        "mae": 0.33211687207221985,
        "root_mean_squared_error": 0.43353816866874695,
        "val_loss": 0.06456819176673889,
        "val_mae": 0.2021767944097519,
        "val_root_mean_squared_error": 0.2541027069091797,
        "train_time": 24.833672285079956
    }
}