{
    "parameters": {
        "num_layers": 4,
        "num_neurons": 80,
        "num_epochs": 500,
        "learning_rate": 0.001,
        "use_batch_norm": true,
        "use_dropout": true,
        "batch_size": 224
    },
    "results": {
        "loss": 0.06456416100263596,
        "mae": 0.19473256170749664,
        "r2_score": 0.9705860018730164,
        "root_mean_squared_error": 0.25409477949142456,
        "val_loss": 0.022088149562478065,
        "val_mae": 0.10852839797735214,
        "val_r2_score": 0.9896976947784424,
        "val_root_mean_squared_error": 0.1486208289861679,
        "train_time": 51.99869227409363
    }
}