{
    "parameters": {
        "num_layers": 4,
        "num_neurons": 80,
        "num_epochs": 500,
        "learning_rate": 0.001,
        "use_batch_norm": true,
        "use_dropout": true,
        "batch_size": 224
    },
    "results": {
        "loss": 0.08560016006231308,
        "mae": 0.22377358376979828,
        "r2_score": 0.96501225233078,
        "root_mean_squared_error": 0.29257506132125854,
        "val_loss": 0.015450225211679935,
        "val_mae": 0.09458701312541962,
        "val_r2_score": 0.9936512112617493,
        "val_root_mean_squared_error": 0.12429893761873245,
        "train_time": 39.71647572517395
    }
}