{
    "parameters": {
        "num_layers": 4,
        "num_neurons": 80,
        "num_epochs": 500,
        "learning_rate": 0.001,
        "use_batch_norm": true,
        "use_dropout": true,
        "batch_size": 224
    },
    "results": {
        "loss": 0.062143102288246155,
        "mae": 0.18773847818374634,
        "r2_score": 0.9713862538337708,
        "root_mean_squared_error": 0.24928517639636993,
        "val_loss": 0.012849181890487671,
        "val_mae": 0.08090835809707642,
        "val_r2_score": 0.9942663908004761,
        "val_root_mean_squared_error": 0.11335422843694687,
        "train_time": 51.56366205215454
    }
}