{
    "parameters": {
        "num_layers": 3,
        "num_neurons": 112,
        "num_epochs": 500,
        "learning_rate": 0.001,
        "use_batch_norm": true,
        "use_dropout": true,
        "batch_size": 224
    },
    "results": {
        "loss": 0.06470958888530731,
        "mae": 0.19610460102558136,
        "r2_score": 0.9735509753227234,
        "root_mean_squared_error": 0.2543807923793793,
        "val_loss": 0.00730360671877861,
        "val_mae": 0.06117852032184601,
        "val_r2_score": 0.9969988465309143,
        "val_root_mean_squared_error": 0.08546113967895508,
        "train_time": 39.758710622787476
    }
}