{
    "parameters": {
        "num_layers": 3,
        "num_neurons": 112,
        "num_epochs": 500,
        "learning_rate": 0.001,
        "use_batch_norm": true,
        "use_dropout": true,
        "batch_size": 224
    },
    "results": {
        "loss": 0.04611891135573387,
        "mae": 0.1622210294008255,
        "r2_score": 0.9787646532058716,
        "root_mean_squared_error": 0.2147531360387802,
        "val_loss": 0.01089377049356699,
        "val_mae": 0.08639205992221832,
        "val_r2_score": 0.995138943195343,
        "val_root_mean_squared_error": 0.10437322407960892,
        "train_time": 52.41614127159119
    }
}