{
    "parameters": {
        "mf_type": "Smoothed Triangular",
        "num_mfs": 5,
        "learning_rate": 0.0005,
        "batch_size": 64,
        "num_epochs": 500
    },
    "results": {
        "loss": 0.10582440346479416,
        "mae": 0.26305270195007324,
        "root_mean_squared_error": 0.32530662417411804,
        "val_loss": 0.10168217867612839,
        "val_mae": 0.25452694296836853,
        "val_root_mean_squared_error": 0.3188764452934265,
        "train_time": 455.9258818626404
    }
}