{
    "parameters": {
        "num_layers": 2,
        "num_neurons": 32,
        "num_epochs": 100,
        "learning_rate": 0.0001,
        "use_batch_norm": true,
        "use_dropout": true,
        "batch_size": 128
    },
    "results": {
        "loss": 0.4926331341266632,
        "mae": 0.5406710505485535,
        "root_mean_squared_error": 0.7018783092498779,
        "val_loss": 0.061857908964157104,
        "val_mae": 0.1968776285648346,
        "val_root_mean_squared_error": 0.24871250987052917,
        "train_time": 8.785439491271973
    }
}