{
    "parameters": {
        "num_layers": 2,
        "num_neurons": 32,
        "num_epochs": 100,
        "learning_rate": 0.0001,
        "use_batch_norm": true,
        "use_dropout": true,
        "batch_size": 128
    },
    "results": {
        "loss": 0.5413660407066345,
        "mae": 0.5567441582679749,
        "r2_score": 0.7531529664993286,
        "root_mean_squared_error": 0.7357758283615112,
        "val_loss": 0.06473211944103241,
        "val_mae": 0.20015929639339447,
        "val_r2_score": 0.9706478714942932,
        "val_root_mean_squared_error": 0.2544250786304474,
        "train_time": 9.999952793121338
    }
}