{
    "parameters": {
        "mf_type": "Generalized Bell",
        "num_mfs": 3,
        "learning_rate": 0.001,
        "batch_size": 128,
        "num_epochs": 500
    },
    "results": {
        "loss": 0.09669695049524307,
        "mae": 0.25114819407463074,
        "r2_score": 0.9605320692062378,
        "root_mean_squared_error": 0.3109613358974457,
        "val_loss": 0.09278908371925354,
        "val_mae": 0.24391166865825653,
        "val_r2_score": 0.9624152779579163,
        "val_root_mean_squared_error": 0.30461299419403076,
        "train_time": 64.6500449180603
    }
}