{
    "parameters": {
        "num_layers": 1,
        "num_neurons": 64,
        "num_epochs": 100,
        "learning_rate": 0.0001,
        "use_batch_norm": true,
        "use_dropout": true,
        "batch_size": 128
    },
    "results": {
        "loss": 0.3213167190551758,
        "mae": 0.4418439567089081,
        "r2_score": 0.8543084859848022,
        "root_mean_squared_error": 0.5668480396270752,
        "val_loss": 0.04428442567586899,
        "val_mae": 0.16748419404029846,
        "val_r2_score": 0.9804754853248596,
        "val_root_mean_squared_error": 0.21043865382671356,
        "train_time": 8.262028455734253
    }
}