{
    "parameters": {
        "num_layers": 1,
        "num_neurons": 64,
        "num_epochs": 100,
        "learning_rate": 0.0001,
        "use_batch_norm": true,
        "use_dropout": true,
        "batch_size": 128
    },
    "results": {
        "loss": 0.3219115436077118,
        "mae": 0.4405594766139984,
        "r2_score": 0.8532181978225708,
        "root_mean_squared_error": 0.5673725008964539,
        "val_loss": 0.09661480039358139,
        "val_mae": 0.22526906430721283,
        "val_r2_score": 0.9561909437179565,
        "val_root_mean_squared_error": 0.310829222202301,
        "train_time": 9.439339399337769
    }
}