{
    "parameters": {
        "num_layers": 1,
        "num_neurons": 64,
        "num_epochs": 100,
        "learning_rate": 0.0001,
        "use_batch_norm": true,
        "use_dropout": true,
        "batch_size": 128
    },
    "results": {
        "loss": 0.5700861215591431,
        "mae": 0.5879139304161072,
        "r2_score": 0.7667412757873535,
        "root_mean_squared_error": 0.7550404667854309,
        "val_loss": 0.0655968189239502,
        "val_mae": 0.20573876798152924,
        "val_r2_score": 0.9739354252815247,
        "val_root_mean_squared_error": 0.2561187446117401,
        "train_time": 6.802212953567505
    }
}