{
    "parameters": {
        "num_layers": 2,
        "num_neurons": 32,
        "num_epochs": 500,
        "learning_rate": 0.0005,
        "use_batch_norm": true,
        "use_dropout": true,
        "batch_size": 64
    },
    "results": {
        "loss": 0.1648772656917572,
        "mae": 0.3174670934677124,
        "r2_score": 0.9325379133224487,
        "root_mean_squared_error": 0.40605083107948303,
        "val_loss": 0.05951926112174988,
        "val_mae": 0.19081330299377441,
        "val_r2_score": 0.9763503670692444,
        "val_root_mean_squared_error": 0.24396570026874542,
        "train_time": 46.73108243942261
    }
}