{
    "parameters": {
        "num_layers": 2,
        "num_neurons": 32,
        "num_epochs": 500,
        "learning_rate": 0.0005,
        "use_batch_norm": true,
        "use_dropout": true,
        "batch_size": 64
    },
    "results": {
        "loss": 0.11939235776662827,
        "mae": 0.26892974972724915,
        "r2_score": 0.9458652138710022,
        "root_mean_squared_error": 0.34553200006484985,
        "val_loss": 0.03255791217088699,
        "val_mae": 0.1446838676929474,
        "val_r2_score": 0.9856455326080322,
        "val_root_mean_squared_error": 0.1804381161928177,
        "train_time": 69.40433144569397
    }
}