{
    "parameters": {
        "mf_type": "Generalized Bell",
        "num_mfs": 2,
        "learning_rate": 0.0005,
        "batch_size": 128,
        "num_epochs": 100
    },
    "results": {
        "loss": 1.1637439727783203,
        "mae": 1.026645541191101,
        "root_mean_squared_error": 1.0787696838378906,
        "val_loss": 1.1085779666900635,
        "val_mae": 1.0017625093460083,
        "val_root_mean_squared_error": 1.0528903007507324,
        "train_time": 8.749852418899536
    }
}