{
    "parameters": {
        "num_layers": 3,
        "num_neurons": 112,
        "num_epochs": 500,
        "learning_rate": 0.001,
        "use_batch_norm": true,
        "use_dropout": true,
        "batch_size": 192
    },
    "results": {
        "loss": 0.06912455707788467,
        "mae": 0.2023712694644928,
        "r2_score": 0.9717465043067932,
        "root_mean_squared_error": 0.2629154920578003,
        "val_loss": 0.012220699340105057,
        "val_mae": 0.08851101249456406,
        "val_r2_score": 0.9949783086776733,
        "val_root_mean_squared_error": 0.11054727435112,
        "train_time": 42.40834927558899
    }
}