{
    "parameters": {
        "num_layers": 3,
        "num_neurons": 112,
        "num_epochs": 500,
        "learning_rate": 0.001,
        "use_batch_norm": true,
        "use_dropout": true,
        "batch_size": 192
    },
    "results": {
        "loss": 0.05167056620121002,
        "mae": 0.17238779366016388,
        "r2_score": 0.9762083888053894,
        "root_mean_squared_error": 0.2273116260766983,
        "val_loss": 0.008635513484477997,
        "val_mae": 0.06870543211698532,
        "val_r2_score": 0.9961466193199158,
        "val_root_mean_squared_error": 0.0929274708032608,
        "train_time": 54.366976737976074
    }
}