{
    "parameters": {
        "num_layers": 2,
        "num_neurons": 16,
        "num_epochs": 250,
        "learning_rate": 0.001,
        "use_batch_norm": true,
        "use_dropout": true,
        "batch_size": 128
    },
    "results": {
        "loss": 0.20806804299354553,
        "mae": 0.35600900650024414,
        "r2_score": 0.9148663282394409,
        "root_mean_squared_error": 0.4561447501182556,
        "val_loss": 0.08369255065917969,
        "val_mae": 0.2386389821767807,
        "val_r2_score": 0.966745138168335,
        "val_root_mean_squared_error": 0.2892966568470001,
        "train_time": 17.49053120613098
    }
}