{
    "parameters": {
        "num_layers": 2,
        "num_neurons": 16,
        "num_epochs": 250,
        "learning_rate": 0.001,
        "use_batch_norm": true,
        "use_dropout": true,
        "batch_size": 128
    },
    "results": {
        "loss": 0.1520281434059143,
        "mae": 0.2978581190109253,
        "r2_score": 0.9310676455497742,
        "root_mean_squared_error": 0.3899078667163849,
        "val_loss": 0.06484407186508179,
        "val_mae": 0.20047080516815186,
        "val_r2_score": 0.9714109301567078,
        "val_root_mean_squared_error": 0.2546449899673462,
        "train_time": 22.77504324913025
    }
}