{
    "parameters": {
        "mf_type": "Generalized Bell",
        "num_mfs": 2,
        "learning_rate": 0.001,
        "batch_size": 64,
        "num_epochs": 100
    },
    "results": {
        "loss": 0.10039596259593964,
        "mae": 0.2563973665237427,
        "root_mean_squared_error": 0.31685322523117065,
        "val_loss": 0.09813237190246582,
        "val_mae": 0.25284329056739807,
        "val_root_mean_squared_error": 0.31326088309288025,
        "train_time": 10.766948461532593
    }
}