{
    "parameters": {
        "num_layers": 2,
        "num_neurons": 32,
        "num_epochs": 100,
        "learning_rate": 0.0001,
        "use_batch_norm": true,
        "use_dropout": true,
        "batch_size": 128
    },
    "results": {
        "loss": 0.4767402410507202,
        "mae": 0.5380905270576477,
        "r2_score": 0.7838364839553833,
        "root_mean_squared_error": 0.6904637813568115,
        "val_loss": 0.04893093928694725,
        "val_mae": 0.17798352241516113,
        "val_r2_score": 0.9784268736839294,
        "val_root_mean_squared_error": 0.22120338678359985,
        "train_time": 9.54146933555603
    }
}