{
    "parameters": {
        "num_layers": 2,
        "num_neurons": 32,
        "num_epochs": 100,
        "learning_rate": 0.0001,
        "use_batch_norm": true,
        "use_dropout": true,
        "batch_size": 128
    },
    "results": {
        "loss": 0.811255931854248,
        "mae": 0.7012205123901367,
        "r2_score": 0.6680643558502197,
        "root_mean_squared_error": 0.9006974697113037,
        "val_loss": 0.13738395273685455,
        "val_mae": 0.3016415238380432,
        "val_r2_score": 0.9454111456871033,
        "val_root_mean_squared_error": 0.3706534206867218,
        "train_time": 7.963655710220337
    }
}