{
    "parameters": {
        "num_layers": 3,
        "num_neurons": 112,
        "num_epochs": 500,
        "learning_rate": 0.001,
        "use_batch_norm": true,
        "use_dropout": true,
        "batch_size": 256
    },
    "results": {
        "loss": 0.07119718939065933,
        "mae": 0.20633651316165924,
        "r2_score": 0.9708992838859558,
        "root_mean_squared_error": 0.2668280005455017,
        "val_loss": 0.007784522138535976,
        "val_mae": 0.0654829740524292,
        "val_r2_score": 0.9968011975288391,
        "val_root_mean_squared_error": 0.0882299393415451,
        "train_time": 38.95403552055359
    }
}