{
    "parameters": {
        "num_layers": 3,
        "num_neurons": 112,
        "num_epochs": 500,
        "learning_rate": 0.001,
        "use_batch_norm": true,
        "use_dropout": true,
        "batch_size": 256
    },
    "results": {
        "loss": 0.04965682327747345,
        "mae": 0.16916869580745697,
        "r2_score": 0.9771355986595154,
        "root_mean_squared_error": 0.22283810377120972,
        "val_loss": 0.005002975929528475,
        "val_mae": 0.0504961796104908,
        "val_r2_score": 0.9977675676345825,
        "val_root_mean_squared_error": 0.07073171436786652,
        "train_time": 49.773011684417725
    }
}