{
    "parameters": {
        "num_layers": 3,
        "num_neurons": 112,
        "num_epochs": 500,
        "learning_rate": 0.001,
        "use_batch_norm": true,
        "use_dropout": true,
        "batch_size": 256
    },
    "results": {
        "loss": 0.056971434503793716,
        "mae": 0.18217787146568298,
        "r2_score": 0.9740452170372009,
        "root_mean_squared_error": 0.23868688941001892,
        "val_loss": 0.007772370707243681,
        "val_mae": 0.06316567957401276,
        "val_r2_score": 0.9963748455047607,
        "val_root_mean_squared_error": 0.08816105127334595,
        "train_time": 50.63139224052429
    }
}