{
    "parameters": {
        "mf_type": "Smoothed Triangular",
        "num_mfs": 3,
        "learning_rate": 0.001,
        "batch_size": 128,
        "num_epochs": 250
    },
    "results": {
        "loss": 8.792548179626465,
        "mae": 2.9446191787719727,
        "root_mean_squared_error": 2.9652230739593506,
        "val_loss": 8.693937301635742,
        "val_mae": 2.9285075664520264,
        "val_root_mean_squared_error": 2.9485483169555664,
        "train_time": 31.675567626953125
    }
}