{
    "parameters": {
        "num_layers": 1,
        "num_neurons": 64,
        "num_epochs": 100,
        "learning_rate": 0.0005,
        "use_batch_norm": true,
        "use_dropout": true,
        "batch_size": 128
    },
    "results": {
        "loss": 0.175395667552948,
        "mae": 0.3264213800430298,
        "r2_score": 0.9200246930122375,
        "root_mean_squared_error": 0.4188026487827301,
        "val_loss": 0.060926783829927444,
        "val_mae": 0.19182980060577393,
        "val_r2_score": 0.972373366355896,
        "val_root_mean_squared_error": 0.24683351814746857,
        "train_time": 9.464160680770874
    }
}