{
    "parameters": {
        "num_layers": 1,
        "num_neurons": 32,
        "num_epochs": 250,
        "learning_rate": 0.0005,
        "use_batch_norm": true,
        "use_dropout": true,
        "batch_size": 32
    },
    "results": {
        "loss": 0.1722882091999054,
        "mae": 0.32564887404441833,
        "r2_score": 0.9218813180923462,
        "root_mean_squared_error": 0.4150761365890503,
        "val_loss": 0.05333994701504707,
        "val_mae": 0.18729864060878754,
        "val_r2_score": 0.9764829277992249,
        "val_root_mean_squared_error": 0.23095442354679108,
        "train_time": 47.364569425582886
    }
}