{
    "parameters": {
        "num_layers": 1,
        "num_neurons": 32,
        "num_epochs": 250,
        "learning_rate": 0.0005,
        "use_batch_norm": true,
        "use_dropout": true,
        "batch_size": 32
    },
    "results": {
        "loss": 0.23284126818180084,
        "mae": 0.3787125051021576,
        "r2_score": 0.9047299027442932,
        "root_mean_squared_error": 0.48253628611564636,
        "val_loss": 0.08500690013170242,
        "val_mae": 0.2362123429775238,
        "val_r2_score": 0.9662229418754578,
        "val_root_mean_squared_error": 0.2915594279766083,
        "train_time": 33.748114585876465
    }
}