{
    "parameters": {
        "num_layers": 1,
        "num_neurons": 16,
        "num_epochs": 500,
        "learning_rate": 0.001,
        "use_batch_norm": true,
        "use_dropout": true,
        "batch_size": 64
    },
    "results": {
        "loss": 0.1947653591632843,
        "mae": 0.33875277638435364,
        "r2_score": 0.9111923575401306,
        "root_mean_squared_error": 0.44132229685783386,
        "val_loss": 0.0924937054514885,
        "val_mae": 0.2388646900653839,
        "val_r2_score": 0.958059549331665,
        "val_root_mean_squared_error": 0.3041277825832367,
        "train_time": 61.681140661239624
    }
}