{
    "parameters": {
        "num_layers": 1,
        "num_neurons": 16,
        "num_epochs": 500,
        "learning_rate": 0.001,
        "use_batch_norm": true,
        "use_dropout": true,
        "batch_size": 64
    },
    "results": {
        "loss": 0.19134734570980072,
        "mae": 0.3451015055179596,
        "r2_score": 0.9217076897621155,
        "root_mean_squared_error": 0.4374326765537262,
        "val_loss": 0.10063241422176361,
        "val_mae": 0.2548784613609314,
        "val_r2_score": 0.960014283657074,
        "val_root_mean_squared_error": 0.3172261118888855,
        "train_time": 40.466625690460205
    }
}