{
    "parameters": {
        "num_layers": 1,
        "num_neurons": 16,
        "num_epochs": 500,
        "learning_rate": 0.001,
        "use_batch_norm": true,
        "use_dropout": true,
        "batch_size": 64
    },
    "results": {
        "loss": 0.1642003208398819,
        "mae": 0.3149423897266388,
        "r2_score": 0.9255481958389282,
        "root_mean_squared_error": 0.40521639585494995,
        "val_loss": 0.06765899807214737,
        "val_mae": 0.20834819972515106,
        "val_r2_score": 0.9701698422431946,
        "val_root_mean_squared_error": 0.2601134479045868,
        "train_time": 53.43086051940918
    }
}