{
    "parameters": {
        "mf_type": "Generalized Bell",
        "num_mfs": 5,
        "learning_rate": 0.0001,
        "batch_size": 64,
        "num_epochs": 500
    },
    "results": {
        "loss": 0.10208901017904282,
        "mae": 0.25491970777511597,
        "root_mean_squared_error": 0.3195137083530426,
        "val_loss": 0.10052677243947983,
        "val_mae": 0.25087642669677734,
        "val_root_mean_squared_error": 0.31705957651138306,
        "train_time": 435.9860920906067
    }
}