{
    "parameters": {
        "mf_type": "Smoothed Triangular",
        "num_mfs": 4,
        "learning_rate": 0.0005,
        "batch_size": 64,
        "num_epochs": 250
    },
    "results": {
        "loss": 5.448784828186035,
        "mae": 2.285977840423584,
        "root_mean_squared_error": 2.334263324737549,
        "val_loss": 5.36795711517334,
        "val_mae": 2.2678730487823486,
        "val_root_mean_squared_error": 2.316885232925415,
        "train_time": 99.99329900741577
    }
}