{
    "parameters": {
        "num_layers": 4,
        "num_neurons": 112,
        "num_epochs": 500,
        "learning_rate": 0.001,
        "use_batch_norm": true,
        "use_dropout": true,
        "batch_size": 224
    },
    "results": {
        "loss": 0.07418273389339447,
        "mae": 0.21050477027893066,
        "r2_score": 0.9696791172027588,
        "root_mean_squared_error": 0.2723650634288788,
        "val_loss": 0.016568807885050774,
        "val_mae": 0.100401371717453,
        "val_r2_score": 0.9931915998458862,
        "val_root_mean_squared_error": 0.12871988117694855,
        "train_time": 46.386070728302
    }
}