{
    "parameters": {
        "num_layers": 4,
        "num_neurons": 112,
        "num_epochs": 500,
        "learning_rate": 0.001,
        "use_batch_norm": true,
        "use_dropout": true,
        "batch_size": 224
    },
    "results": {
        "loss": 0.05251959711313248,
        "mae": 0.1736493557691574,
        "r2_score": 0.9758174419403076,
        "root_mean_squared_error": 0.2291715443134308,
        "val_loss": 0.005176208913326263,
        "val_mae": 0.05019605532288551,
        "val_r2_score": 0.9976902604103088,
        "val_root_mean_squared_error": 0.07194587588310242,
        "train_time": 62.3502254486084
    }
}