{
    "parameters": {
        "num_layers": 4,
        "num_neurons": 112,
        "num_epochs": 500,
        "learning_rate": 0.001,
        "use_batch_norm": true,
        "use_dropout": true,
        "batch_size": 224
    },
    "results": {
        "loss": 0.06415635347366333,
        "mae": 0.19211797416210175,
        "r2_score": 0.9707717895507812,
        "root_mean_squared_error": 0.2532910406589508,
        "val_loss": 0.014523826539516449,
        "val_mae": 0.09824354946613312,
        "val_r2_score": 0.9932258725166321,
        "val_root_mean_squared_error": 0.12051483988761902,
        "train_time": 67.60324811935425
    }
}