{
    "parameters": {
        "num_layers": 2,
        "num_neurons": 16,
        "num_epochs": 500,
        "learning_rate": 0.0001,
        "use_batch_norm": true,
        "use_dropout": true,
        "batch_size": 64
    },
    "results": {
        "loss": 0.25186365842819214,
        "mae": 0.38281145691871643,
        "r2_score": 0.8851575255393982,
        "root_mean_squared_error": 0.5018602013587952,
        "val_loss": 0.09475643932819366,
        "val_mae": 0.2297118753194809,
        "val_r2_score": 0.9570335745811462,
        "val_root_mean_squared_error": 0.30782532691955566,
        "train_time": 69.16629815101624
    }
}