{
    "parameters": {
        "mf_type": "Generalized Bell",
        "num_mfs": 5,
        "learning_rate": 0.001,
        "batch_size": 128,
        "num_epochs": 500
    },
    "results": {
        "loss": 0.09462536871433258,
        "mae": 0.2493465691804886,
        "root_mean_squared_error": 0.3076123595237732,
        "val_loss": 0.09248446673154831,
        "val_mae": 0.243801549077034,
        "val_root_mean_squared_error": 0.30411258339881897,
        "train_time": 360.51659417152405
    }
}