{
    "parameters": {
        "num_layers": 1,
        "num_neurons": 16,
        "num_epochs": 500,
        "learning_rate": 0.0001,
        "use_batch_norm": true,
        "use_dropout": true,
        "batch_size": 128
    },
    "results": {
        "loss": 0.27621594071388245,
        "mae": 0.40155208110809326,
        "root_mean_squared_error": 0.5255625247955322,
        "val_loss": 0.07921396195888519,
        "val_mae": 0.23073242604732513,
        "val_root_mean_squared_error": 0.2814497649669647,
        "train_time": 34.275293588638306
    }
}