{
    "parameters": {
        "mf_type": "Generalized Bell",
        "num_mfs": 3,
        "learning_rate": 0.0001,
        "batch_size": 128,
        "num_epochs": 500
    },
    "results": {
        "loss": 0.6879764795303345,
        "mae": 0.7666100859642029,
        "root_mean_squared_error": 0.8294434547424316,
        "val_loss": 0.662259578704834,
        "val_mae": 0.752753496170044,
        "val_root_mean_squared_error": 0.8137933015823364,
        "train_time": 56.50991702079773
    }
}