{
    "parameters": {
        "mf_type": "Gaussian",
        "num_mfs": 3,
        "learning_rate": 0.0005,
        "batch_size": 32,
        "num_epochs": 100
    },
    "results": {
        "loss": 0.09809579700231552,
        "mae": 0.25136929750442505,
        "root_mean_squared_error": 0.31320250034332275,
        "val_loss": 0.09494452178478241,
        "val_mae": 0.24352961778640747,
        "val_root_mean_squared_error": 0.30813068151474,
        "train_time": 23.83304238319397
    }
}