{
    "parameters": {
        "num_layers": 2,
        "num_neurons": 64,
        "num_epochs": 100,
        "learning_rate": 0.0001,
        "use_batch_norm": true,
        "use_dropout": true,
        "batch_size": 32
    },
    "results": {
        "loss": 0.23755411803722382,
        "mae": 0.38125744462013245,
        "r2_score": 0.8916818499565125,
        "root_mean_squared_error": 0.4873952269554138,
        "val_loss": 0.04094002768397331,
        "val_mae": 0.1570812612771988,
        "val_r2_score": 0.9814361333847046,
        "val_root_mean_squared_error": 0.20233643054962158,
        "train_time": 24.888638734817505
    }
}