{
    "parameters": {
        "num_layers": 2,
        "num_neurons": 64,
        "num_epochs": 100,
        "learning_rate": 0.0001,
        "use_batch_norm": true,
        "use_dropout": true,
        "batch_size": 32
    },
    "results": {
        "loss": 0.22477783262729645,
        "mae": 0.37065479159355164,
        "r2_score": 0.8980801701545715,
        "root_mean_squared_error": 0.47410741448402405,
        "val_loss": 0.02441394329071045,
        "val_mae": 0.12180884927511215,
        "val_r2_score": 0.9892361164093018,
        "val_root_mean_squared_error": 0.15624961256980896,
        "train_time": 22.048272371292114
    }
}