{
    "parameters": {
        "num_layers": 2,
        "num_neurons": 64,
        "num_epochs": 100,
        "learning_rate": 0.0001,
        "use_batch_norm": true,
        "use_dropout": true,
        "batch_size": 32
    },
    "results": {
        "loss": 0.3015933036804199,
        "mae": 0.43378087878227234,
        "r2_score": 0.8765984773635864,
        "root_mean_squared_error": 0.5491750836372375,
        "val_loss": 0.046208012849092484,
        "val_mae": 0.17068274319171906,
        "val_r2_score": 0.9816395044326782,
        "val_root_mean_squared_error": 0.2149604856967926,
        "train_time": 16.322324991226196
    }
}