{
    "parameters": {
        "mf_type": "Gaussian",
        "num_mfs": 2,
        "learning_rate": 0.0005,
        "batch_size": 128,
        "num_epochs": 500
    },
    "results": {
        "loss": 0.1024378314614296,
        "mae": 0.2592480778694153,
        "root_mean_squared_error": 0.3200591206550598,
        "val_loss": 0.09919010102748871,
        "val_mae": 0.25255119800567627,
        "val_root_mean_squared_error": 0.3149445950984955,
        "train_time": 35.60030198097229
    }
}