{
    "parameters": {
        "mf_type": "Smoothed Triangular",
        "num_mfs": 5,
        "learning_rate": 0.001,
        "batch_size": 128,
        "num_epochs": 100
    },
    "results": {
        "loss": 13.646595001220703,
        "mae": 3.51900577545166,
        "root_mean_squared_error": 3.694129705429077,
        "val_loss": 13.582259178161621,
        "val_mae": 3.507523536682129,
        "val_root_mean_squared_error": 3.6854116916656494,
        "train_time": 83.68389868736267
    }
}