{
    "parameters": {
        "num_layers": 2,
        "num_neurons": 32,
        "num_epochs": 100,
        "learning_rate": 0.0005,
        "use_batch_norm": true,
        "use_dropout": true,
        "batch_size": 32
    },
    "results": {
        "loss": 0.24269846081733704,
        "mae": 0.3825853765010834,
        "root_mean_squared_error": 0.49264436960220337,
        "val_loss": 0.051050420850515366,
        "val_mae": 0.17823803424835205,
        "val_root_mean_squared_error": 0.2259434014558792,
        "train_time": 21.08355975151062
    }
}