{
    "parameters": {
        "mf_type": "Generalized Bell",
        "num_mfs": 2,
        "learning_rate": 0.0001,
        "batch_size": 64,
        "num_epochs": 250
    },
    "results": {
        "loss": 0.45664313435554504,
        "mae": 0.5710746645927429,
        "root_mean_squared_error": 0.6757537722587585,
        "val_loss": 0.430177241563797,
        "val_mae": 0.550478458404541,
        "val_root_mean_squared_error": 0.6558789610862732,
        "train_time": 25.152218103408813
    }
}