{
    "parameters": {
        "mf_type": "Gaussian",
        "num_mfs": 3,
        "learning_rate": 0.0005,
        "batch_size": 128,
        "num_epochs": 250
    },
    "results": {
        "loss": 0.10331575572490692,
        "mae": 0.2575754225254059,
        "root_mean_squared_error": 0.32142767310142517,
        "val_loss": 0.09885067492723465,
        "val_mae": 0.2483026385307312,
        "val_root_mean_squared_error": 0.31440526247024536,
        "train_time": 28.13955330848694
    }
}