{
    "parameters": {
        "mf_type": "Smoothed Triangular",
        "num_mfs": 4,
        "learning_rate": 0.001,
        "batch_size": 64,
        "num_epochs": 100
    },
    "results": {
        "loss": 6.3620429039001465,
        "mae": 2.4984631538391113,
        "root_mean_squared_error": 2.5223090648651123,
        "val_loss": 6.24431848526001,
        "val_mae": 2.4763331413269043,
        "val_root_mean_squared_error": 2.498863458633423,
        "train_time": 40.89896202087402
    }
}