{
    "parameters": {
        "num_layers": 3,
        "num_neurons": 80,
        "num_epochs": 500,
        "learning_rate": 0.001,
        "use_batch_norm": true,
        "use_dropout": true,
        "batch_size": 128
    },
    "results": {
        "loss": 0.09228215366601944,
        "mae": 0.23458074033260345,
        "r2_score": 0.9622812271118164,
        "root_mean_squared_error": 0.3037797808647156,
        "val_loss": 0.011994296684861183,
        "val_mae": 0.07991166412830353,
        "val_r2_score": 0.9950713515281677,
        "val_root_mean_squared_error": 0.10951847583055496,
        "train_time": 44.2994327545166
    }
}