{
    "parameters": {
        "num_layers": 3,
        "num_neurons": 80,
        "num_epochs": 500,
        "learning_rate": 0.001,
        "use_batch_norm": true,
        "use_dropout": true,
        "batch_size": 128
    },
    "results": {
        "loss": 0.06725581735372543,
        "mae": 0.19762496650218964,
        "r2_score": 0.9693596959114075,
        "root_mean_squared_error": 0.25933727622032166,
        "val_loss": 0.01853003352880478,
        "val_mae": 0.10893497616052628,
        "val_r2_score": 0.9913572669029236,
        "val_root_mean_squared_error": 0.13612507283687592,
        "train_time": 58.324188232421875
    }
}