{
    "parameters": {
        "num_layers": 3,
        "num_neurons": 80,
        "num_epochs": 500,
        "learning_rate": 0.001,
        "use_batch_norm": true,
        "use_dropout": true,
        "batch_size": 128
    },
    "results": {
        "loss": 0.05857066810131073,
        "mae": 0.18689577281475067,
        "r2_score": 0.9730311632156372,
        "root_mean_squared_error": 0.24201378226280212,
        "val_loss": 0.012076939456164837,
        "val_mae": 0.06970526278018951,
        "val_r2_score": 0.9946109652519226,
        "val_root_mean_squared_error": 0.10989513248205185,
        "train_time": 59.18552780151367
    }
}