{
    "parameters": {
        "num_layers": 2,
        "num_neurons": 112,
        "num_epochs": 500,
        "learning_rate": 0.001,
        "use_batch_norm": true,
        "use_dropout": true,
        "batch_size": 160
    },
    "results": {
        "loss": 0.05096765235066414,
        "mae": 0.1743265837430954,
        "r2_score": 0.9765319228172302,
        "root_mean_squared_error": 0.22576016187667847,
        "val_loss": 0.005860075820237398,
        "val_mae": 0.055490925908088684,
        "val_r2_score": 0.9973850846290588,
        "val_root_mean_squared_error": 0.07655113190412521,
        "train_time": 45.321051836013794
    }
}