{
    "parameters": {
        "num_layers": 2,
        "num_neurons": 112,
        "num_epochs": 500,
        "learning_rate": 0.001,
        "use_batch_norm": true,
        "use_dropout": true,
        "batch_size": 160
    },
    "results": {
        "loss": 0.05970177799463272,
        "mae": 0.18783791363239288,
        "r2_score": 0.972801148891449,
        "root_mean_squared_error": 0.2443394660949707,
        "val_loss": 0.017185218632221222,
        "val_mae": 0.09714028239250183,
        "val_r2_score": 0.991984486579895,
        "val_root_mean_squared_error": 0.1310923993587494,
        "train_time": 45.4114511013031
    }
}