{
    "parameters": {
        "num_layers": 2,
        "num_neurons": 112,
        "num_epochs": 500,
        "learning_rate": 0.001,
        "use_batch_norm": true,
        "use_dropout": true,
        "batch_size": 160
    },
    "results": {
        "loss": 0.06730543822050095,
        "mae": 0.20146317780017853,
        "r2_score": 0.9724898934364319,
        "root_mean_squared_error": 0.25943291187286377,
        "val_loss": 0.011748003773391247,
        "val_mae": 0.08021875470876694,
        "val_r2_score": 0.9951725602149963,
        "val_root_mean_squared_error": 0.10838820785284042,
        "train_time": 35.097018003463745
    }
}