{
    "parameters": {
        "num_layers": 2,
        "num_neurons": 64,
        "num_epochs": 500,
        "learning_rate": 0.0005,
        "use_batch_norm": true,
        "use_dropout": true,
        "batch_size": 32
    },
    "results": {
        "loss": 0.14327174425125122,
        "mae": 0.2952719032764435,
        "root_mean_squared_error": 0.37851253151893616,
        "val_loss": 0.033779047429561615,
        "val_mae": 0.11598258465528488,
        "val_root_mean_squared_error": 0.18379077315330505,
        "train_time": 103.52460622787476
    }
}