{
    "parameters": {
        "mf_type": "Smoothed Triangular",
        "num_mfs": 2,
        "learning_rate": 0.001,
        "batch_size": 64,
        "num_epochs": 250
    },
    "results": {
        "loss": 0.10590756684541702,
        "mae": 0.2631402015686035,
        "root_mean_squared_error": 0.3254344165325165,
        "val_loss": 0.10168621689081192,
        "val_mae": 0.2545771598815918,
        "val_root_mean_squared_error": 0.3188827633857727,
        "train_time": 26.713569402694702
    }
}