{
    "parameters": {
        "num_layers": 3,
        "num_neurons": 64,
        "num_epochs": 500,
        "learning_rate": 0.001,
        "use_batch_norm": true,
        "use_dropout": true,
        "batch_size": 224
    },
    "results": {
        "loss": 0.09738056361675262,
        "mae": 0.2416144162416458,
        "r2_score": 0.9601973295211792,
        "root_mean_squared_error": 0.31205859780311584,
        "val_loss": 0.015018130652606487,
        "val_mae": 0.0899791419506073,
        "val_r2_score": 0.9938287734985352,
        "val_root_mean_squared_error": 0.12254848331212997,
        "train_time": 34.29403209686279
    }
}