{
    "parameters": {
        "num_layers": 3,
        "num_neurons": 64,
        "num_epochs": 500,
        "learning_rate": 0.001,
        "use_batch_norm": true,
        "use_dropout": true,
        "batch_size": 224
    },
    "results": {
        "loss": 0.06418539583683014,
        "mae": 0.19367791712284088,
        "r2_score": 0.9704458117485046,
        "root_mean_squared_error": 0.25334838032722473,
        "val_loss": 0.017235949635505676,
        "val_mae": 0.10406031459569931,
        "val_r2_score": 0.9923089146614075,
        "val_root_mean_squared_error": 0.13128575682640076,
        "train_time": 42.571107625961304
    }
}