{
    "parameters": {
        "num_layers": 3,
        "num_neurons": 64,
        "num_epochs": 500,
        "learning_rate": 0.001,
        "use_batch_norm": true,
        "use_dropout": true,
        "batch_size": 224
    },
    "results": {
        "loss": 0.06889131665229797,
        "mae": 0.19992510974407196,
        "r2_score": 0.9686147570610046,
        "root_mean_squared_error": 0.2624715566635132,
        "val_loss": 0.012768634594976902,
        "val_mae": 0.08545991778373718,
        "val_r2_score": 0.9940444827079773,
        "val_root_mean_squared_error": 0.11299838125705719,
        "train_time": 43.74313402175903
    }
}