{
    "parameters": {
        "num_layers": 2,
        "num_neurons": 32,
        "num_epochs": 500,
        "learning_rate": 0.0005,
        "use_batch_norm": true,
        "use_dropout": true,
        "batch_size": 128
    },
    "results": {
        "loss": 0.1633450835943222,
        "mae": 0.31440767645835876,
        "r2_score": 0.9331651329994202,
        "root_mean_squared_error": 0.4041597247123718,
        "val_loss": 0.058577362447977066,
        "val_mae": 0.185124933719635,
        "val_r2_score": 0.9767245650291443,
        "val_root_mean_squared_error": 0.24202761054039001,
        "train_time": 34.76624059677124
    }
}