{
    "parameters": {
        "num_layers": 2,
        "num_neurons": 32,
        "num_epochs": 500,
        "learning_rate": 0.0005,
        "use_batch_norm": true,
        "use_dropout": true,
        "batch_size": 128
    },
    "results": {
        "loss": 0.10312886536121368,
        "mae": 0.24697557091712952,
        "r2_score": 0.9532392024993896,
        "root_mean_squared_error": 0.32113683223724365,
        "val_loss": 0.03224274888634682,
        "val_mae": 0.13763076066970825,
        "val_r2_score": 0.9857845306396484,
        "val_root_mean_squared_error": 0.17956265807151794,
        "train_time": 45.46399974822998
    }
}