{
    "parameters": {
        "num_layers": 2,
        "num_neurons": 80,
        "num_epochs": 500,
        "learning_rate": 0.001,
        "use_batch_norm": true,
        "use_dropout": true,
        "batch_size": 128
    },
    "results": {
        "loss": 0.06052312254905701,
        "mae": 0.18917834758758545,
        "r2_score": 0.9721323251724243,
        "root_mean_squared_error": 0.24601447582244873,
        "val_loss": 0.011938398703932762,
        "val_mae": 0.08588092774152756,
        "val_r2_score": 0.9946727752685547,
        "val_root_mean_squared_error": 0.10926298052072525,
        "train_time": 50.05020356178284
    }
}