{
    "parameters": {
        "num_layers": 2,
        "num_neurons": 80,
        "num_epochs": 500,
        "learning_rate": 0.001,
        "use_batch_norm": true,
        "use_dropout": true,
        "batch_size": 128
    },
    "results": {
        "loss": 0.07714015990495682,
        "mae": 0.21223889291286469,
        "r2_score": 0.9648565649986267,
        "root_mean_squared_error": 0.2777411639690399,
        "val_loss": 0.019214356318116188,
        "val_mae": 0.10289071500301361,
        "val_r2_score": 0.9910380840301514,
        "val_root_mean_squared_error": 0.13861586153507233,
        "train_time": 50.55183386802673
    }
}