{
    "parameters": {
        "num_layers": 2,
        "num_neurons": 80,
        "num_epochs": 500,
        "learning_rate": 0.001,
        "use_batch_norm": true,
        "use_dropout": true,
        "batch_size": 128
    },
    "results": {
        "loss": 0.08688156306743622,
        "mae": 0.22987346351146698,
        "r2_score": 0.9644885659217834,
        "root_mean_squared_error": 0.29475679993629456,
        "val_loss": 0.019413497298955917,
        "val_mae": 0.1086798831820488,
        "val_r2_score": 0.9920226335525513,
        "val_root_mean_squared_error": 0.13933232426643372,
        "train_time": 38.92621684074402
    }
}