{
    "parameters": {
        "num_layers": 2,
        "num_neurons": 64,
        "num_epochs": 250,
        "learning_rate": 0.0001,
        "use_batch_norm": true,
        "use_dropout": true,
        "batch_size": 32
    },
    "results": {
        "loss": 0.21989621222019196,
        "mae": 0.3712155520915985,
        "r2_score": 0.9100263714790344,
        "root_mean_squared_error": 0.4689309298992157,
        "val_loss": 0.04130706563591957,
        "val_mae": 0.15954409539699554,
        "val_r2_score": 0.983586847782135,
        "val_root_mean_squared_error": 0.20324139297008514,
        "train_time": 39.35723543167114
    }
}