{
    "parameters": {
        "num_layers": 2,
        "num_neurons": 64,
        "num_epochs": 250,
        "learning_rate": 0.0001,
        "use_batch_norm": true,
        "use_dropout": true,
        "batch_size": 32
    },
    "results": {
        "loss": 0.18668945133686066,
        "mae": 0.3379669487476349,
        "r2_score": 0.9153515696525574,
        "root_mean_squared_error": 0.43207573890686035,
        "val_loss": 0.020722312852740288,
        "val_mae": 0.10930486023426056,
        "val_r2_score": 0.9908637404441833,
        "val_root_mean_squared_error": 0.14395247399806976,
        "train_time": 53.04813838005066
    }
}