{
    "parameters": {
        "num_layers": 2,
        "num_neurons": 64,
        "num_epochs": 250,
        "learning_rate": 0.0001,
        "use_batch_norm": true,
        "use_dropout": true,
        "batch_size": 32
    },
    "results": {
        "loss": 0.19405698776245117,
        "mae": 0.34479519724845886,
        "r2_score": 0.9115162491798401,
        "root_mean_squared_error": 0.4405190050601959,
        "val_loss": 0.036433421075344086,
        "val_mae": 0.13952188193798065,
        "val_r2_score": 0.9834796190261841,
        "val_root_mean_squared_error": 0.19087541103363037,
        "train_time": 60.289796113967896
    }
}