{
    "parameters": {
        "num_layers": 3,
        "num_neurons": 80,
        "num_epochs": 500,
        "learning_rate": 0.001,
        "use_batch_norm": true,
        "use_dropout": true,
        "batch_size": 224
    },
    "results": {
        "loss": 0.06188274174928665,
        "mae": 0.18813183903694153,
        "r2_score": 0.9715061187744141,
        "root_mean_squared_error": 0.24876241385936737,
        "val_loss": 0.010090612806379795,
        "val_mae": 0.07500936090946198,
        "val_r2_score": 0.9954973459243774,
        "val_root_mean_squared_error": 0.10045204311609268,
        "train_time": 44.41028881072998
    }
}