{
    "parameters": {
        "num_layers": 3,
        "num_neurons": 80,
        "num_epochs": 500,
        "learning_rate": 0.001,
        "use_batch_norm": true,
        "use_dropout": true,
        "batch_size": 224
    },
    "results": {
        "loss": 0.06403351575136185,
        "mae": 0.19218365848064423,
        "r2_score": 0.9708277583122253,
        "root_mean_squared_error": 0.25304844975471497,
        "val_loss": 0.013287123292684555,
        "val_mae": 0.08394218236207962,
        "val_r2_score": 0.9938026666641235,
        "val_root_mean_squared_error": 0.11526978760957718,
        "train_time": 45.67798924446106
    }
}