{
    "parameters": {
        "num_layers": 3,
        "num_neurons": 80,
        "num_epochs": 500,
        "learning_rate": 0.001,
        "use_batch_norm": true,
        "use_dropout": true,
        "batch_size": 224
    },
    "results": {
        "loss": 0.09855405241250992,
        "mae": 0.24391226470470428,
        "r2_score": 0.9597175121307373,
        "root_mean_squared_error": 0.31393319368362427,
        "val_loss": 0.013599611818790436,
        "val_mae": 0.0800689160823822,
        "val_r2_score": 0.9944117069244385,
        "val_root_mean_squared_error": 0.11661737412214279,
        "train_time": 35.72857451438904
    }
}