{
    "parameters": {
        "num_layers": 2,
        "num_neurons": 64,
        "num_epochs": 500,
        "learning_rate": 0.001,
        "use_batch_norm": true,
        "use_dropout": true,
        "batch_size": 128
    },
    "results": {
        "loss": 0.09663452208042145,
        "mae": 0.2420540452003479,
        "r2_score": 0.9605022072792053,
        "root_mean_squared_error": 0.31086093187332153,
        "val_loss": 0.023008933290839195,
        "val_mae": 0.1130731850862503,
        "val_r2_score": 0.9905452132225037,
        "val_root_mean_squared_error": 0.15168695151805878,
        "train_time": 38.78148818016052
    }
}