{
    "parameters": {
        "num_layers": 2,
        "num_neurons": 64,
        "num_epochs": 500,
        "learning_rate": 0.001,
        "use_batch_norm": true,
        "use_dropout": true,
        "batch_size": 128
    },
    "results": {
        "loss": 0.0831250250339508,
        "mae": 0.22108884155750275,
        "r2_score": 0.962130069732666,
        "root_mean_squared_error": 0.2883141040802002,
        "val_loss": 0.02204115502536297,
        "val_mae": 0.10971826314926147,
        "val_r2_score": 0.9897196292877197,
        "val_root_mean_squared_error": 0.14846263825893402,
        "train_time": 47.79894399642944
    }
}