{
    "parameters": {
        "num_layers": 2,
        "num_neurons": 64,
        "num_epochs": 500,
        "learning_rate": 0.001,
        "use_batch_norm": true,
        "use_dropout": true,
        "batch_size": 128
    },
    "results": {
        "loss": 0.0695759654045105,
        "mae": 0.20361627638339996,
        "r2_score": 0.9679638743400574,
        "root_mean_squared_error": 0.263772577047348,
        "val_loss": 0.024577954784035683,
        "val_mae": 0.11427599936723709,
        "val_r2_score": 0.9890327453613281,
        "val_root_mean_squared_error": 0.15677358210086823,
        "train_time": 46.55186724662781
    }
}