{
    "parameters": {
        "mf_type": "Generalized Bell",
        "num_mfs": 3,
        "learning_rate": 0.0001,
        "batch_size": 128,
        "num_epochs": 100
    },
    "results": {
        "loss": 16.584199905395508,
        "mae": 3.910691261291504,
        "root_mean_squared_error": 4.072370529174805,
        "val_loss": 16.255802154541016,
        "val_mae": 3.877793312072754,
        "val_root_mean_squared_error": 4.031848430633545,
        "train_time": 14.082940578460693
    }
}