{
    "parameters": {
        "mf_type": "Generalized Bell",
        "num_mfs": 4,
        "learning_rate": 0.0005,
        "batch_size": 64,
        "num_epochs": 250
    },
    "results": {
        "loss": 0.09553699940443039,
        "mae": 0.2499234825372696,
        "root_mean_squared_error": 0.30909061431884766,
        "val_loss": 0.09347757697105408,
        "val_mae": 0.2448606938123703,
        "val_root_mean_squared_error": 0.3057410418987274,
        "train_time": 97.05164527893066
    }
}