{
    "parameters": {
        "mf_type": "Generalized Bell",
        "num_mfs": 4,
        "learning_rate": 0.0001,
        "batch_size": 32,
        "num_epochs": 500
    },
    "results": {
        "loss": 0.0985131785273552,
        "mae": 0.25168439745903015,
        "r2_score": 0.9597908854484558,
        "root_mean_squared_error": 0.31386810541152954,
        "val_loss": 0.09466562420129776,
        "val_mae": 0.24433386325836182,
        "val_r2_score": 0.9616551995277405,
        "val_root_mean_squared_error": 0.3076778054237366,
        "train_time": 223.5850522518158
    }
}