{
    "parameters": {
        "num_layers": 2,
        "num_neurons": 64,
        "num_epochs": 500,
        "learning_rate": 0.001,
        "use_batch_norm": true,
        "use_dropout": true,
        "batch_size": 192
    },
    "results": {
        "loss": 0.09893632680177689,
        "mae": 0.24297592043876648,
        "r2_score": 0.959561288356781,
        "root_mean_squared_error": 0.31454145908355713,
        "val_loss": 0.043576329946517944,
        "val_mae": 0.14624808728694916,
        "val_r2_score": 0.9820936918258667,
        "val_root_mean_squared_error": 0.2087494432926178,
        "train_time": 31.811349153518677
    }
}