{
    "parameters": {
        "num_layers": 2,
        "num_neurons": 64,
        "num_epochs": 500,
        "learning_rate": 0.001,
        "use_batch_norm": true,
        "use_dropout": true,
        "batch_size": 192
    },
    "results": {
        "loss": 0.06604408472776413,
        "mae": 0.19822955131530762,
        "r2_score": 0.9695901274681091,
        "root_mean_squared_error": 0.2569904327392578,
        "val_loss": 0.01885991357266903,
        "val_mae": 0.1029253825545311,
        "val_r2_score": 0.9915842413902283,
        "val_root_mean_squared_error": 0.13733139634132385,
        "train_time": 40.22777962684631
    }
}