{
    "parameters": {
        "num_layers": 1,
        "num_neurons": 64,
        "num_epochs": 100,
        "learning_rate": 0.0005,
        "use_batch_norm": true,
        "use_dropout": true,
        "batch_size": 128
    },
    "results": {
        "loss": 0.1459227055311203,
        "mae": 0.30030274391174316,
        "r2_score": 0.9338356256484985,
        "root_mean_squared_error": 0.38199830055236816,
        "val_loss": 0.043295718729496,
        "val_mae": 0.16685593128204346,
        "val_r2_score": 0.980911374092102,
        "val_root_mean_squared_error": 0.20807623863220215,
        "train_time": 8.431683540344238
    }
}