{
    "parameters": {
        "num_layers": 1,
        "num_neurons": 64,
        "num_epochs": 100,
        "learning_rate": 0.0005,
        "use_batch_norm": true,
        "use_dropout": true,
        "batch_size": 128
    },
    "results": {
        "loss": 0.19788439571857452,
        "mae": 0.34996670484542847,
        "r2_score": 0.9190328121185303,
        "root_mean_squared_error": 0.44484198093414307,
        "val_loss": 0.07161100208759308,
        "val_mae": 0.2159336507320404,
        "val_r2_score": 0.9715456962585449,
        "val_root_mean_squared_error": 0.2676023244857788,
        "train_time": 6.744237422943115
    }
}