{
    "parameters": {
        "num_layers": 2,
        "num_neurons": 64,
        "num_epochs": 100,
        "learning_rate": 0.001,
        "use_batch_norm": true,
        "use_dropout": true,
        "batch_size": 128
    },
    "results": {
        "loss": 0.16946543753147125,
        "mae": 0.32451051473617554,
        "r2_score": 0.9306606650352478,
        "root_mean_squared_error": 0.4116618037223816,
        "val_loss": 0.05816694349050522,
        "val_mae": 0.19210617244243622,
        "val_r2_score": 0.9768876433372498,
        "val_root_mean_squared_error": 0.2411782443523407,
        "train_time": 8.309348344802856
    }
}