{
    "parameters": {
        "num_layers": 2,
        "num_neurons": 64,
        "num_epochs": 100,
        "learning_rate": 0.001,
        "use_batch_norm": true,
        "use_dropout": true,
        "batch_size": 128
    },
    "results": {
        "loss": 0.13542796671390533,
        "mae": 0.28402823209762573,
        "r2_score": 0.9385944604873657,
        "root_mean_squared_error": 0.3680053949356079,
        "val_loss": 0.02257114090025425,
        "val_mae": 0.11256461590528488,
        "val_r2_score": 0.9900486469268799,
        "val_root_mean_squared_error": 0.15023694932460785,
        "train_time": 9.98506212234497
    }
}