{
    "parameters": {
        "num_layers": 4,
        "num_neurons": 128,
        "num_epochs": 500,
        "learning_rate": 0.001,
        "use_batch_norm": true,
        "use_dropout": true,
        "batch_size": 256
    },
    "results": {
        "loss": 0.06924105435609818,
        "mae": 0.20391039550304413,
        "r2_score": 0.9716987609863281,
        "root_mean_squared_error": 0.26313695311546326,
        "val_loss": 0.007785649970173836,
        "val_mae": 0.06460114568471909,
        "val_r2_score": 0.9968007206916809,
        "val_root_mean_squared_error": 0.08823633193969727,
        "train_time": 49.1480770111084
    }
}