{
    "parameters": {
        "num_layers": 4,
        "num_neurons": 128,
        "num_epochs": 500,
        "learning_rate": 0.001,
        "use_batch_norm": true,
        "use_dropout": true,
        "batch_size": 256
    },
    "results": {
        "loss": 0.05064433813095093,
        "mae": 0.17148065567016602,
        "r2_score": 0.9766808748245239,
        "root_mean_squared_error": 0.22504296898841858,
        "val_loss": 0.007199127227067947,
        "val_mae": 0.06711041182279587,
        "val_r2_score": 0.9967875480651855,
        "val_root_mean_squared_error": 0.08484767377376556,
        "train_time": 64.65535998344421
    }
}