{
    "parameters": {
        "mf_type": "Smoothed Triangular",
        "num_mfs": 5,
        "learning_rate": 0.0005,
        "batch_size": 128,
        "num_epochs": 500
    },
    "results": {
        "loss": 0.10648760199546814,
        "mae": 0.26383304595947266,
        "r2_score": 0.956536054611206,
        "root_mean_squared_error": 0.32632437348365784,
        "val_loss": 0.10340020060539246,
        "val_mae": 0.25721457600593567,
        "val_r2_score": 0.9581171870231628,
        "val_root_mean_squared_error": 0.32155901193618774,
        "train_time": 920.4408805370331
    }
}