{
    "parameters": {
        "num_layers": 3,
        "num_neurons": 64,
        "num_epochs": 500,
        "learning_rate": 0.001,
        "use_batch_norm": true,
        "use_dropout": true,
        "batch_size": 160
    },
    "results": {
        "loss": 0.06967874616384506,
        "mae": 0.20160964131355286,
        "r2_score": 0.9679165482521057,
        "root_mean_squared_error": 0.2639673054218292,
        "val_loss": 0.01137577649205923,
        "val_mae": 0.07691023498773575,
        "val_r2_score": 0.9949238300323486,
        "val_root_mean_squared_error": 0.10665728151798248,
        "train_time": 44.538917541503906
    }
}