{
    "parameters": {
        "num_layers": 3,
        "num_neurons": 64,
        "num_epochs": 500,
        "learning_rate": 0.001,
        "use_batch_norm": true,
        "use_dropout": true,
        "batch_size": 160
    },
    "results": {
        "loss": 0.08712465316057205,
        "mae": 0.22878047823905945,
        "r2_score": 0.9643890857696533,
        "root_mean_squared_error": 0.29516884684562683,
        "val_loss": 0.0175425224006176,
        "val_mae": 0.09530812501907349,
        "val_r2_score": 0.992791473865509,
        "val_root_mean_squared_error": 0.13244818150997162,
        "train_time": 34.411227226257324
    }
}