{
    "parameters": {
        "num_layers": 3,
        "num_neurons": 64,
        "num_epochs": 500,
        "learning_rate": 0.001,
        "use_batch_norm": true,
        "use_dropout": true,
        "batch_size": 160
    },
    "results": {
        "loss": 0.07601161301136017,
        "mae": 0.2092253416776657,
        "r2_score": 0.965370774269104,
        "root_mean_squared_error": 0.27570202946662903,
        "val_loss": 0.018298568204045296,
        "val_mae": 0.1015917956829071,
        "val_r2_score": 0.9914652109146118,
        "val_root_mean_squared_error": 0.13527220487594604,
        "train_time": 44.80352020263672
    }
}