{
    "parameters": {
        "num_layers": 4,
        "num_neurons": 64,
        "num_epochs": 500,
        "learning_rate": 0.001,
        "use_batch_norm": true,
        "use_dropout": true,
        "batch_size": 128
    },
    "results": {
        "loss": 0.101603202521801,
        "mae": 0.24669663608074188,
        "r2_score": 0.958471417427063,
        "root_mean_squared_error": 0.31875258684158325,
        "val_loss": 0.01427451241761446,
        "val_mae": 0.08491598814725876,
        "val_r2_score": 0.9941343665122986,
        "val_root_mean_squared_error": 0.11947599053382874,
        "train_time": 51.07133674621582
    }
}