{
    "parameters": {
        "num_layers": 4,
        "num_neurons": 64,
        "num_epochs": 500,
        "learning_rate": 0.001,
        "use_batch_norm": true,
        "use_dropout": true,
        "batch_size": 128
    },
    "results": {
        "loss": 0.07037890702486038,
        "mae": 0.20487268269062042,
        "r2_score": 0.9675940871238708,
        "root_mean_squared_error": 0.265290230512619,
        "val_loss": 0.00866099912673235,
        "val_mae": 0.06849894672632217,
        "val_r2_score": 0.9961352348327637,
        "val_root_mean_squared_error": 0.09306448698043823,
        "train_time": 63.46709632873535
    }
}