{
    "parameters": {
        "mf_type": "Gaussian",
        "num_mfs": 3,
        "learning_rate": 0.0001,
        "batch_size": 32,
        "num_epochs": 250
    },
    "results": {
        "loss": 0.10407809168100357,
        "mae": 0.26105839014053345,
        "root_mean_squared_error": 0.32261136174201965,
        "val_loss": 0.10027675330638885,
        "val_mae": 0.2527126669883728,
        "val_root_mean_squared_error": 0.31666505336761475,
        "train_time": 56.24792742729187
    }
}