{
    "parameters": {
        "mf_type": "Smoothed Triangular",
        "num_mfs": 3,
        "learning_rate": 0.001,
        "batch_size": 64,
        "num_epochs": 250
    },
    "results": {
        "loss": 2.277970790863037,
        "mae": 1.4735649824142456,
        "root_mean_squared_error": 1.5092947483062744,
        "val_loss": 2.2273802757263184,
        "val_mae": 1.4574936628341675,
        "val_root_mean_squared_error": 1.4924410581588745,
        "train_time": 43.326199531555176
    }
}