{
    "parameters": {
        "num_layers": 1,
        "num_neurons": 64,
        "num_epochs": 250,
        "learning_rate": 0.001,
        "use_batch_norm": true,
        "use_dropout": true,
        "batch_size": 64
    },
    "results": {
        "loss": 0.1238970160484314,
        "mae": 0.27612048387527466,
        "r2_score": 0.9438222050666809,
        "root_mean_squared_error": 0.35199007391929626,
        "val_loss": 0.04108485206961632,
        "val_mae": 0.16007409989833832,
        "val_r2_score": 0.9818861484527588,
        "val_root_mean_squared_error": 0.20269398391246796,
        "train_time": 28.072847843170166
    }
}