{
    "parameters": {
        "num_layers": 1,
        "num_neurons": 64,
        "num_epochs": 250,
        "learning_rate": 0.001,
        "use_batch_norm": true,
        "use_dropout": true,
        "batch_size": 64
    },
    "results": {
        "loss": 0.154025137424469,
        "mae": 0.3101348876953125,
        "r2_score": 0.9369783401489258,
        "root_mean_squared_error": 0.3924603760242462,
        "val_loss": 0.06877005100250244,
        "val_mae": 0.20837894082069397,
        "val_r2_score": 0.9726746082305908,
        "val_root_mean_squared_error": 0.2622404396533966,
        "train_time": 21.291200876235962
    }
}