{
    "parameters": {
        "num_layers": 2,
        "num_neurons": 64,
        "num_epochs": 100,
        "learning_rate": 0.0005,
        "use_batch_norm": true,
        "use_dropout": true,
        "batch_size": 128
    },
    "results": {
        "loss": 0.18454387784004211,
        "mae": 0.33652979135513306,
        "r2_score": 0.924491286277771,
        "root_mean_squared_error": 0.42958569526672363,
        "val_loss": 0.04612857103347778,
        "val_mae": 0.1704578846693039,
        "val_r2_score": 0.9816710352897644,
        "val_root_mean_squared_error": 0.21477563679218292,
        "train_time": 8.313422918319702
    }
}