{
    "parameters": {
        "num_layers": 2,
        "num_neurons": 64,
        "num_epochs": 100,
        "learning_rate": 0.0005,
        "use_batch_norm": true,
        "use_dropout": true,
        "batch_size": 128
    },
    "results": {
        "loss": 0.13938136398792267,
        "mae": 0.28926384449005127,
        "r2_score": 0.9368014335632324,
        "root_mean_squared_error": 0.37333813309669495,
        "val_loss": 0.02465248294174671,
        "val_mae": 0.1225690022110939,
        "val_r2_score": 0.989130973815918,
        "val_root_mean_squared_error": 0.15701109170913696,
        "train_time": 10.110108375549316
    }
}