{
    "parameters": {
        "num_layers": 1,
        "num_neurons": 32,
        "num_epochs": 100,
        "learning_rate": 0.0001,
        "use_batch_norm": true,
        "use_dropout": true,
        "batch_size": 64
    },
    "results": {
        "loss": 0.3313540518283844,
        "mae": 0.44531139731407166,
        "r2_score": 0.8489120006561279,
        "root_mean_squared_error": 0.5756335854530334,
        "val_loss": 0.0887679010629654,
        "val_mae": 0.2252129465341568,
        "val_r2_score": 0.9597489833831787,
        "val_root_mean_squared_error": 0.2979394197463989,
        "train_time": 13.081810474395752
    }
}