{
    "parameters": {
        "mf_type": "Gaussian",
        "num_mfs": 2,
        "learning_rate": 0.001,
        "batch_size": 64,
        "num_epochs": 500
    },
    "results": {
        "loss": 0.10259111225605011,
        "mae": 0.25940054655075073,
        "root_mean_squared_error": 0.3202984631061554,
        "val_loss": 0.09927473962306976,
        "val_mae": 0.2533683478832245,
        "val_root_mean_squared_error": 0.3150789439678192,
        "train_time": 46.92867302894592
    }
}