{
    "parameters": {
        "num_layers": 2,
        "num_neurons": 16,
        "num_epochs": 250,
        "learning_rate": 0.0001,
        "use_batch_norm": true,
        "use_dropout": true,
        "batch_size": 32
    },
    "results": {
        "loss": 0.3165859878063202,
        "mae": 0.43419918417930603,
        "root_mean_squared_error": 0.562659740447998,
        "val_loss": 0.0656958520412445,
        "val_mae": 0.20377378165721893,
        "val_root_mean_squared_error": 0.2563120126724243,
        "train_time": 59.20544695854187
    }
}