{
    "parameters": {
        "mf_type": "Generalized Bell",
        "num_mfs": 4,
        "learning_rate": 0.0005,
        "batch_size": 128,
        "num_epochs": 500
    },
    "results": {
        "loss": 0.09682410955429077,
        "mae": 0.2516758143901825,
        "root_mean_squared_error": 0.3111657202243805,
        "val_loss": 0.09450223296880722,
        "val_mae": 0.24584907293319702,
        "val_root_mean_squared_error": 0.30741214752197266,
        "train_time": 151.52078700065613
    }
}