{
    "parameters": {
        "num_layers": 1,
        "num_neurons": 16,
        "num_epochs": 500,
        "learning_rate": 0.0005,
        "use_batch_norm": true,
        "use_dropout": true,
        "batch_size": 64
    },
    "results": {
        "loss": 0.19024215638637543,
        "mae": 0.3407811224460602,
        "r2_score": 0.9221599698066711,
        "root_mean_squared_error": 0.43616756796836853,
        "val_loss": 0.09568958729505539,
        "val_mae": 0.25298818945884705,
        "val_r2_score": 0.9619783163070679,
        "val_root_mean_squared_error": 0.3093373477458954,
        "train_time": 43.340739250183105
    }
}