{
    "parameters": {
        "num_layers": 1,
        "num_neurons": 16,
        "num_epochs": 500,
        "learning_rate": 0.0005,
        "use_batch_norm": true,
        "use_dropout": true,
        "batch_size": 64
    },
    "results": {
        "loss": 0.1596764326095581,
        "mae": 0.3102472722530365,
        "r2_score": 0.9275993704795837,
        "root_mean_squared_error": 0.39959535002708435,
        "val_loss": 0.06641346216201782,
        "val_mae": 0.20490363240242004,
        "val_r2_score": 0.9707189798355103,
        "val_root_mean_squared_error": 0.2577081024646759,
        "train_time": 56.53512215614319
    }
}