{
    "parameters": {
        "num_layers": 1,
        "num_neurons": 16,
        "num_epochs": 250,
        "learning_rate": 0.001,
        "use_batch_norm": true,
        "use_dropout": true,
        "batch_size": 128
    },
    "results": {
        "loss": 0.2160700261592865,
        "mae": 0.3491397798061371,
        "r2_score": 0.9014784693717957,
        "root_mean_squared_error": 0.4648333191871643,
        "val_loss": 0.12164740264415741,
        "val_mae": 0.2627686858177185,
        "val_r2_score": 0.9448401927947998,
        "val_root_mean_squared_error": 0.3487798869609833,
        "train_time": 20.61994194984436
    }
}