{
    "parameters": {
        "num_layers": 1,
        "num_neurons": 16,
        "num_epochs": 250,
        "learning_rate": 0.001,
        "use_batch_norm": true,
        "use_dropout": true,
        "batch_size": 128
    },
    "results": {
        "loss": 0.15428829193115234,
        "mae": 0.3038206696510315,
        "root_mean_squared_error": 0.39279547333717346,
        "val_loss": 0.07124336063861847,
        "val_mae": 0.2161872833967209,
        "val_root_mean_squared_error": 0.2669145166873932,
        "train_time": 17.80185604095459
    }
}