{
    "parameters": {
        "num_layers": 2,
        "num_neurons": 64,
        "num_epochs": 500,
        "learning_rate": 0.0001,
        "use_batch_norm": true,
        "use_dropout": true,
        "batch_size": 64
    },
    "results": {
        "loss": 0.12724606692790985,
        "mae": 0.2771016061306,
        "r2_score": 0.9423041343688965,
        "root_mean_squared_error": 0.35671567916870117,
        "val_loss": 0.01724390871822834,
        "val_mae": 0.09869024902582169,
        "val_r2_score": 0.9923973679542542,
        "val_root_mean_squared_error": 0.13131606578826904,
        "train_time": 70.68640851974487
    }
}