{
    "parameters": {
        "num_layers": 2,
        "num_neurons": 64,
        "num_epochs": 500,
        "learning_rate": 0.0001,
        "use_batch_norm": true,
        "use_dropout": true,
        "batch_size": 64
    },
    "results": {
        "loss": 0.14420948922634125,
        "mae": 0.29542481899261475,
        "r2_score": 0.934244692325592,
        "root_mean_squared_error": 0.37974923849105835,
        "val_loss": 0.023011550307273865,
        "val_mae": 0.11448969691991806,
        "val_r2_score": 0.9895656108856201,
        "val_root_mean_squared_error": 0.15169557929039001,
        "train_time": 82.55679750442505
    }
}