{
    "parameters": {
        "num_layers": 2,
        "num_neurons": 64,
        "num_epochs": 500,
        "learning_rate": 0.0001,
        "use_batch_norm": true,
        "use_dropout": true,
        "batch_size": 64
    },
    "results": {
        "loss": 0.15613918006420135,
        "mae": 0.3091922402381897,
        "r2_score": 0.9361132979393005,
        "root_mean_squared_error": 0.3951444923877716,
        "val_loss": 0.03188882768154144,
        "val_mae": 0.13875919580459595,
        "val_r2_score": 0.9873291850090027,
        "val_root_mean_squared_error": 0.17857442796230316,
        "train_time": 50.023258447647095
    }
}