{
    "parameters": {
        "mf_type": "Generalized Bell",
        "num_mfs": 5,
        "learning_rate": 0.0005,
        "batch_size": 32,
        "num_epochs": 500
    },
    "results": {
        "loss": 0.0951365977525711,
        "mae": 0.24926479160785675,
        "root_mean_squared_error": 0.30844220519065857,
        "val_loss": 0.09292613714933395,
        "val_mae": 0.24361005425453186,
        "val_root_mean_squared_error": 0.3048378825187683,
        "train_time": 400.7865369319916
    }
}