{
    "parameters": {
        "num_layers": 2,
        "num_neurons": 64,
        "num_epochs": 500,
        "learning_rate": 0.0005,
        "use_batch_norm": true,
        "use_dropout": true,
        "batch_size": 128
    },
    "results": {
        "loss": 0.10291510075330734,
        "mae": 0.24937164783477783,
        "r2_score": 0.9530736207962036,
        "root_mean_squared_error": 0.32080382108688354,
        "val_loss": 0.02210758440196514,
        "val_mae": 0.10972720384597778,
        "val_r2_score": 0.9899755120277405,
        "val_root_mean_squared_error": 0.14868620038032532,
        "train_time": 56.811474323272705
    }
}