{
    "parameters": {
        "num_layers": 1,
        "num_neurons": 16,
        "num_epochs": 250,
        "learning_rate": 0.001,
        "use_batch_norm": true,
        "use_dropout": true,
        "batch_size": 32
    },
    "results": {
        "loss": 0.2306486815214157,
        "mae": 0.3774023652076721,
        "r2_score": 0.9056270718574524,
        "root_mean_squared_error": 0.480258971452713,
        "val_loss": 0.10218115150928497,
        "val_mae": 0.2593447268009186,
        "val_r2_score": 0.9593988656997681,
        "val_root_mean_squared_error": 0.3196578621864319,
        "train_time": 31.666547298431396
    }
}