{
    "parameters": {
        "num_layers": 1,
        "num_neurons": 16,
        "num_epochs": 250,
        "learning_rate": 0.001,
        "use_batch_norm": true,
        "use_dropout": true,
        "batch_size": 32
    },
    "results": {
        "loss": 0.2543727457523346,
        "mae": 0.3874422609806061,
        "r2_score": 0.8840128779411316,
        "root_mean_squared_error": 0.5043537616729736,
        "val_loss": 0.09146933257579803,
        "val_mae": 0.23802804946899414,
        "val_r2_score": 0.9585241079330444,
        "val_root_mean_squared_error": 0.30243897438049316,
        "train_time": 52.55005931854248
    }
}