{
    "parameters": {
        "num_layers": 1,
        "num_neurons": 16,
        "num_epochs": 250,
        "learning_rate": 0.001,
        "use_batch_norm": true,
        "use_dropout": true,
        "batch_size": 32
    },
    "results": {
        "loss": 0.20716330409049988,
        "mae": 0.35547512769699097,
        "r2_score": 0.9060679078102112,
        "root_mean_squared_error": 0.4551519453525543,
        "val_loss": 0.0740448608994484,
        "val_mae": 0.2134096473455429,
        "val_r2_score": 0.9673543572425842,
        "val_root_mean_squared_error": 0.2721118628978729,
        "train_time": 46.8049521446228
    }
}