{
    "parameters": {
        "mf_type": "Smoothed Triangular",
        "num_mfs": 5,
        "learning_rate": 0.0001,
        "batch_size": 64,
        "num_epochs": 500
    },
    "results": {
        "loss": 9.802639961242676,
        "mae": 3.0106990337371826,
        "root_mean_squared_error": 3.1309168338775635,
        "val_loss": 9.520294189453125,
        "val_mae": 2.9746923446655273,
        "val_root_mean_squared_error": 3.0854973793029785,
        "train_time": 447.2699580192566
    }
}