{
    "parameters": {
        "mf_type": "Smoothed Triangular",
        "num_mfs": 3,
        "learning_rate": 0.0005,
        "batch_size": 128,
        "num_epochs": 250
    },
    "results": {
        "loss": 16.38602066040039,
        "mae": 3.853281259536743,
        "root_mean_squared_error": 4.047965049743652,
        "val_loss": 16.20477867126465,
        "val_mae": 3.8318591117858887,
        "val_root_mean_squared_error": 4.025516033172607,
        "train_time": 31.77369451522827
    }
}