{
    "parameters": {
        "num_layers": 2,
        "num_neurons": 64,
        "num_epochs": 100,
        "learning_rate": 0.0005,
        "use_batch_norm": true,
        "use_dropout": true,
        "batch_size": 128
    },
    "results": {
        "loss": 0.1524825245141983,
        "mae": 0.30363479256629944,
        "root_mean_squared_error": 0.3904901146888733,
        "val_loss": 0.03388918936252594,
        "val_mae": 0.1435355395078659,
        "val_root_mean_squared_error": 0.18409016728401184,
        "train_time": 9.841294050216675
    }
}