{
    "parameters": {
        "num_layers": 2,
        "num_neurons": 64,
        "num_epochs": 100,
        "learning_rate": 0.0005,
        "use_batch_norm": true,
        "use_dropout": true,
        "batch_size": 128
    },
    "results": {
        "loss": 0.1502935141324997,
        "mae": 0.3002537488937378,
        "r2_score": 0.9314703941345215,
        "root_mean_squared_error": 0.38767707347869873,
        "val_loss": 0.036178626120090485,
        "val_mae": 0.14377832412719727,
        "val_r2_score": 0.9835951328277588,
        "val_root_mean_squared_error": 0.19020679593086243,
        "train_time": 11.031794309616089
    }
}