{
    "parameters": {
        "num_layers": 2,
        "num_neurons": 64,
        "num_epochs": 500,
        "learning_rate": 0.001,
        "use_batch_norm": true,
        "use_dropout": true,
        "batch_size": 160
    },
    "results": {
        "loss": 0.058849163353443146,
        "mae": 0.18673986196517944,
        "r2_score": 0.9729029536247253,
        "root_mean_squared_error": 0.24258846044540405,
        "val_loss": 0.017203863710165024,
        "val_mae": 0.09673598408699036,
        "val_r2_score": 0.9923232197761536,
        "val_root_mean_squared_error": 0.13116349279880524,
        "train_time": 39.38342881202698
    }
}