{
    "parameters": {
        "num_layers": 2,
        "num_neurons": 64,
        "num_epochs": 500,
        "learning_rate": 0.001,
        "use_batch_norm": true,
        "use_dropout": true,
        "batch_size": 160
    },
    "results": {
        "loss": 0.09310714900493622,
        "mae": 0.23642906546592712,
        "r2_score": 0.961944043636322,
        "root_mean_squared_error": 0.305134654045105,
        "val_loss": 0.03151235356926918,
        "val_mae": 0.12582579255104065,
        "val_r2_score": 0.9870510101318359,
        "val_root_mean_squared_error": 0.17751719057559967,
        "train_time": 31.000178337097168
    }
}