{
    "parameters": {
        "num_layers": 2,
        "num_neurons": 32,
        "num_epochs": 100,
        "learning_rate": 0.001,
        "use_batch_norm": true,
        "use_dropout": true,
        "batch_size": 64
    },
    "results": {
        "loss": 0.16817894577980042,
        "mae": 0.31752753257751465,
        "r2_score": 0.9237446784973145,
        "root_mean_squared_error": 0.41009625792503357,
        "val_loss": 0.03042697347700596,
        "val_mae": 0.1389511674642563,
        "val_r2_score": 0.9865850806236267,
        "val_root_mean_squared_error": 0.17443329095840454,
        "train_time": 14.444280862808228
    }
}