{
    "parameters": {
        "num_layers": 2,
        "num_neurons": 32,
        "num_epochs": 100,
        "learning_rate": 0.001,
        "use_batch_norm": true,
        "use_dropout": true,
        "batch_size": 64
    },
    "results": {
        "loss": 0.2171054631471634,
        "mae": 0.3599015474319458,
        "r2_score": 0.9111684560775757,
        "root_mean_squared_error": 0.4659457802772522,
        "val_loss": 0.05282929539680481,
        "val_mae": 0.18119822442531586,
        "val_r2_score": 0.9790085554122925,
        "val_root_mean_squared_error": 0.22984623908996582,
        "train_time": 10.680933475494385
    }
}