{
    "parameters": {
        "num_layers": 1,
        "num_neurons": 32,
        "num_epochs": 500,
        "learning_rate": 0.001,
        "use_batch_norm": true,
        "use_dropout": true,
        "batch_size": 128
    },
    "results": {
        "loss": 0.14298774302005768,
        "mae": 0.29712024331092834,
        "r2_score": 0.9414945840835571,
        "root_mean_squared_error": 0.3781372010707855,
        "val_loss": 0.08812540769577026,
        "val_mae": 0.23827441036701202,
        "val_r2_score": 0.9649838209152222,
        "val_root_mean_squared_error": 0.2968592345714569,
        "train_time": 30.44781994819641
    }
}