{
    "parameters": {
        "num_layers": 1,
        "num_neurons": 32,
        "num_epochs": 500,
        "learning_rate": 0.001,
        "use_batch_norm": true,
        "use_dropout": true,
        "batch_size": 128
    },
    "results": {
        "loss": 0.10325681418180466,
        "mae": 0.25056129693984985,
        "r2_score": 0.9531812071800232,
        "root_mean_squared_error": 0.32133597135543823,
        "val_loss": 0.05124601349234581,
        "val_mae": 0.18126043677330017,
        "val_r2_score": 0.9774061441421509,
        "val_root_mean_squared_error": 0.22637581825256348,
        "train_time": 36.730074405670166
    }
}