{
    "parameters": {
        "num_layers": 1,
        "num_neurons": 64,
        "num_epochs": 500,
        "learning_rate": 0.0001,
        "use_batch_norm": true,
        "use_dropout": true,
        "batch_size": 64
    },
    "results": {
        "loss": 0.13646018505096436,
        "mae": 0.2901531755924225,
        "r2_score": 0.9381256699562073,
        "root_mean_squared_error": 0.36940518021583557,
        "val_loss": 0.03772430494427681,
        "val_mae": 0.1538088172674179,
        "val_r2_score": 0.9833677411079407,
        "val_root_mean_squared_error": 0.1942274570465088,
        "train_time": 61.328025102615356
    }
}