{
    "parameters": {
        "num_layers": 1,
        "num_neurons": 64,
        "num_epochs": 500,
        "learning_rate": 0.0001,
        "use_batch_norm": true,
        "use_dropout": true,
        "batch_size": 64
    },
    "results": {
        "loss": 0.18114061653614044,
        "mae": 0.33576202392578125,
        "r2_score": 0.9258838295936584,
        "root_mean_squared_error": 0.4256061613559723,
        "val_loss": 0.06439206749200821,
        "val_mae": 0.20387421548366547,
        "val_r2_score": 0.9744141697883606,
        "val_root_mean_squared_error": 0.25375592708587646,
        "train_time": 41.33070111274719
    }
}