{
    "parameters": {
        "num_layers": 1,
        "num_neurons": 64,
        "num_epochs": 500,
        "learning_rate": 0.0001,
        "use_batch_norm": true,
        "use_dropout": true,
        "batch_size": 64
    },
    "results": {
        "loss": 0.15592487156391144,
        "mae": 0.30965369939804077,
        "r2_score": 0.928903341293335,
        "root_mean_squared_error": 0.3948732316493988,
        "val_loss": 0.048759251832962036,
        "val_mae": 0.17467571794986725,
        "val_r2_score": 0.9778905510902405,
        "val_root_mean_squared_error": 0.22081497311592102,
        "train_time": 64.93401336669922
    }
}