{
    "parameters": {
        "mf_type": "Generalized Bell",
        "num_mfs": 4,
        "learning_rate": 0.0005,
        "batch_size": 128,
        "num_epochs": 100
    },
    "results": {
        "loss": 1.3610597848892212,
        "mae": 1.1221411228179932,
        "root_mean_squared_error": 1.1666446924209595,
        "val_loss": 1.3036528825759888,
        "val_mae": 1.097503423690796,
        "val_root_mean_squared_error": 1.141776204109192,
        "train_time": 33.668132305145264
    }
}