{
    "parameters": {
        "mf_type": "Generalized Bell",
        "num_mfs": 4,
        "learning_rate": 0.0005,
        "batch_size": 64,
        "num_epochs": 500
    },
    "results": {
        "loss": 0.09556687623262405,
        "mae": 0.24993516504764557,
        "root_mean_squared_error": 0.3091389238834381,
        "val_loss": 0.09331858158111572,
        "val_mae": 0.2444763481616974,
        "val_root_mean_squared_error": 0.3054808974266052,
        "train_time": 191.25145268440247
    }
}