{
    "parameters": {
        "mf_type": "Smoothed Triangular",
        "num_mfs": 2,
        "learning_rate": 0.0001,
        "batch_size": 32,
        "num_epochs": 500
    },
    "results": {
        "loss": 20.565486907958984,
        "mae": 4.256308555603027,
        "root_mean_squared_error": 4.534918785095215,
        "val_loss": 20.33610725402832,
        "val_mae": 4.231235980987549,
        "val_root_mean_squared_error": 4.509557247161865,
        "train_time": 86.6831214427948
    }
}