{
    "parameters": {
        "num_layers": 4,
        "num_neurons": 64,
        "num_epochs": 500,
        "learning_rate": 0.001,
        "use_batch_norm": true,
        "use_dropout": true,
        "batch_size": 224
    },
    "results": {
        "loss": 0.09829384833574295,
        "mae": 0.23902824521064758,
        "r2_score": 0.9598239660263062,
        "root_mean_squared_error": 0.3135184943675995,
        "val_loss": 0.021731846034526825,
        "val_mae": 0.10661740601062775,
        "val_r2_score": 0.991070032119751,
        "val_root_mean_squared_error": 0.14741724729537964,
        "train_time": 38.198461294174194
    }
}