{
    "parameters": {
        "num_layers": 4,
        "num_neurons": 64,
        "num_epochs": 500,
        "learning_rate": 0.001,
        "use_batch_norm": true,
        "use_dropout": true,
        "batch_size": 224
    },
    "results": {
        "loss": 0.07513639330863953,
        "mae": 0.20870569348335266,
        "r2_score": 0.9657697081565857,
        "root_mean_squared_error": 0.27411019802093506,
        "val_loss": 0.01637834683060646,
        "val_mae": 0.09675809741020203,
        "val_r2_score": 0.9923608899116516,
        "val_root_mean_squared_error": 0.12797792255878448,
        "train_time": 49.732929944992065
    }
}