{
    "parameters": {
        "num_layers": 4,
        "num_neurons": 64,
        "num_epochs": 500,
        "learning_rate": 0.001,
        "use_batch_norm": true,
        "use_dropout": true,
        "batch_size": 224
    },
    "results": {
        "loss": 0.06507891416549683,
        "mae": 0.19376611709594727,
        "r2_score": 0.9700345396995544,
        "root_mean_squared_error": 0.2551057040691376,
        "val_loss": 0.012844542041420937,
        "val_mae": 0.08350612223148346,
        "val_r2_score": 0.9942684769630432,
        "val_root_mean_squared_error": 0.11333376169204712,
        "train_time": 50.039942502975464
    }
}