{
    "parameters": {
        "mf_type": "Smoothed Triangular",
        "num_mfs": 2,
        "learning_rate": 0.001,
        "batch_size": 128,
        "num_epochs": 250
    },
    "results": {
        "loss": 13.512330055236816,
        "mae": 3.5780861377716064,
        "root_mean_squared_error": 3.6759121417999268,
        "val_loss": 13.299581527709961,
        "val_mae": 3.552548408508301,
        "val_root_mean_squared_error": 3.6468591690063477,
        "train_time": 20.909178018569946
    }
}