{
    "parameters": {
        "num_layers": 2,
        "num_neurons": 32,
        "num_epochs": 100,
        "learning_rate": 0.0005,
        "use_batch_norm": true,
        "use_dropout": true,
        "batch_size": 128
    },
    "results": {
        "loss": 0.23016446828842163,
        "mae": 0.3681830167770386,
        "root_mean_squared_error": 0.47975459694862366,
        "val_loss": 0.05111878365278244,
        "val_mae": 0.1744960993528366,
        "val_root_mean_squared_error": 0.22609463334083557,
        "train_time": 9.003387928009033
    }
}