{
    "parameters": {
        "num_layers": 2,
        "num_neurons": 32,
        "num_epochs": 100,
        "learning_rate": 0.0005,
        "use_batch_norm": true,
        "use_dropout": true,
        "batch_size": 128
    },
    "results": {
        "loss": 0.22343125939369202,
        "mae": 0.3654920756816864,
        "r2_score": 0.8981220722198486,
        "root_mean_squared_error": 0.47268515825271606,
        "val_loss": 0.04628397524356842,
        "val_mae": 0.16144075989723206,
        "val_r2_score": 0.9790129661560059,
        "val_root_mean_squared_error": 0.21513710916042328,
        "train_time": 9.932466745376587
    }
}