{
    "parameters": {
        "num_layers": 1,
        "num_neurons": 64,
        "num_epochs": 500,
        "learning_rate": 0.0005,
        "use_batch_norm": true,
        "use_dropout": true,
        "batch_size": 128
    },
    "results": {
        "loss": 0.1492895781993866,
        "mae": 0.30764830112457275,
        "r2_score": 0.9389159679412842,
        "root_mean_squared_error": 0.3863801062107086,
        "val_loss": 0.06759029626846313,
        "val_mae": 0.20702290534973145,
        "val_r2_score": 0.9731433391571045,
        "val_root_mean_squared_error": 0.25998133420944214,
        "train_time": 31.997695446014404
    }
}