{
    "parameters": {
        "num_layers": 1,
        "num_neurons": 64,
        "num_epochs": 500,
        "learning_rate": 0.0005,
        "use_batch_norm": true,
        "use_dropout": true,
        "batch_size": 128
    },
    "results": {
        "loss": 0.10209092497825623,
        "mae": 0.2508276104927063,
        "r2_score": 0.9537100791931152,
        "root_mean_squared_error": 0.31951671838760376,
        "val_loss": 0.038008689880371094,
        "val_mae": 0.15134629607200623,
        "val_r2_score": 0.983242392539978,
        "val_root_mean_squared_error": 0.1949581801891327,
        "train_time": 39.23716878890991
    }
}