{
    "parameters": {
        "num_layers": 2,
        "num_neurons": 16,
        "num_epochs": 100,
        "learning_rate": 0.0005,
        "use_batch_norm": true,
        "use_dropout": true,
        "batch_size": 64
    },
    "results": {
        "loss": 0.25683489441871643,
        "mae": 0.3864920139312744,
        "r2_score": 0.8835458159446716,
        "root_mean_squared_error": 0.5067887902259827,
        "val_loss": 0.051159437745809555,
        "val_mae": 0.1824340969324112,
        "val_r2_score": 0.9774443507194519,
        "val_root_mean_squared_error": 0.22618451714515686,
        "train_time": 14.624818325042725
    }
}