{
    "parameters": {
        "num_layers": 2,
        "num_neurons": 16,
        "num_epochs": 100,
        "learning_rate": 0.0005,
        "use_batch_norm": true,
        "use_dropout": true,
        "batch_size": 64
    },
    "results": {
        "loss": 0.3570508658885956,
        "mae": 0.4625319242477417,
        "r2_score": 0.8539085388183594,
        "root_mean_squared_error": 0.5975373387336731,
        "val_loss": 0.11319264024496078,
        "val_mae": 0.2745378315448761,
        "val_r2_score": 0.9550235271453857,
        "val_root_mean_squared_error": 0.33644112944602966,
        "train_time": 9.914456844329834
    }
}