{
    "parameters": {
        "mf_type": "Generalized Bell",
        "num_mfs": 4,
        "learning_rate": 0.0001,
        "batch_size": 32,
        "num_epochs": 100
    },
    "results": {
        "loss": 0.9293472766876221,
        "mae": 0.8466198444366455,
        "root_mean_squared_error": 0.9640265703201294,
        "val_loss": 0.8788449764251709,
        "val_mae": 0.8234257698059082,
        "val_root_mean_squared_error": 0.9374673366546631,
        "train_time": 47.001044511795044
    }
}