{
    "parameters": {
        "num_layers": 1,
        "num_neurons": 64,
        "num_epochs": 250,
        "learning_rate": 0.001,
        "use_batch_norm": true,
        "use_dropout": true,
        "batch_size": 64
    },
    "results": {
        "loss": 0.13180790841579437,
        "mae": 0.28567007184028625,
        "r2_score": 0.9398995637893677,
        "root_mean_squared_error": 0.3630535900592804,
        "val_loss": 0.05178087204694748,
        "val_mae": 0.17906951904296875,
        "val_r2_score": 0.9765204191207886,
        "val_root_mean_squared_error": 0.2275541126728058,
        "train_time": 32.18251895904541
    }
}