{
    "parameters": {
        "num_layers": 1,
        "num_neurons": 64,
        "num_epochs": 250,
        "learning_rate": 0.001,
        "use_batch_norm": true,
        "use_dropout": true,
        "batch_size": 64
    },
    "results": {
        "loss": 0.12807802855968475,
        "mae": 0.2828924059867859,
        "root_mean_squared_error": 0.3578799068927765,
        "val_loss": 0.056794073432683945,
        "val_mae": 0.18769313395023346,
        "val_root_mean_squared_error": 0.23831507563591003,
        "train_time": 26.865991592407227
    }
}