{
    "parameters": {
        "mf_type": "Gaussian",
        "num_mfs": 2,
        "learning_rate": 0.0001,
        "batch_size": 32,
        "num_epochs": 250
    },
    "results": {
        "loss": 0.10577979683876038,
        "mae": 0.2631385028362274,
        "root_mean_squared_error": 0.32523804903030396,
        "val_loss": 0.10173625499010086,
        "val_mae": 0.2545655369758606,
        "val_root_mean_squared_error": 0.3189612030982971,
        "train_time": 38.31667685508728
    }
}