{
    "parameters": {
        "num_layers": 2,
        "num_neurons": 16,
        "num_epochs": 100,
        "learning_rate": 0.001,
        "use_batch_norm": true,
        "use_dropout": true,
        "batch_size": 64
    },
    "results": {
        "loss": 0.27940505743026733,
        "mae": 0.408717542886734,
        "r2_score": 0.8856766819953918,
        "root_mean_squared_error": 0.528587818145752,
        "val_loss": 0.09288477897644043,
        "val_mae": 0.2392110675573349,
        "val_r2_score": 0.9630927443504333,
        "val_root_mean_squared_error": 0.3047700524330139,
        "train_time": 9.893637657165527
    }
}