{
    "parameters": {
        "num_layers": 2,
        "num_neurons": 16,
        "num_epochs": 100,
        "learning_rate": 0.001,
        "use_batch_norm": true,
        "use_dropout": true,
        "batch_size": 64
    },
    "results": {
        "loss": 0.2033834606409073,
        "mae": 0.34363853931427,
        "r2_score": 0.9077813029289246,
        "root_mean_squared_error": 0.450980544090271,
        "val_loss": 0.05879882350564003,
        "val_mae": 0.18902035057544708,
        "val_r2_score": 0.9740762114524841,
        "val_root_mean_squared_error": 0.2424846887588501,
        "train_time": 13.698603630065918
    }
}