{
    "parameters": {
        "mf_type": "Gaussian",
        "num_mfs": 2,
        "learning_rate": 0.0005,
        "batch_size": 128,
        "num_epochs": 100
    },
    "results": {
        "loss": 1.3192058801651,
        "mae": 1.1022493839263916,
        "root_mean_squared_error": 1.1485668420791626,
        "val_loss": 1.2802499532699585,
        "val_mae": 1.0864330530166626,
        "val_root_mean_squared_error": 1.1314812898635864,
        "train_time": 8.149734258651733
    }
}