{
    "parameters": {
        "num_layers": 2,
        "num_neurons": 96,
        "num_epochs": 500,
        "learning_rate": 0.001,
        "use_batch_norm": true,
        "use_dropout": true,
        "batch_size": 256
    },
    "results": {
        "loss": 0.07962962239980698,
        "mae": 0.21834681928157806,
        "r2_score": 0.9674527049064636,
        "root_mean_squared_error": 0.28218722343444824,
        "val_loss": 0.022792132571339607,
        "val_mae": 0.10811042785644531,
        "val_r2_score": 0.9906343221664429,
        "val_root_mean_squared_error": 0.15097063779830933,
        "train_time": 30.615724802017212
    }
}