{
    "parameters": {
        "num_layers": 2,
        "num_neurons": 96,
        "num_epochs": 500,
        "learning_rate": 0.001,
        "use_batch_norm": true,
        "use_dropout": true,
        "batch_size": 256
    },
    "results": {
        "loss": 0.06444419920444489,
        "mae": 0.195383220911026,
        "r2_score": 0.9706407189369202,
        "root_mean_squared_error": 0.25385862588882446,
        "val_loss": 0.017272302880883217,
        "val_mae": 0.10167098045349121,
        "val_r2_score": 0.991943895816803,
        "val_root_mean_squared_error": 0.13142412900924683,
        "train_time": 38.64922547340393
    }
}