{
    "parameters": {
        "num_layers": 2,
        "num_neurons": 96,
        "num_epochs": 500,
        "learning_rate": 0.001,
        "use_batch_norm": true,
        "use_dropout": true,
        "batch_size": 256
    },
    "results": {
        "loss": 0.05650951713323593,
        "mae": 0.18304631114006042,
        "r2_score": 0.9739803671836853,
        "root_mean_squared_error": 0.23771730065345764,
        "val_loss": 0.015070503577589989,
        "val_mae": 0.09070542454719543,
        "val_r2_score": 0.9932751655578613,
        "val_root_mean_squared_error": 0.12276197969913483,
        "train_time": 38.04555606842041
    }
}