{
    "parameters": {
        "num_layers": 3,
        "num_neurons": 64,
        "num_epochs": 500,
        "learning_rate": 0.001,
        "use_batch_norm": true,
        "use_dropout": true,
        "batch_size": 256
    },
    "results": {
        "loss": 0.09557350724935532,
        "mae": 0.23806734383106232,
        "r2_score": 0.9609358310699463,
        "root_mean_squared_error": 0.3091496527194977,
        "val_loss": 0.01818011701107025,
        "val_mae": 0.10532528162002563,
        "val_r2_score": 0.9925294518470764,
        "val_root_mean_squared_error": 0.1348336637020111,
        "train_time": 32.51149821281433
    }
}