{
    "parameters": {
        "num_layers": 3,
        "num_neurons": 64,
        "num_epochs": 500,
        "learning_rate": 0.001,
        "use_batch_norm": true,
        "use_dropout": true,
        "batch_size": 256
    },
    "results": {
        "loss": 0.06508741527795792,
        "mae": 0.19336070120334625,
        "r2_score": 0.9700305461883545,
        "root_mean_squared_error": 0.2551223635673523,
        "val_loss": 0.012612096965312958,
        "val_mae": 0.08112454414367676,
        "val_r2_score": 0.9943721890449524,
        "val_root_mean_squared_error": 0.11230359226465225,
        "train_time": 40.69333624839783
    }
}