{
    "parameters": {
        "num_layers": 2,
        "num_neurons": 64,
        "num_epochs": 100,
        "learning_rate": 0.0005,
        "use_batch_norm": true,
        "use_dropout": true,
        "batch_size": 64
    },
    "results": {
        "loss": 0.19330032169818878,
        "mae": 0.34516599774360657,
        "r2_score": 0.9209086894989014,
        "root_mean_squared_error": 0.43965932726860046,
        "val_loss": 0.04175317659974098,
        "val_mae": 0.15768927335739136,
        "val_r2_score": 0.983409583568573,
        "val_root_mean_squared_error": 0.20433594286441803,
        "train_time": 10.75050663948059
    }
}