{
    "parameters": {
        "num_layers": 2,
        "num_neurons": 64,
        "num_epochs": 100,
        "learning_rate": 0.0005,
        "use_batch_norm": true,
        "use_dropout": true,
        "batch_size": 64
    },
    "results": {
        "loss": 0.1521838903427124,
        "mae": 0.30535706877708435,
        "r2_score": 0.9306087493896484,
        "root_mean_squared_error": 0.39010754227638245,
        "val_loss": 0.028981514275074005,
        "val_mae": 0.1305835098028183,
        "val_r2_score": 0.986858606338501,
        "val_root_mean_squared_error": 0.17023958265781403,
        "train_time": 16.76330304145813
    }
}