{
    "parameters": {
        "num_layers": 2,
        "num_neurons": 64,
        "num_epochs": 100,
        "learning_rate": 0.0005,
        "use_batch_norm": true,
        "use_dropout": true,
        "batch_size": 64
    },
    "results": {
        "loss": 0.13486376404762268,
        "mae": 0.2848298251628876,
        "r2_score": 0.938849925994873,
        "root_mean_squared_error": 0.36723801493644714,
        "val_loss": 0.020844703540205956,
        "val_mae": 0.11352169513702393,
        "val_r2_score": 0.9908097982406616,
        "val_root_mean_squared_error": 0.1443769484758377,
        "train_time": 14.998414993286133
    }
}