{
    "parameters": {
        "num_layers": 2,
        "num_neurons": 16,
        "num_epochs": 250,
        "learning_rate": 0.001,
        "use_batch_norm": true,
        "use_dropout": true,
        "batch_size": 64
    },
    "results": {
        "loss": 0.1794557124376297,
        "mae": 0.3217655420303345,
        "root_mean_squared_error": 0.42362213134765625,
        "val_loss": 0.11670632660388947,
        "val_mae": 0.2569396197795868,
        "val_root_mean_squared_error": 0.34162306785583496,
        "train_time": 31.297861099243164
    }
}