{
    "parameters": {
        "num_layers": 1,
        "num_neurons": 64,
        "num_epochs": 100,
        "learning_rate": 0.0001,
        "use_batch_norm": true,
        "use_dropout": true,
        "batch_size": 64
    },
    "results": {
        "loss": 0.3274379074573517,
        "mae": 0.44825974106788635,
        "r2_score": 0.8660248517990112,
        "root_mean_squared_error": 0.5722218751907349,
        "val_loss": 0.06630362570285797,
        "val_mae": 0.20674410462379456,
        "val_r2_score": 0.9736546277999878,
        "val_root_mean_squared_error": 0.25749489665031433,
        "train_time": 8.797431707382202
    }
}