{
    "parameters": {
        "num_layers": 1,
        "num_neurons": 64,
        "num_epochs": 100,
        "learning_rate": 0.0001,
        "use_batch_norm": true,
        "use_dropout": true,
        "batch_size": 64
    },
    "results": {
        "loss": 0.20325464010238647,
        "mae": 0.35524433851242065,
        "r2_score": 0.9078397750854492,
        "root_mean_squared_error": 0.4508377015590668,
        "val_loss": 0.04363591969013214,
        "val_mae": 0.16671857237815857,
        "val_r2_score": 0.9807614088058472,
        "val_root_mean_squared_error": 0.2088921219110489,
        "train_time": 11.897658348083496
    }
}