{
    "parameters": {
        "num_layers": 1,
        "num_neurons": 64,
        "num_epochs": 100,
        "learning_rate": 0.0001,
        "use_batch_norm": true,
        "use_dropout": true,
        "batch_size": 64
    },
    "results": {
        "loss": 0.26290833950042725,
        "mae": 0.40153348445892334,
        "r2_score": 0.8801212906837463,
        "root_mean_squared_error": 0.5127458572387695,
        "val_loss": 0.0922091156244278,
        "val_mae": 0.22693738341331482,
        "val_r2_score": 0.9581885933876038,
        "val_root_mean_squared_error": 0.3036595284938812,
        "train_time": 14.141713619232178
    }
}