{
    "parameters": {
        "num_layers": 4,
        "num_neurons": 80,
        "num_epochs": 500,
        "learning_rate": 0.001,
        "use_batch_norm": true,
        "use_dropout": true,
        "batch_size": 192
    },
    "results": {
        "loss": 0.08539723604917526,
        "mae": 0.2240353226661682,
        "r2_score": 0.9650952816009521,
        "root_mean_squared_error": 0.2922280430793762,
        "val_loss": 0.0109715536236763,
        "val_mae": 0.07568327337503433,
        "val_r2_score": 0.9954915642738342,
        "val_root_mean_squared_error": 0.10474518686532974,
        "train_time": 43.25686526298523
    }
}