{
    "parameters": {
        "num_layers": 4,
        "num_neurons": 80,
        "num_epochs": 500,
        "learning_rate": 0.001,
        "use_batch_norm": true,
        "use_dropout": true,
        "batch_size": 192
    },
    "results": {
        "loss": 0.05774831026792526,
        "mae": 0.18484185636043549,
        "r2_score": 0.97340989112854,
        "root_mean_squared_error": 0.24030877649784088,
        "val_loss": 0.013508832082152367,
        "val_mae": 0.0830787867307663,
        "val_r2_score": 0.9939720034599304,
        "val_root_mean_squared_error": 0.11622750014066696,
        "train_time": 55.53363585472107
    }
}