{
    "parameters": {
        "num_layers": 4,
        "num_neurons": 80,
        "num_epochs": 500,
        "learning_rate": 0.001,
        "use_batch_norm": true,
        "use_dropout": true,
        "batch_size": 192
    },
    "results": {
        "loss": 0.06330319494009018,
        "mae": 0.19136281311511993,
        "r2_score": 0.9711605906486511,
        "root_mean_squared_error": 0.2516012489795685,
        "val_loss": 0.008238691836595535,
        "val_mae": 0.07106991857290268,
        "val_r2_score": 0.9961573481559753,
        "val_root_mean_squared_error": 0.09076724201440811,
        "train_time": 56.233612060546875
    }
}