{
    "parameters": {
        "mf_type": "Generalized Bell",
        "num_mfs": 5,
        "learning_rate": 0.0005,
        "batch_size": 128,
        "num_epochs": 500
    },
    "results": {
        "loss": 0.08998939394950867,
        "mae": 0.24062836170196533,
        "root_mean_squared_error": 0.29998230934143066,
        "val_loss": 0.08852384239435196,
        "val_mae": 0.23589873313903809,
        "val_root_mean_squared_error": 0.29752957820892334,
        "train_time": 357.9857461452484
    }
}