{
    "parameters": {
        "num_layers": 1,
        "num_neurons": 64,
        "num_epochs": 500,
        "learning_rate": 0.001,
        "use_batch_norm": true,
        "use_dropout": true,
        "batch_size": 64
    },
    "results": {
        "loss": 0.10111319273710251,
        "mae": 0.25112366676330566,
        "r2_score": 0.9541534781455994,
        "root_mean_squared_error": 0.3179830014705658,
        "val_loss": 0.04276066645979881,
        "val_mae": 0.16633236408233643,
        "val_r2_score": 0.981147289276123,
        "val_root_mean_squared_error": 0.20678652822971344,
        "train_time": 59.06980109214783
    }
}