{
    "parameters": {
        "num_layers": 1,
        "num_neurons": 64,
        "num_epochs": 500,
        "learning_rate": 0.001,
        "use_batch_norm": true,
        "use_dropout": true,
        "batch_size": 64
    },
    "results": {
        "loss": 0.14239424467086792,
        "mae": 0.2999778687953949,
        "r2_score": 0.9417373538017273,
        "root_mean_squared_error": 0.3773516118526459,
        "val_loss": 0.06396859139204025,
        "val_mae": 0.20150251686573029,
        "val_r2_score": 0.9745824337005615,
        "val_root_mean_squared_error": 0.25292012095451355,
        "train_time": 41.35024690628052
    }
}