{
    "parameters": {
        "num_layers": 2,
        "num_neurons": 16,
        "num_epochs": 250,
        "learning_rate": 0.0005,
        "use_batch_norm": true,
        "use_dropout": true,
        "batch_size": 64
    },
    "results": {
        "loss": 0.17609933018684387,
        "mae": 0.3247862458229065,
        "r2_score": 0.9201525449752808,
        "root_mean_squared_error": 0.41964191198349,
        "val_loss": 0.06565360724925995,
        "val_mae": 0.2034774124622345,
        "val_r2_score": 0.9710540175437927,
        "val_root_mean_squared_error": 0.25622960925102234,
        "train_time": 32.92855262756348
    }
}