{
    "parameters": {
        "num_layers": 2,
        "num_neurons": 16,
        "num_epochs": 250,
        "learning_rate": 0.0005,
        "use_batch_norm": true,
        "use_dropout": true,
        "batch_size": 64
    },
    "results": {
        "loss": 0.2452625036239624,
        "mae": 0.3846418857574463,
        "r2_score": 0.8996478319168091,
        "root_mean_squared_error": 0.49523985385894775,
        "val_loss": 0.09370443224906921,
        "val_mae": 0.24684226512908936,
        "val_r2_score": 0.9627670645713806,
        "val_root_mean_squared_error": 0.30611178278923035,
        "train_time": 23.915979862213135
    }
}