{
    "parameters": {
        "num_layers": 2,
        "num_neurons": 16,
        "num_epochs": 250,
        "learning_rate": 0.0005,
        "use_batch_norm": true,
        "use_dropout": true,
        "batch_size": 64
    },
    "results": {
        "loss": 0.1929829716682434,
        "mae": 0.33200716972351074,
        "r2_score": 0.9120053052902222,
        "root_mean_squared_error": 0.43929827213287354,
        "val_loss": 0.0950281172990799,
        "val_mae": 0.22493578493595123,
        "val_r2_score": 0.9569103717803955,
        "val_root_mean_squared_error": 0.3082663118839264,
        "train_time": 36.10700702667236
    }
}