{
    "parameters": {
        "num_layers": 3,
        "num_neurons": 96,
        "num_epochs": 500,
        "learning_rate": 0.001,
        "use_batch_norm": true,
        "use_dropout": true,
        "batch_size": 224
    },
    "results": {
        "loss": 0.06307300925254822,
        "mae": 0.19246543943881989,
        "r2_score": 0.9712653756141663,
        "root_mean_squared_error": 0.2511433959007263,
        "val_loss": 0.009563795290887356,
        "val_mae": 0.07571616768836975,
        "val_r2_score": 0.9955393075942993,
        "val_root_mean_squared_error": 0.09779465943574905,
        "train_time": 49.46727132797241
    }
}