{
    "parameters": {
        "num_layers": 3,
        "num_neurons": 96,
        "num_epochs": 500,
        "learning_rate": 0.001,
        "use_batch_norm": true,
        "use_dropout": true,
        "batch_size": 224
    },
    "results": {
        "loss": 0.070836640894413,
        "mae": 0.20541080832481384,
        "r2_score": 0.9710466861724854,
        "root_mean_squared_error": 0.2661515474319458,
        "val_loss": 0.00917688850313425,
        "val_mae": 0.07022607326507568,
        "val_r2_score": 0.9962290525436401,
        "val_root_mean_squared_error": 0.09579607844352722,
        "train_time": 37.626962423324585
    }
}