{
    "parameters": {
        "num_layers": 3,
        "num_neurons": 96,
        "num_epochs": 500,
        "learning_rate": 0.001,
        "use_batch_norm": true,
        "use_dropout": true,
        "batch_size": 224
    },
    "results": {
        "loss": 0.055506907403469086,
        "mae": 0.178334578871727,
        "r2_score": 0.9744419455528259,
        "root_mean_squared_error": 0.23559904098510742,
        "val_loss": 0.0060487957671284676,
        "val_mae": 0.05580553039908409,
        "val_r2_score": 0.9973008632659912,
        "val_root_mean_squared_error": 0.07777400314807892,
        "train_time": 48.55877709388733
    }
}