{
    "parameters": {
        "mf_type": "Generalized Bell",
        "num_mfs": 4,
        "learning_rate": 0.001,
        "batch_size": 128,
        "num_epochs": 250
    },
    "results": {
        "loss": 0.098406583070755,
        "mae": 0.2536800801753998,
        "r2_score": 0.9598343372344971,
        "root_mean_squared_error": 0.3136982321739197,
        "val_loss": 0.09557746350765228,
        "val_mae": 0.2467668205499649,
        "val_r2_score": 0.9612858295440674,
        "val_root_mean_squared_error": 0.30915606021881104,
        "train_time": 104.07923674583435
    }
}