{
    "parameters": {
        "num_layers": 2,
        "num_neurons": 112,
        "num_epochs": 500,
        "learning_rate": 0.001,
        "use_batch_norm": true,
        "use_dropout": true,
        "batch_size": 256
    },
    "results": {
        "loss": 0.07499895244836807,
        "mae": 0.2128947377204895,
        "r2_score": 0.9693453907966614,
        "root_mean_squared_error": 0.2738593518733978,
        "val_loss": 0.013335812836885452,
        "val_mae": 0.08562777191400528,
        "val_r2_score": 0.9945200681686401,
        "val_root_mean_squared_error": 0.11548078805208206,
        "train_time": 32.563385248184204
    }
}