{
    "parameters": {
        "num_layers": 2,
        "num_neurons": 112,
        "num_epochs": 500,
        "learning_rate": 0.001,
        "use_batch_norm": true,
        "use_dropout": true,
        "batch_size": 256
    },
    "results": {
        "loss": 0.050244223326444626,
        "mae": 0.17300522327423096,
        "r2_score": 0.9768652319908142,
        "root_mean_squared_error": 0.22415223717689514,
        "val_loss": 0.009187249466776848,
        "val_mae": 0.07576572895050049,
        "val_r2_score": 0.9959004521369934,
        "val_root_mean_squared_error": 0.0958501398563385,
        "train_time": 40.614614725112915
    }
}