{
    "parameters": {
        "num_layers": 2,
        "num_neurons": 32,
        "num_epochs": 100,
        "learning_rate": 0.0005,
        "use_batch_norm": true,
        "use_dropout": true,
        "batch_size": 64
    },
    "results": {
        "loss": 0.2523365914821625,
        "mae": 0.3941601514816284,
        "r2_score": 0.8967530727386475,
        "root_mean_squared_error": 0.5023311376571655,
        "val_loss": 0.064992755651474,
        "val_mae": 0.20660461485385895,
        "val_r2_score": 0.9741755127906799,
        "val_root_mean_squared_error": 0.25493675470352173,
        "train_time": 10.095045566558838
    }
}