{
    "parameters": {
        "num_layers": 2,
        "num_neurons": 32,
        "num_epochs": 100,
        "learning_rate": 0.0005,
        "use_batch_norm": true,
        "use_dropout": true,
        "batch_size": 64
    },
    "results": {
        "loss": 0.221443772315979,
        "mae": 0.36486735939979553,
        "r2_score": 0.8990278244018555,
        "root_mean_squared_error": 0.470578134059906,
        "val_loss": 0.05133471265435219,
        "val_mae": 0.17625011503696442,
        "val_r2_score": 0.9767227172851562,
        "val_root_mean_squared_error": 0.22657164931297302,
        "train_time": 15.29655647277832
    }
}