{
    "parameters": {
        "num_layers": 2,
        "num_neurons": 32,
        "num_epochs": 100,
        "learning_rate": 0.0005,
        "use_batch_norm": true,
        "use_dropout": true,
        "batch_size": 64
    },
    "results": {
        "loss": 0.19468170404434204,
        "mae": 0.34225818514823914,
        "r2_score": 0.9117277264595032,
        "root_mean_squared_error": 0.4412274956703186,
        "val_loss": 0.035129450261592865,
        "val_mae": 0.15044385194778442,
        "val_r2_score": 0.9845117926597595,
        "val_root_mean_squared_error": 0.1874285191297531,
        "train_time": 14.314019441604614
    }
}