{
    "parameters": {
        "num_layers": 2,
        "num_neurons": 32,
        "num_epochs": 100,
        "learning_rate": 0.0005,
        "use_batch_norm": true,
        "use_dropout": true,
        "batch_size": 128
    },
    "results": {
        "loss": 0.20228157937526703,
        "mae": 0.3466961681842804,
        "r2_score": 0.9082812666893005,
        "root_mean_squared_error": 0.44975724816322327,
        "val_loss": 0.04861123487353325,
        "val_mae": 0.17653679847717285,
        "val_r2_score": 0.9785678386688232,
        "val_root_mean_squared_error": 0.2204795628786087,
        "train_time": 9.578838586807251
    }
}