{
    "parameters": {
        "num_layers": 2,
        "num_neurons": 32,
        "num_epochs": 100,
        "learning_rate": 0.0005,
        "use_batch_norm": true,
        "use_dropout": true,
        "batch_size": 128
    },
    "results": {
        "loss": 0.276784747838974,
        "mae": 0.4093157649040222,
        "r2_score": 0.8867494463920593,
        "root_mean_squared_error": 0.5261033773422241,
        "val_loss": 0.07601825892925262,
        "val_mae": 0.220149427652359,
        "val_r2_score": 0.969794511795044,
        "val_root_mean_squared_error": 0.27571409940719604,
        "train_time": 7.824339151382446
    }
}