{
    "parameters": {
        "num_layers": 2,
        "num_neurons": 32,
        "num_epochs": 250,
        "learning_rate": 0.0001,
        "use_batch_norm": true,
        "use_dropout": true,
        "batch_size": 128
    },
    "results": {
        "loss": 0.3218834102153778,
        "mae": 0.4422498643398285,
        "r2_score": 0.8682968616485596,
        "root_mean_squared_error": 0.5673477053642273,
        "val_loss": 0.07081315666437149,
        "val_mae": 0.2124093472957611,
        "val_r2_score": 0.9718627333641052,
        "val_root_mean_squared_error": 0.2661074101924896,
        "train_time": 17.91925311088562
    }
}