{
    "parameters": {
        "num_layers": 2,
        "num_neurons": 32,
        "num_epochs": 250,
        "learning_rate": 0.0001,
        "use_batch_norm": true,
        "use_dropout": true,
        "batch_size": 128
    },
    "results": {
        "loss": 0.22657279670238495,
        "mae": 0.367552250623703,
        "r2_score": 0.8972671031951904,
        "root_mean_squared_error": 0.47599664330482483,
        "val_loss": 0.03871261700987816,
        "val_mae": 0.15573985874652863,
        "val_r2_score": 0.9829320311546326,
        "val_root_mean_squared_error": 0.19675521552562714,
        "train_time": 23.46777868270874
    }
}