{
    "parameters": {
        "num_layers": 2,
        "num_neurons": 32,
        "num_epochs": 250,
        "learning_rate": 0.0001,
        "use_batch_norm": true,
        "use_dropout": true,
        "batch_size": 128
    },
    "results": {
        "loss": 0.2451663464307785,
        "mae": 0.38189128041267395,
        "r2_score": 0.8882116079330444,
        "root_mean_squared_error": 0.49514275789260864,
        "val_loss": 0.056834593415260315,
        "val_mae": 0.1833563894033432,
        "val_r2_score": 0.9742289185523987,
        "val_root_mean_squared_error": 0.23840007185935974,
        "train_time": 22.56381392478943
    }
}