{
    "parameters": {
        "num_layers": 1,
        "num_neurons": 16,
        "num_epochs": 250,
        "learning_rate": 0.001,
        "use_batch_norm": true,
        "use_dropout": true,
        "batch_size": 128
    },
    "results": {
        "loss": 0.13968230783939362,
        "mae": 0.28750985860824585,
        "r2_score": 0.9366654753684998,
        "root_mean_squared_error": 0.3737409710884094,
        "val_loss": 0.0601293183863163,
        "val_mae": 0.1940273493528366,
        "val_r2_score": 0.9734896421432495,
        "val_root_mean_squared_error": 0.24521280825138092,
        "train_time": 19.08482813835144
    }
}