{
    "parameters": {
        "num_layers": 1,
        "num_neurons": 16,
        "num_epochs": 250,
        "learning_rate": 0.001,
        "use_batch_norm": true,
        "use_dropout": true,
        "batch_size": 128
    },
    "results": {
        "loss": 0.19824056327342987,
        "mae": 0.3445744514465332,
        "r2_score": 0.9188869595527649,
        "root_mean_squared_error": 0.44524213671684265,
        "val_loss": 0.0974685475230217,
        "val_mae": 0.25460439920425415,
        "val_r2_score": 0.961271345615387,
        "val_root_mean_squared_error": 0.31219953298568726,
        "train_time": 15.666231393814087
    }
}