{
    "parameters": {
        "num_layers": 2,
        "num_neurons": 32,
        "num_epochs": 500,
        "learning_rate": 0.0005,
        "use_batch_norm": true,
        "use_dropout": true,
        "batch_size": 32
    },
    "results": {
        "loss": 0.1691886931657791,
        "mae": 0.3217880129814148,
        "r2_score": 0.9232867360115051,
        "root_mean_squared_error": 0.4113255441188812,
        "val_loss": 0.02823736146092415,
        "val_mae": 0.13086466491222382,
        "val_r2_score": 0.9875504374504089,
        "val_root_mean_squared_error": 0.16803976893424988,
        "train_time": 110.71551251411438
    }
}