{
    "parameters": {
        "num_layers": 2,
        "num_neurons": 32,
        "num_epochs": 500,
        "learning_rate": 0.0005,
        "use_batch_norm": true,
        "use_dropout": true,
        "batch_size": 32
    },
    "results": {
        "loss": 0.18143907189369202,
        "mae": 0.33057719469070435,
        "r2_score": 0.917269229888916,
        "root_mean_squared_error": 0.425956666469574,
        "val_loss": 0.04255622252821922,
        "val_mae": 0.1571352332830429,
        "val_r2_score": 0.9807032942771912,
        "val_root_mean_squared_error": 0.20629160106182098,
        "train_time": 118.37642526626587
    }
}