{
    "parameters": {
        "num_layers": 2,
        "num_neurons": 32,
        "num_epochs": 500,
        "learning_rate": 0.0005,
        "use_batch_norm": true,
        "use_dropout": true,
        "batch_size": 32
    },
    "results": {
        "loss": 0.1951656937599182,
        "mae": 0.3493605852127075,
        "r2_score": 0.9201453328132629,
        "root_mean_squared_error": 0.4417756199836731,
        "val_loss": 0.04857791215181351,
        "val_mae": 0.1734602302312851,
        "val_r2_score": 0.9806978106498718,
        "val_root_mean_squared_error": 0.22040396928787231,
        "train_time": 77.8076684474945
    }
}