{
    "parameters": {
        "num_layers": 3,
        "num_neurons": 64,
        "num_epochs": 500,
        "learning_rate": 0.001,
        "use_batch_norm": true,
        "use_dropout": true,
        "batch_size": 192
    },
    "results": {
        "loss": 0.08374252170324326,
        "mae": 0.22107082605361938,
        "r2_score": 0.9618488550186157,
        "root_mean_squared_error": 0.2893829941749573,
        "val_loss": 0.013481725938618183,
        "val_mae": 0.08858996629714966,
        "val_r2_score": 0.9937118887901306,
        "val_root_mean_squared_error": 0.11611083149909973,
        "train_time": 46.18461346626282
    }
}