{
    "parameters": {
        "num_layers": 3,
        "num_neurons": 64,
        "num_epochs": 500,
        "learning_rate": 0.001,
        "use_batch_norm": true,
        "use_dropout": true,
        "batch_size": 192
    },
    "results": {
        "loss": 0.0974670946598053,
        "mae": 0.24072112143039703,
        "r2_score": 0.9601618647575378,
        "root_mean_squared_error": 0.312197208404541,
        "val_loss": 0.020940838381648064,
        "val_mae": 0.11147250235080719,
        "val_r2_score": 0.9913950562477112,
        "val_root_mean_squared_error": 0.1447094976902008,
        "train_time": 36.53518295288086
    }
}