{
    "parameters": {
        "num_layers": 3,
        "num_neurons": 64,
        "num_epochs": 500,
        "learning_rate": 0.001,
        "use_batch_norm": true,
        "use_dropout": true,
        "batch_size": 192
    },
    "results": {
        "loss": 0.06958654522895813,
        "mae": 0.20101924240589142,
        "r2_score": 0.9679590463638306,
        "root_mean_squared_error": 0.26379260420799255,
        "val_loss": 0.01919868402183056,
        "val_mae": 0.09637977927923203,
        "val_r2_score": 0.9914330840110779,
        "val_root_mean_squared_error": 0.13855931162834167,
        "train_time": 45.85225486755371
    }
}