{
    "parameters": {
        "num_layers": 4,
        "num_neurons": 64,
        "num_epochs": 500,
        "learning_rate": 0.001,
        "use_batch_norm": true,
        "use_dropout": true,
        "batch_size": 256
    },
    "results": {
        "loss": 0.10188917815685272,
        "mae": 0.2451164871454239,
        "r2_score": 0.9583543539047241,
        "root_mean_squared_error": 0.3192008435726166,
        "val_loss": 0.015571157447993755,
        "val_mae": 0.0919310599565506,
        "val_r2_score": 0.9936015605926514,
        "val_root_mean_squared_error": 0.1247844472527504,
        "train_time": 36.23349046707153
    }
}