{
    "parameters": {
        "num_layers": 4,
        "num_neurons": 64,
        "num_epochs": 500,
        "learning_rate": 0.001,
        "use_batch_norm": true,
        "use_dropout": true,
        "batch_size": 256
    },
    "results": {
        "loss": 0.06826487928628922,
        "mae": 0.1970803439617157,
        "r2_score": 0.9685676097869873,
        "root_mean_squared_error": 0.2612755000591278,
        "val_loss": 0.010451474227011204,
        "val_mae": 0.07664915174245834,
        "val_r2_score": 0.9953362941741943,
        "val_root_mean_squared_error": 0.1022324487566948,
        "train_time": 47.11710047721863
    }
}