{
    "parameters": {
        "num_layers": 3,
        "num_neurons": 112,
        "num_epochs": 500,
        "learning_rate": 0.001,
        "use_batch_norm": true,
        "use_dropout": true,
        "batch_size": 160
    },
    "results": {
        "loss": 0.05536329746246338,
        "mae": 0.18141375482082367,
        "r2_score": 0.9745080471038818,
        "root_mean_squared_error": 0.23529405891895294,
        "val_loss": 0.004874591715633869,
        "val_mae": 0.05012496933341026,
        "val_r2_score": 0.9978248476982117,
        "val_root_mean_squared_error": 0.06981827318668365,
        "train_time": 55.97347569465637
    }
}