{
    "parameters": {
        "num_layers": 3,
        "num_neurons": 112,
        "num_epochs": 500,
        "learning_rate": 0.001,
        "use_batch_norm": true,
        "use_dropout": true,
        "batch_size": 160
    },
    "results": {
        "loss": 0.05601228401064873,
        "mae": 0.18250136077404022,
        "r2_score": 0.974481999874115,
        "root_mean_squared_error": 0.2366691380739212,
        "val_loss": 0.03219987452030182,
        "val_mae": 0.15717713534832,
        "val_r2_score": 0.9849814176559448,
        "val_root_mean_squared_error": 0.17944324016571045,
        "train_time": 56.75928235054016
    }
}