{
    "parameters": {
        "num_layers": 3,
        "num_neurons": 112,
        "num_epochs": 500,
        "learning_rate": 0.001,
        "use_batch_norm": true,
        "use_dropout": true,
        "batch_size": 160
    },
    "results": {
        "loss": 0.0665397197008133,
        "mae": 0.20021593570709229,
        "r2_score": 0.9728028774261475,
        "root_mean_squared_error": 0.2579529285430908,
        "val_loss": 0.020160488784313202,
        "val_mae": 0.1190301924943924,
        "val_r2_score": 0.9917157292366028,
        "val_root_mean_squared_error": 0.1419876366853714,
        "train_time": 42.276718616485596
    }
}