{
    "parameters": {
        "num_layers": 1,
        "num_neurons": 16,
        "num_epochs": 500,
        "learning_rate": 0.0005,
        "use_batch_norm": true,
        "use_dropout": true,
        "batch_size": 32
    },
    "results": {
        "loss": 0.2294445037841797,
        "mae": 0.37708067893981934,
        "r2_score": 0.9061196446418762,
        "root_mean_squared_error": 0.4790036678314209,
        "val_loss": 0.096920907497406,
        "val_mae": 0.25215551257133484,
        "val_r2_score": 0.9614890217781067,
        "val_root_mean_squared_error": 0.3113212287425995,
        "train_time": 67.5898232460022
    }
}