{
    "parameters": {
        "num_layers": 1,
        "num_neurons": 16,
        "num_epochs": 500,
        "learning_rate": 0.0005,
        "use_batch_norm": true,
        "use_dropout": true,
        "batch_size": 32
    },
    "results": {
        "loss": 0.19255560636520386,
        "mae": 0.340736985206604,
        "r2_score": 0.9126911163330078,
        "root_mean_squared_error": 0.4388115704059601,
        "val_loss": 0.06939762085676193,
        "val_mae": 0.21696320176124573,
        "val_r2_score": 0.9694032669067383,
        "val_root_mean_squared_error": 0.2634342908859253,
        "train_time": 91.32022881507874
    }
}