{
    "parameters": {
        "mf_type": "Generalized Bell",
        "num_mfs": 4,
        "learning_rate": 0.001,
        "batch_size": 128,
        "num_epochs": 250
    },
    "results": {
        "loss": 0.09729889035224915,
        "mae": 0.25133296847343445,
        "root_mean_squared_error": 0.3119277060031891,
        "val_loss": 0.09426974505186081,
        "val_mae": 0.24462561309337616,
        "val_root_mean_squared_error": 0.3070337772369385,
        "train_time": 77.79084205627441
    }
}