{
    "parameters": {
        "mf_type": "Smoothed Triangular",
        "num_mfs": 3,
        "learning_rate": 0.001,
        "batch_size": 32,
        "num_epochs": 250
    },
    "results": {
        "loss": 0.10549553483724594,
        "mae": 0.26278191804885864,
        "root_mean_squared_error": 0.3248007595539093,
        "val_loss": 0.10133974999189377,
        "val_mae": 0.25398874282836914,
        "val_root_mean_squared_error": 0.3183390498161316,
        "train_time": 67.40248346328735
    }
}