{
    "parameters": {
        "mf_type": "Smoothed Triangular",
        "num_mfs": 5,
        "learning_rate": 0.0001,
        "batch_size": 32,
        "num_epochs": 500
    },
    "results": {
        "loss": 20.565431594848633,
        "mae": 4.256302833557129,
        "root_mean_squared_error": 4.534912586212158,
        "val_loss": 20.336040496826172,
        "val_mae": 4.231229305267334,
        "val_root_mean_squared_error": 4.509550094604492,
        "train_time": 421.71976137161255
    }
}