{
    "parameters": {
        "num_layers": 1,
        "num_neurons": 32,
        "num_epochs": 500,
        "learning_rate": 0.0005,
        "use_batch_norm": true,
        "use_dropout": true,
        "batch_size": 32
    },
    "results": {
        "loss": 0.16266889870166779,
        "mae": 0.3176083564758301,
        "r2_score": 0.9262422919273376,
        "root_mean_squared_error": 0.40332233905792236,
        "val_loss": 0.055622346699237823,
        "val_mae": 0.18308445811271667,
        "val_r2_score": 0.9754766225814819,
        "val_root_mean_squared_error": 0.23584389686584473,
        "train_time": 88.61923933029175
    }
}