{
    "parameters": {
        "num_layers": 1,
        "num_neurons": 32,
        "num_epochs": 500,
        "learning_rate": 0.0005,
        "use_batch_norm": true,
        "use_dropout": true,
        "batch_size": 32
    },
    "results": {
        "loss": 0.19843731820583344,
        "mae": 0.3529660403728485,
        "r2_score": 0.9188068509101868,
        "root_mean_squared_error": 0.44546303153038025,
        "val_loss": 0.08388085663318634,
        "val_mae": 0.23241247236728668,
        "val_r2_score": 0.9666703939437866,
        "val_root_mean_squared_error": 0.28962191939353943,
        "train_time": 64.33086824417114
    }
}