{
    "parameters": {
        "mf_type": "Generalized Bell",
        "num_mfs": 4,
        "learning_rate": 0.001,
        "batch_size": 64,
        "num_epochs": 250
    },
    "results": {
        "loss": 0.09694857150316238,
        "mae": 0.2519385814666748,
        "root_mean_squared_error": 0.31136566400527954,
        "val_loss": 0.09405092895030975,
        "val_mae": 0.24503262341022491,
        "val_root_mean_squared_error": 0.3066772520542145,
        "train_time": 97.04351878166199
    }
}