{
    "parameters": {
        "num_layers": 1,
        "num_neurons": 16,
        "num_epochs": 100,
        "learning_rate": 0.0001,
        "use_batch_norm": true,
        "use_dropout": true,
        "batch_size": 128
    },
    "results": {
        "loss": 0.6449817419052124,
        "mae": 0.605309009552002,
        "r2_score": 0.7059067487716675,
        "root_mean_squared_error": 0.8031075596809387,
        "val_loss": 0.1454913169145584,
        "val_mae": 0.2909787595272064,
        "val_r2_score": 0.9340283870697021,
        "val_root_mean_squared_error": 0.38143324851989746,
        "train_time": 9.052323579788208
    }
}