{
    "parameters": {
        "num_layers": 1,
        "num_neurons": 16,
        "num_epochs": 100,
        "learning_rate": 0.0001,
        "use_batch_norm": true,
        "use_dropout": true,
        "batch_size": 128
    },
    "results": {
        "loss": 0.6611949801445007,
        "mae": 0.6170972585678101,
        "root_mean_squared_error": 0.8131389617919922,
        "val_loss": 0.13817569613456726,
        "val_mae": 0.27961575984954834,
        "val_root_mean_squared_error": 0.37171992659568787,
        "train_time": 7.281838417053223
    }
}