{
    "parameters": {
        "mf_type": "Generalized Bell",
        "num_mfs": 3,
        "learning_rate": 0.0005,
        "batch_size": 128,
        "num_epochs": 500
    },
    "results": {
        "loss": 0.09625504165887833,
        "mae": 0.2503584921360016,
        "root_mean_squared_error": 0.3102499544620514,
        "val_loss": 0.09433429688215256,
        "val_mae": 0.24519416689872742,
        "val_root_mean_squared_error": 0.3071388900279999,
        "train_time": 56.46714925765991
    }
}