{
    "parameters": {
        "num_layers": 1,
        "num_neurons": 32,
        "num_epochs": 250,
        "learning_rate": 0.0001,
        "use_batch_norm": true,
        "use_dropout": true,
        "batch_size": 32
    },
    "results": {
        "loss": 0.24137386679649353,
        "mae": 0.3838999569416046,
        "root_mean_squared_error": 0.4912981390953064,
        "val_loss": 0.06600814312696457,
        "val_mae": 0.2048799693584442,
        "val_root_mean_squared_error": 0.2569204866886139,
        "train_time": 41.28344440460205
    }
}