{
    "parameters": {
        "num_layers": 1,
        "num_neurons": 32,
        "num_epochs": 250,
        "learning_rate": 0.0001,
        "use_batch_norm": true,
        "use_dropout": true,
        "batch_size": 32
    },
    "results": {
        "loss": 0.2677556276321411,
        "mae": 0.40481647849082947,
        "r2_score": 0.8779127597808838,
        "root_mean_squared_error": 0.5174511075019836,
        "val_loss": 0.07239502668380737,
        "val_mae": 0.20728223025798798,
        "val_r2_score": 0.967173159122467,
        "val_root_mean_squared_error": 0.26906323432922363,
        "train_time": 53.19657230377197
    }
}