{
    "parameters": {
        "num_layers": 2,
        "num_neurons": 16,
        "num_epochs": 100,
        "learning_rate": 0.001,
        "use_batch_norm": true,
        "use_dropout": true,
        "batch_size": 32
    },
    "results": {
        "loss": 0.23910605907440186,
        "mae": 0.37562793493270874,
        "root_mean_squared_error": 0.48898473381996155,
        "val_loss": 0.0648760199546814,
        "val_mae": 0.19613558053970337,
        "val_root_mean_squared_error": 0.2547077238559723,
        "train_time": 20.031243324279785
    }
}