{
    "parameters": {
        "num_layers": 2,
        "num_neurons": 16,
        "num_epochs": 100,
        "learning_rate": 0.001,
        "use_batch_norm": true,
        "use_dropout": true,
        "batch_size": 32
    },
    "results": {
        "loss": 0.2516089379787445,
        "mae": 0.38568437099456787,
        "r2_score": 0.8852730989456177,
        "root_mean_squared_error": 0.5016063451766968,
        "val_loss": 0.13337667286396027,
        "val_mae": 0.27711182832717896,
        "val_r2_score": 0.9395216107368469,
        "val_root_mean_squared_error": 0.365207701921463,
        "train_time": 24.535954475402832
    }
}