{
    "parameters": {
        "num_layers": 1,
        "num_neurons": 32,
        "num_epochs": 250,
        "learning_rate": 0.0001,
        "use_batch_norm": true,
        "use_dropout": true,
        "batch_size": 128
    },
    "results": {
        "loss": 0.2965266704559326,
        "mae": 0.42259150743484497,
        "r2_score": 0.8786720633506775,
        "root_mean_squared_error": 0.5445426106452942,
        "val_loss": 0.07904653996229172,
        "val_mae": 0.2273186296224594,
        "val_r2_score": 0.9685912132263184,
        "val_root_mean_squared_error": 0.2811521589756012,
        "train_time": 15.579528570175171
    }
}