{
    "parameters": {
        "num_layers": 1,
        "num_neurons": 32,
        "num_epochs": 250,
        "learning_rate": 0.0001,
        "use_batch_norm": true,
        "use_dropout": true,
        "batch_size": 128
    },
    "results": {
        "loss": 0.21433256566524506,
        "mae": 0.361662358045578,
        "r2_score": 0.9028171896934509,
        "root_mean_squared_error": 0.4629606604576111,
        "val_loss": 0.053992822766304016,
        "val_mae": 0.18733888864517212,
        "val_r2_score": 0.9761951565742493,
        "val_root_mean_squared_error": 0.23236355185508728,
        "train_time": 19.03076171875
    }
}