{
    "parameters": {
        "num_layers": 1,
        "num_neurons": 32,
        "num_epochs": 250,
        "learning_rate": 0.0001,
        "use_batch_norm": true,
        "use_dropout": true,
        "batch_size": 128
    },
    "results": {
        "loss": 0.2583889663219452,
        "mae": 0.3929060399532318,
        "r2_score": 0.882182240486145,
        "root_mean_squared_error": 0.5083197355270386,
        "val_loss": 0.07401949167251587,
        "val_mae": 0.2137122005224228,
        "val_r2_score": 0.9664365649223328,
        "val_root_mean_squared_error": 0.2720652222633362,
        "train_time": 20.733524084091187
    }
}