{
    "parameters": {
        "num_layers": 2,
        "num_neurons": 32,
        "num_epochs": 250,
        "learning_rate": 0.0005,
        "use_batch_norm": true,
        "use_dropout": true,
        "batch_size": 32
    },
    "results": {
        "loss": 0.22673392295837402,
        "mae": 0.37502390146255493,
        "r2_score": 0.9072286486625671,
        "root_mean_squared_error": 0.47616586089134216,
        "val_loss": 0.04895107448101044,
        "val_mae": 0.17536206543445587,
        "val_r2_score": 0.9805495738983154,
        "val_root_mean_squared_error": 0.22124889492988586,
        "train_time": 39.19815516471863
    }
}