{
    "parameters": {
        "num_layers": 2,
        "num_neurons": 32,
        "num_epochs": 250,
        "learning_rate": 0.0005,
        "use_batch_norm": true,
        "use_dropout": true,
        "batch_size": 32
    },
    "results": {
        "loss": 0.18404851853847504,
        "mae": 0.33276456594467163,
        "r2_score": 0.9160791635513306,
        "root_mean_squared_error": 0.42900875210762024,
        "val_loss": 0.03988762944936752,
        "val_mae": 0.15298017859458923,
        "val_r2_score": 0.9819133281707764,
        "val_root_mean_squared_error": 0.1997188776731491,
        "train_time": 60.73683786392212
    }
}