{
    "parameters": {
        "num_layers": 2,
        "num_neurons": 32,
        "num_epochs": 250,
        "learning_rate": 0.0005,
        "use_batch_norm": true,
        "use_dropout": true,
        "batch_size": 32
    },
    "results": {
        "loss": 0.1686265617609024,
        "mae": 0.3182528614997864,
        "r2_score": 0.9235414266586304,
        "root_mean_squared_error": 0.4106416404247284,
        "val_loss": 0.03077501244843006,
        "val_mae": 0.13798362016677856,
        "val_r2_score": 0.9864315986633301,
        "val_root_mean_squared_error": 0.17542807757854462,
        "train_time": 55.118775367736816
    }
}