{
    "parameters": {
        "mf_type": "Generalized Bell",
        "num_mfs": 3,
        "learning_rate": 0.001,
        "batch_size": 128,
        "num_epochs": 500
    },
    "results": {
        "loss": 0.09960030764341354,
        "mae": 0.2553498148918152,
        "root_mean_squared_error": 0.3155951499938965,
        "val_loss": 0.09771240502595901,
        "val_mae": 0.25102779269218445,
        "val_root_mean_squared_error": 0.3125898241996765,
        "train_time": 56.14840626716614
    }
}