{
    "parameters": {
        "mf_type": "Gaussian",
        "num_mfs": 5,
        "learning_rate": 0.0001,
        "batch_size": 64,
        "num_epochs": 100
    },
    "results": {
        "loss": 9.740257263183594,
        "mae": 3.0927507877349854,
        "root_mean_squared_error": 3.120938539505005,
        "val_loss": 9.609987258911133,
        "val_mae": 3.072721004486084,
        "val_root_mean_squared_error": 3.0999979972839355,
        "train_time": 93.05045652389526
    }
}