{
    "parameters": {
        "mf_type": "Gaussian",
        "num_mfs": 3,
        "learning_rate": 0.0005,
        "batch_size": 64,
        "num_epochs": 250
    },
    "results": {
        "loss": 0.10009756684303284,
        "mae": 0.2556309401988983,
        "r2_score": 0.959144115447998,
        "root_mean_squared_error": 0.3163819909095764,
        "val_loss": 0.09539511799812317,
        "val_mae": 0.24743695557117462,
        "val_r2_score": 0.9613596796989441,
        "val_root_mean_squared_error": 0.30886098742485046,
        "train_time": 38.23035407066345
    }
}