{
    "parameters": {
        "num_layers": 1,
        "num_neurons": 32,
        "num_epochs": 500,
        "learning_rate": 0.0005,
        "use_batch_norm": true,
        "use_dropout": true,
        "batch_size": 64
    },
    "results": {
        "loss": 0.16258889436721802,
        "mae": 0.31118351221084595,
        "r2_score": 0.9258643388748169,
        "root_mean_squared_error": 0.4032231271266937,
        "val_loss": 0.07462798804044724,
        "val_mae": 0.21238581836223602,
        "val_r2_score": 0.9661606550216675,
        "val_root_mean_squared_error": 0.2731812298297882,
        "train_time": 62.205772161483765
    }
}