{
    "parameters": {
        "num_layers": 1,
        "num_neurons": 32,
        "num_epochs": 500,
        "learning_rate": 0.0005,
        "use_batch_norm": true,
        "use_dropout": true,
        "batch_size": 64
    },
    "results": {
        "loss": 0.152511328458786,
        "mae": 0.30374670028686523,
        "root_mean_squared_error": 0.39052698016166687,
        "val_loss": 0.06537441164255142,
        "val_mae": 0.20114970207214355,
        "val_root_mean_squared_error": 0.2556841969490051,
        "train_time": 53.98453068733215
    }
}