{
    "parameters": {
        "num_layers": 3,
        "num_neurons": 128,
        "num_epochs": 500,
        "learning_rate": 0.001,
        "use_batch_norm": true,
        "use_dropout": true,
        "batch_size": 224
    },
    "results": {
        "loss": 0.07479521632194519,
        "mae": 0.21439442038536072,
        "r2_score": 0.9694286584854126,
        "root_mean_squared_error": 0.2734871506690979,
        "val_loss": 0.010849818587303162,
        "val_mae": 0.07367714494466782,
        "val_r2_score": 0.9955416321754456,
        "val_root_mean_squared_error": 0.10416245460510254,
        "train_time": 42.79658555984497
    }
}