{
    "parameters": {
        "num_layers": 3,
        "num_neurons": 128,
        "num_epochs": 500,
        "learning_rate": 0.001,
        "use_batch_norm": true,
        "use_dropout": true,
        "batch_size": 224
    },
    "results": {
        "loss": 0.0526624396443367,
        "mae": 0.1755700260400772,
        "r2_score": 0.9760081768035889,
        "root_mean_squared_error": 0.2294829785823822,
        "val_loss": 0.0065801688469946384,
        "val_mae": 0.061021480709314346,
        "val_r2_score": 0.9969308972358704,
        "val_root_mean_squared_error": 0.08111824095249176,
        "train_time": 57.7829852104187
    }
}