{
    "parameters": {
        "num_layers": 3,
        "num_neurons": 128,
        "num_epochs": 500,
        "learning_rate": 0.001,
        "use_batch_norm": true,
        "use_dropout": true,
        "batch_size": 224
    },
    "results": {
        "loss": 0.04743833467364311,
        "mae": 0.16699902713298798,
        "r2_score": 0.978157103061676,
        "root_mean_squared_error": 0.21780343353748322,
        "val_loss": 0.01340415794402361,
        "val_mae": 0.09012611955404282,
        "val_r2_score": 0.9940187335014343,
        "val_root_mean_squared_error": 0.11577633023262024,
        "train_time": 56.634217262268066
    }
}