{
    "parameters": {
        "mf_type": "Generalized Bell",
        "num_mfs": 5,
        "learning_rate": 0.0005,
        "batch_size": 128,
        "num_epochs": 250
    },
    "results": {
        "loss": 0.1001882329583168,
        "mae": 0.25463494658470154,
        "r2_score": 0.959106981754303,
        "root_mean_squared_error": 0.31652525067329407,
        "val_loss": 0.09702760726213455,
        "val_mae": 0.24780435860157013,
        "val_r2_score": 0.9606984257698059,
        "val_root_mean_squared_error": 0.31149256229400635,
        "train_time": 250.85217547416687
    }
}