{
    "parameters": {
        "num_layers": 1,
        "num_neurons": 32,
        "num_epochs": 100,
        "learning_rate": 0.001,
        "use_batch_norm": true,
        "use_dropout": true,
        "batch_size": 64
    },
    "results": {
        "loss": 0.16649453341960907,
        "mae": 0.32002103328704834,
        "r2_score": 0.9245074987411499,
        "root_mean_squared_error": 0.4080374240875244,
        "val_loss": 0.05532040446996689,
        "val_mae": 0.18954716622829437,
        "val_r2_score": 0.9756098389625549,
        "val_root_mean_squared_error": 0.23520289361476898,
        "train_time": 11.99974274635315
    }
}