{
    "parameters": {
        "num_layers": 1,
        "num_neurons": 32,
        "num_epochs": 100,
        "learning_rate": 0.001,
        "use_batch_norm": true,
        "use_dropout": true,
        "batch_size": 64
    },
    "results": {
        "loss": 0.23130685091018677,
        "mae": 0.3777647018432617,
        "r2_score": 0.9053577184677124,
        "root_mean_squared_error": 0.4809437096118927,
        "val_loss": 0.08977744728326797,
        "val_mae": 0.24269235134124756,
        "val_r2_score": 0.9643274545669556,
        "val_root_mean_squared_error": 0.2996288537979126,
        "train_time": 8.780872583389282
    }
}