{
    "parameters": {
        "mf_type": "Smoothed Triangular",
        "num_mfs": 2,
        "learning_rate": 0.0001,
        "batch_size": 32,
        "num_epochs": 250
    },
    "results": {
        "loss": 1.3678358793258667,
        "mae": 0.48135218024253845,
        "root_mean_squared_error": 1.1695451736450195,
        "val_loss": 1.3489725589752197,
        "val_mae": 0.4680284857749939,
        "val_root_mean_squared_error": 1.1614527702331543,
        "train_time": 44.11585831642151
    }
}