{
    "parameters": {
        "num_layers": 2,
        "num_neurons": 16,
        "num_epochs": 250,
        "learning_rate": 0.0005,
        "use_batch_norm": true,
        "use_dropout": true,
        "batch_size": 128
    },
    "results": {
        "loss": 0.27409031987190247,
        "mae": 0.3985263705253601,
        "r2_score": 0.887852668762207,
        "root_mean_squared_error": 0.5235363841056824,
        "val_loss": 0.08797717839479446,
        "val_mae": 0.23019613325595856,
        "val_r2_score": 0.9650427103042603,
        "val_root_mean_squared_error": 0.29660946130752563,
        "train_time": 17.28146505355835
    }
}