{
    "parameters": {
        "num_layers": 2,
        "num_neurons": 16,
        "num_epochs": 250,
        "learning_rate": 0.0005,
        "use_batch_norm": true,
        "use_dropout": true,
        "batch_size": 128
    },
    "results": {
        "loss": 0.18077732622623444,
        "mae": 0.3250848054885864,
        "r2_score": 0.9180319905281067,
        "root_mean_squared_error": 0.4251791834831238,
        "val_loss": 0.06305017322301865,
        "val_mae": 0.1985972672700882,
        "val_r2_score": 0.9722018241882324,
        "val_root_mean_squared_error": 0.2510979473590851,
        "train_time": 21.923231601715088
    }
}