{
    "parameters": {
        "mf_type": "Gaussian",
        "num_mfs": 5,
        "learning_rate": 0.001,
        "batch_size": 128,
        "num_epochs": 250
    },
    "results": {
        "loss": 0.0938064381480217,
        "mae": 0.24817776679992676,
        "r2_score": 0.9617120027542114,
        "root_mean_squared_error": 0.30627837777137756,
        "val_loss": 0.09068474918603897,
        "val_mae": 0.24266067147254944,
        "val_r2_score": 0.9632676243782043,
        "val_root_mean_squared_error": 0.30113908648490906,
        "train_time": 245.70169019699097
    }
}