{
    "parameters": {
        "num_layers": 2,
        "num_neurons": 32,
        "num_epochs": 100,
        "learning_rate": 0.001,
        "use_batch_norm": true,
        "use_dropout": true,
        "batch_size": 64
    },
    "results": {
        "loss": 0.16832785308361053,
        "mae": 0.3147573173046112,
        "r2_score": 0.9232479333877563,
        "root_mean_squared_error": 0.410277783870697,
        "val_loss": 0.04676438868045807,
        "val_mae": 0.17088840901851654,
        "val_r2_score": 0.9787951111793518,
        "val_root_mean_squared_error": 0.21625074744224548,
        "train_time": 15.695826768875122
    }
}