{
    "parameters": {
        "num_layers": 1,
        "num_neurons": 64,
        "num_epochs": 250,
        "learning_rate": 0.0005,
        "use_batch_norm": true,
        "use_dropout": true,
        "batch_size": 128
    },
    "results": {
        "loss": 0.13586466014385223,
        "mae": 0.2886553704738617,
        "root_mean_squared_error": 0.36859822273254395,
        "val_loss": 0.058291442692279816,
        "val_mae": 0.19113226234912872,
        "val_root_mean_squared_error": 0.2414362132549286,
        "train_time": 18.92015051841736
    }
}