{
    "parameters": {
        "mf_type": "Smoothed Triangular",
        "num_mfs": 4,
        "learning_rate": 0.0005,
        "batch_size": 64,
        "num_epochs": 500
    },
    "results": {
        "loss": 0.10609366744756699,
        "mae": 0.2655334174633026,
        "r2_score": 0.9566966891288757,
        "root_mean_squared_error": 0.3257202208042145,
        "val_loss": 0.10147857666015625,
        "val_mae": 0.2570740580558777,
        "val_r2_score": 0.9588955640792847,
        "val_root_mean_squared_error": 0.3185570240020752,
        "train_time": 184.71739530563354
    }
}