{
    "parameters": {
        "mf_type": "Smoothed Triangular",
        "num_mfs": 5,
        "learning_rate": 0.001,
        "batch_size": 32,
        "num_epochs": 250
    },
    "results": {
        "loss": 0.10651303082704544,
        "mae": 0.2639860510826111,
        "r2_score": 0.9565256237983704,
        "root_mean_squared_error": 0.32636335492134094,
        "val_loss": 0.10348998010158539,
        "val_mae": 0.2570696175098419,
        "val_r2_score": 0.9580808877944946,
        "val_root_mean_squared_error": 0.3216985762119293,
        "train_time": 208.94200015068054
    }
}