{
    "parameters": {
        "mf_type": "Gaussian",
        "num_mfs": 3,
        "learning_rate": 0.0001,
        "batch_size": 64,
        "num_epochs": 500
    },
    "results": {
        "loss": 0.09980589896440506,
        "mae": 0.25512444972991943,
        "root_mean_squared_error": 0.31592071056365967,
        "val_loss": 0.09687323123216629,
        "val_mae": 0.24855981767177582,
        "val_root_mean_squared_error": 0.3112446367740631,
        "train_time": 70.9834291934967
    }
}