{
    "parameters": {
        "num_layers": 2,
        "num_neurons": 64,
        "num_epochs": 500,
        "learning_rate": 0.0001,
        "use_batch_norm": true,
        "use_dropout": true,
        "batch_size": 32
    },
    "results": {
        "loss": 0.20351029932498932,
        "mae": 0.35769763588905334,
        "r2_score": 0.9167312979698181,
        "root_mean_squared_error": 0.45112115144729614,
        "val_loss": 0.03113912232220173,
        "val_mae": 0.1384533792734146,
        "val_r2_score": 0.9876270294189453,
        "val_root_mean_squared_error": 0.1764628142118454,
        "train_time": 81.32829189300537
    }
}