{
    "parameters": {
        "num_layers": 2,
        "num_neurons": 64,
        "num_epochs": 500,
        "learning_rate": 0.0001,
        "use_batch_norm": true,
        "use_dropout": true,
        "batch_size": 32
    },
    "results": {
        "loss": 0.17266176640987396,
        "mae": 0.32424405217170715,
        "r2_score": 0.9212711453437805,
        "root_mean_squared_error": 0.415525883436203,
        "val_loss": 0.026217462494969368,
        "val_mae": 0.12309510260820389,
        "val_r2_score": 0.9881119132041931,
        "val_root_mean_squared_error": 0.16191807389259338,
        "train_time": 127.69916462898254
    }
}