{
    "parameters": {
        "num_layers": 2,
        "num_neurons": 64,
        "num_epochs": 500,
        "learning_rate": 0.0001,
        "use_batch_norm": true,
        "use_dropout": true,
        "batch_size": 32
    },
    "results": {
        "loss": 0.1691291332244873,
        "mae": 0.32428696751594543,
        "r2_score": 0.9233131408691406,
        "root_mean_squared_error": 0.4112531244754791,
        "val_loss": 0.017026279121637344,
        "val_mae": 0.09857740253210068,
        "val_r2_score": 0.9924932718276978,
        "val_root_mean_squared_error": 0.13048478960990906,
        "train_time": 109.91400980949402
    }
}