{
    "parameters": {
        "num_layers": 2,
        "num_neurons": 64,
        "num_epochs": 100,
        "learning_rate": 0.001,
        "use_batch_norm": true,
        "use_dropout": true,
        "batch_size": 64
    },
    "results": {
        "loss": 0.1320764720439911,
        "mae": 0.28144243359565735,
        "root_mean_squared_error": 0.36342325806617737,
        "val_loss": 0.029145047068595886,
        "val_mae": 0.12303297221660614,
        "val_root_mean_squared_error": 0.1707192063331604,
        "train_time": 14.166968584060669
    }
}