{
    "parameters": {
        "num_layers": 2,
        "num_neurons": 32,
        "num_epochs": 100,
        "learning_rate": 0.0001,
        "use_batch_norm": true,
        "use_dropout": true,
        "batch_size": 32
    },
    "results": {
        "loss": 0.38813990354537964,
        "mae": 0.48426949977874756,
        "r2_score": 0.8411870002746582,
        "root_mean_squared_error": 0.6230087280273438,
        "val_loss": 0.08071714639663696,
        "val_mae": 0.2279604971408844,
        "val_r2_score": 0.9679274559020996,
        "val_root_mean_squared_error": 0.28410762548446655,
        "train_time": 16.379069328308105
    }
}