{
    "parameters": {
        "num_layers": 2,
        "num_neurons": 32,
        "num_epochs": 100,
        "learning_rate": 0.0001,
        "use_batch_norm": true,
        "use_dropout": true,
        "batch_size": 32
    },
    "results": {
        "loss": 0.3007544279098511,
        "mae": 0.42822298407554626,
        "r2_score": 0.8636317253112793,
        "root_mean_squared_error": 0.5484108328819275,
        "val_loss": 0.044309101998806,
        "val_mae": 0.1679724156856537,
        "val_r2_score": 0.9804645776748657,
        "val_root_mean_squared_error": 0.21049727499485016,
        "train_time": 22.360761165618896
    }
}