{
    "parameters": {
        "num_layers": 1,
        "num_neurons": 64,
        "num_epochs": 100,
        "learning_rate": 0.001,
        "use_batch_norm": true,
        "use_dropout": true,
        "batch_size": 128
    },
    "results": {
        "loss": 0.1581549048423767,
        "mae": 0.3110091984272003,
        "r2_score": 0.9278863072395325,
        "root_mean_squared_error": 0.3976869285106659,
        "val_loss": 0.06393279880285263,
        "val_mae": 0.19459789991378784,
        "val_r2_score": 0.9710102677345276,
        "val_root_mean_squared_error": 0.25284937024116516,
        "train_time": 9.167576313018799
    }
}