{
    "parameters": {
        "num_layers": 1,
        "num_neurons": 64,
        "num_epochs": 100,
        "learning_rate": 0.001,
        "use_batch_norm": true,
        "use_dropout": true,
        "batch_size": 32
    },
    "results": {
        "loss": 0.21923145651817322,
        "mae": 0.37270644307136536,
        "r2_score": 0.9102977514266968,
        "root_mean_squared_error": 0.4682215750217438,
        "val_loss": 0.08481789380311966,
        "val_mae": 0.23646731674671173,
        "val_r2_score": 0.9662980437278748,
        "val_root_mean_squared_error": 0.2912351191043854,
        "train_time": 14.026609659194946
    }
}