{
    "parameters": {
        "num_layers": 1,
        "num_neurons": 64,
        "num_epochs": 100,
        "learning_rate": 0.001,
        "use_batch_norm": true,
        "use_dropout": true,
        "batch_size": 32
    },
    "results": {
        "loss": 0.17278967797756195,
        "mae": 0.3271883428096771,
        "r2_score": 0.9216532707214355,
        "root_mean_squared_error": 0.41567978262901306,
        "val_loss": 0.04308862239122391,
        "val_mae": 0.164073184132576,
        "val_r2_score": 0.9810026288032532,
        "val_root_mean_squared_error": 0.20757798850536346,
        "train_time": 19.118820190429688
    }
}