{
    "parameters": {
        "mf_type": "Smoothed Triangular",
        "num_mfs": 2,
        "learning_rate": 0.001,
        "batch_size": 128,
        "num_epochs": 500
    },
    "results": {
        "loss": 20.56548309326172,
        "mae": 4.256308078765869,
        "root_mean_squared_error": 4.534918308258057,
        "val_loss": 20.33609962463379,
        "val_mae": 4.231235504150391,
        "val_root_mean_squared_error": 4.509556293487549,
        "train_time": 39.84991526603699
    }
}