{
    "parameters": {
        "num_layers": 2,
        "num_neurons": 64,
        "num_epochs": 500,
        "learning_rate": 0.001,
        "use_batch_norm": true,
        "use_dropout": true,
        "batch_size": 224
    },
    "results": {
        "loss": 0.06331324577331543,
        "mae": 0.1930507868528366,
        "r2_score": 0.9708474278450012,
        "root_mean_squared_error": 0.2516212463378906,
        "val_loss": 0.018217846751213074,
        "val_mae": 0.09855633229017258,
        "val_r2_score": 0.9918707609176636,
        "val_root_mean_squared_error": 0.13497351109981537,
        "train_time": 37.41687035560608
    }
}