{
    "parameters": {
        "num_layers": 2,
        "num_neurons": 64,
        "num_epochs": 500,
        "learning_rate": 0.001,
        "use_batch_norm": true,
        "use_dropout": true,
        "batch_size": 224
    },
    "results": {
        "loss": 0.07065421342849731,
        "mae": 0.20231446623802185,
        "r2_score": 0.9678115248680115,
        "root_mean_squared_error": 0.2658086121082306,
        "val_loss": 0.018153676763176918,
        "val_mae": 0.10068295150995255,
        "val_r2_score": 0.9915328025817871,
        "val_root_mean_squared_error": 0.1347355842590332,
        "train_time": 38.21028017997742
    }
}