{
    "parameters": {
        "num_layers": 2,
        "num_neurons": 64,
        "num_epochs": 500,
        "learning_rate": 0.001,
        "use_batch_norm": true,
        "use_dropout": true,
        "batch_size": 224
    },
    "results": {
        "loss": 0.09511300921440125,
        "mae": 0.24057060480117798,
        "r2_score": 0.961124062538147,
        "root_mean_squared_error": 0.30840396881103516,
        "val_loss": 0.0298021137714386,
        "val_mae": 0.12640900909900665,
        "val_r2_score": 0.9877538084983826,
        "val_root_mean_squared_error": 0.17263288795948029,
        "train_time": 31.823201179504395
    }
}