{
    "parameters": {
        "num_layers": 1,
        "num_neurons": 64,
        "num_epochs": 100,
        "learning_rate": 0.001,
        "use_batch_norm": true,
        "use_dropout": true,
        "batch_size": 64
    },
    "results": {
        "loss": 0.17884983122348785,
        "mae": 0.3340981602668762,
        "r2_score": 0.9268215298652649,
        "root_mean_squared_error": 0.42290639877319336,
        "val_loss": 0.07097331434488297,
        "val_mae": 0.21255283057689667,
        "val_r2_score": 0.9717991352081299,
        "val_root_mean_squared_error": 0.26640817523002625,
        "train_time": 8.820005178451538
    }
}