{
    "parameters": {
        "num_layers": 1,
        "num_neurons": 64,
        "num_epochs": 100,
        "learning_rate": 0.001,
        "use_batch_norm": true,
        "use_dropout": true,
        "batch_size": 64
    },
    "results": {
        "loss": 0.13264258205890656,
        "mae": 0.28751349449157715,
        "r2_score": 0.9398571848869324,
        "root_mean_squared_error": 0.36420130729675293,
        "val_loss": 0.04081054404377937,
        "val_mae": 0.1629020869731903,
        "val_r2_score": 0.9820070862770081,
        "val_root_mean_squared_error": 0.2020162045955658,
        "train_time": 12.085936784744263
    }
}