{
    "parameters": {
        "num_layers": 1,
        "num_neurons": 64,
        "num_epochs": 100,
        "learning_rate": 0.001,
        "use_batch_norm": true,
        "use_dropout": true,
        "batch_size": 64
    },
    "results": {
        "loss": 0.15663276612758636,
        "mae": 0.31095805764198303,
        "r2_score": 0.9285799860954285,
        "root_mean_squared_error": 0.39576858282089233,
        "val_loss": 0.05714835599064827,
        "val_mae": 0.18897396326065063,
        "val_r2_score": 0.974086582660675,
        "val_root_mean_squared_error": 0.23905722796916962,
        "train_time": 13.602694749832153
    }
}