{
    "parameters": {
        "mf_type": "Generalized Bell",
        "num_mfs": 3,
        "learning_rate": 0.001,
        "batch_size": 128,
        "num_epochs": 100
    },
    "results": {
        "loss": 0.16215035319328308,
        "mae": 0.3162262737751007,
        "root_mean_squared_error": 0.4026789665222168,
        "val_loss": 0.15461471676826477,
        "val_mae": 0.30386677384376526,
        "val_root_mean_squared_error": 0.393210768699646,
        "train_time": 13.850516319274902
    }
}