{
    "parameters": {
        "mf_type": "Smoothed Triangular",
        "num_mfs": 3,
        "learning_rate": 0.001,
        "batch_size": 128,
        "num_epochs": 500
    },
    "results": {
        "loss": 0.4429524838924408,
        "mae": 0.4534775912761688,
        "root_mean_squared_error": 0.6655467748641968,
        "val_loss": 0.42976903915405273,
        "val_mae": 0.44542092084884644,
        "val_root_mean_squared_error": 0.6555677056312561,
        "train_time": 59.52366089820862
    }
}