{
    "parameters": {
        "num_layers": 2,
        "num_neurons": 64,
        "num_epochs": 250,
        "learning_rate": 0.0005,
        "use_batch_norm": true,
        "use_dropout": true,
        "batch_size": 64
    },
    "results": {
        "loss": 0.13697518408298492,
        "mae": 0.2833670973777771,
        "r2_score": 0.9375435709953308,
        "root_mean_squared_error": 0.37010160088539124,
        "val_loss": 0.023121340200304985,
        "val_mae": 0.11340906471014023,
        "val_r2_score": 0.9895158410072327,
        "val_root_mean_squared_error": 0.15205703675746918,
        "train_time": 39.75636124610901
    }
}