{
    "parameters": {
        "num_layers": 2,
        "num_neurons": 64,
        "num_epochs": 250,
        "learning_rate": 0.0005,
        "use_batch_norm": true,
        "use_dropout": true,
        "batch_size": 64
    },
    "results": {
        "loss": 0.1212124153971672,
        "mae": 0.27265599370002747,
        "root_mean_squared_error": 0.3481557369232178,
        "val_loss": 0.02174980938434601,
        "val_mae": 0.11369627714157104,
        "val_root_mean_squared_error": 0.1474781632423401,
        "train_time": 33.869462728500366
    }
}