{
    "parameters": {
        "mf_type": "Gaussian",
        "num_mfs": 4,
        "learning_rate": 0.0005,
        "batch_size": 128,
        "num_epochs": 500
    },
    "results": {
        "loss": 0.09997676312923431,
        "mae": 0.2560248076915741,
        "root_mean_squared_error": 0.31619101762771606,
        "val_loss": 0.09761928766965866,
        "val_mae": 0.2514379918575287,
        "val_root_mean_squared_error": 0.3124408423900604,
        "train_time": 153.65066480636597
    }
}