{
    "parameters": {
        "num_layers": 2,
        "num_neurons": 16,
        "num_epochs": 100,
        "learning_rate": 0.0001,
        "use_batch_norm": true,
        "use_dropout": true,
        "batch_size": 128
    },
    "results": {
        "loss": 0.6926441788673401,
        "mae": 0.6347450613975525,
        "root_mean_squared_error": 0.8322525024414062,
        "val_loss": 0.10166428983211517,
        "val_mae": 0.2522789239883423,
        "val_root_mean_squared_error": 0.3188483715057373,
        "train_time": 8.431910991668701
    }
}