{
    "parameters": {
        "mf_type": "Smoothed Triangular",
        "num_mfs": 4,
        "learning_rate": 0.0001,
        "batch_size": 128,
        "num_epochs": 250
    },
    "results": {
        "loss": 17.586305618286133,
        "mae": 3.619425058364868,
        "root_mean_squared_error": 4.193603038787842,
        "val_loss": 17.456144332885742,
        "val_mae": 3.610302686691284,
        "val_root_mean_squared_error": 4.178055286407471,
        "train_time": 80.46458721160889
    }
}