{
    "parameters": {
        "num_layers": 2,
        "num_neurons": 16,
        "num_epochs": 250,
        "learning_rate": 0.0005,
        "use_batch_norm": true,
        "use_dropout": true,
        "batch_size": 32
    },
    "results": {
        "loss": 0.2363022267818451,
        "mae": 0.3753325939178467,
        "r2_score": 0.8922537565231323,
        "root_mean_squared_error": 0.48610928654670715,
        "val_loss": 0.06364177167415619,
        "val_mae": 0.19742931425571442,
        "val_r2_score": 0.9711422324180603,
        "val_root_mean_squared_error": 0.25227320194244385,
        "train_time": 59.928741455078125
    }
}