{
    "parameters": {
        "num_layers": 2,
        "num_neurons": 16,
        "num_epochs": 250,
        "learning_rate": 0.0005,
        "use_batch_norm": true,
        "use_dropout": true,
        "batch_size": 32
    },
    "results": {
        "loss": 0.2237492948770523,
        "mae": 0.3653969466686249,
        "r2_score": 0.8985480666160583,
        "root_mean_squared_error": 0.4730214476585388,
        "val_loss": 0.05490618571639061,
        "val_mae": 0.18579445779323578,
        "val_r2_score": 0.975792407989502,
        "val_root_mean_squared_error": 0.23432068526744843,
        "train_time": 55.91973257064819
    }
}