{
    "parameters": {
        "num_layers": 2,
        "num_neurons": 16,
        "num_epochs": 250,
        "learning_rate": 0.0005,
        "use_batch_norm": true,
        "use_dropout": true,
        "batch_size": 32
    },
    "results": {
        "loss": 0.27199259400367737,
        "mae": 0.40949106216430664,
        "r2_score": 0.8887113332748413,
        "root_mean_squared_error": 0.5215290784835815,
        "val_loss": 0.08831137418746948,
        "val_mae": 0.23496891558170319,
        "val_r2_score": 0.9649099707603455,
        "val_root_mean_squared_error": 0.29717230796813965,
        "train_time": 38.74762439727783
    }
}