{
    "parameters": {
        "num_layers": 2,
        "num_neurons": 64,
        "num_epochs": 100,
        "learning_rate": 0.001,
        "use_batch_norm": true,
        "use_dropout": true,
        "batch_size": 64
    },
    "results": {
        "loss": 0.1283203363418579,
        "mae": 0.27873650193214417,
        "r2_score": 0.941817045211792,
        "root_mean_squared_error": 0.3582182824611664,
        "val_loss": 0.016962658613920212,
        "val_mae": 0.10019099712371826,
        "val_r2_score": 0.992521345615387,
        "val_root_mean_squared_error": 0.1302407681941986,
        "train_time": 14.371960401535034
    }
}