{
    "parameters": {
        "num_layers": 2,
        "num_neurons": 64,
        "num_epochs": 100,
        "learning_rate": 0.001,
        "use_batch_norm": true,
        "use_dropout": true,
        "batch_size": 64
    },
    "results": {
        "loss": 0.1586499661207199,
        "mae": 0.3118450343608856,
        "r2_score": 0.935086190700531,
        "root_mean_squared_error": 0.3983088731765747,
        "val_loss": 0.04581405222415924,
        "val_mae": 0.16975660622119904,
        "val_r2_score": 0.9817960262298584,
        "val_root_mean_squared_error": 0.21404217183589935,
        "train_time": 10.781301021575928
    }
}