{
    "parameters": {
        "num_layers": 2,
        "num_neurons": 64,
        "num_epochs": 100,
        "learning_rate": 0.001,
        "use_batch_norm": true,
        "use_dropout": true,
        "batch_size": 64
    },
    "results": {
        "loss": 0.14151011407375336,
        "mae": 0.2923552095890045,
        "r2_score": 0.9354755878448486,
        "root_mean_squared_error": 0.3761782944202423,
        "val_loss": 0.029108751565217972,
        "val_mae": 0.12962894141674042,
        "val_r2_score": 0.9868009090423584,
        "val_root_mean_squared_error": 0.1706128716468811,
        "train_time": 16.157290935516357
    }
}