{
    "parameters": {
        "num_layers": 2,
        "num_neurons": 32,
        "num_epochs": 250,
        "learning_rate": 0.0005,
        "use_batch_norm": true,
        "use_dropout": true,
        "batch_size": 128
    },
    "results": {
        "loss": 0.1386917382478714,
        "mae": 0.28544655442237854,
        "r2_score": 0.9371145963668823,
        "root_mean_squared_error": 0.37241339683532715,
        "val_loss": 0.03413253650069237,
        "val_mae": 0.14383792877197266,
        "val_r2_score": 0.9849513173103333,
        "val_root_mean_squared_error": 0.18474993109703064,
        "train_time": 23.6214919090271
    }
}