{
    "parameters": {
        "num_layers": 2,
        "num_neurons": 32,
        "num_epochs": 250,
        "learning_rate": 0.0005,
        "use_batch_norm": true,
        "use_dropout": true,
        "batch_size": 128
    },
    "results": {
        "loss": 0.21254800260066986,
        "mae": 0.35702836513519287,
        "r2_score": 0.9130333662033081,
        "root_mean_squared_error": 0.4610292911529541,
        "val_loss": 0.07037308812141418,
        "val_mae": 0.21216335892677307,
        "val_r2_score": 0.9720376133918762,
        "val_root_mean_squared_error": 0.26527926325798035,
        "train_time": 17.661353826522827
    }
}