{
    "parameters": {
        "mf_type": "Generalized Bell",
        "num_mfs": 3,
        "learning_rate": 0.0001,
        "batch_size": 64,
        "num_epochs": 500
    },
    "results": {
        "loss": 0.10102773457765579,
        "mae": 0.25723397731781006,
        "r2_score": 0.9587645530700684,
        "root_mean_squared_error": 0.3178485929965973,
        "val_loss": 0.09678608179092407,
        "val_mae": 0.25060251355171204,
        "val_r2_score": 0.9607962369918823,
        "val_root_mean_squared_error": 0.3111046254634857,
        "train_time": 79.21712851524353
    }
}