{
    "parameters": {
        "num_layers": 1,
        "num_neurons": 16,
        "num_epochs": 100,
        "learning_rate": 0.0005,
        "use_batch_norm": true,
        "use_dropout": true,
        "batch_size": 64
    },
    "results": {
        "loss": 0.31927794218063354,
        "mae": 0.4385189116001129,
        "r2_score": 0.8693623542785645,
        "root_mean_squared_error": 0.5650468468666077,
        "val_loss": 0.09989853203296661,
        "val_mae": 0.25887423753738403,
        "val_r2_score": 0.9603058695793152,
        "val_root_mean_squared_error": 0.31606727838516235,
        "train_time": 8.768540620803833
    }
}