{
    "parameters": {
        "num_layers": 1,
        "num_neurons": 16,
        "num_epochs": 100,
        "learning_rate": 0.0005,
        "use_batch_norm": true,
        "use_dropout": true,
        "batch_size": 64
    },
    "results": {
        "loss": 0.23785242438316345,
        "mae": 0.3759658932685852,
        "r2_score": 0.8921530246734619,
        "root_mean_squared_error": 0.4877011775970459,
        "val_loss": 0.06509409844875336,
        "val_mae": 0.20584063231945038,
        "val_r2_score": 0.9713007211685181,
        "val_root_mean_squared_error": 0.2551354467868805,
        "train_time": 11.98050308227539
    }
}