{
    "parameters": {
        "num_layers": 1,
        "num_neurons": 16,
        "num_epochs": 100,
        "learning_rate": 0.0005,
        "use_batch_norm": true,
        "use_dropout": true,
        "batch_size": 32
    },
    "results": {
        "loss": 0.24890686571598053,
        "mae": 0.388180136680603,
        "root_mean_squared_error": 0.49890565872192383,
        "val_loss": 0.08064796775579453,
        "val_mae": 0.22367218136787415,
        "val_root_mean_squared_error": 0.28398585319519043,
        "train_time": 16.71836543083191
    }
}