{
    "parameters": {
        "num_layers": 2,
        "num_neurons": 16,
        "num_epochs": 500,
        "learning_rate": 0.001,
        "use_batch_norm": true,
        "use_dropout": true,
        "batch_size": 32
    },
    "results": {
        "loss": 0.2572877109050751,
        "mae": 0.3989645838737488,
        "r2_score": 0.8947263956069946,
        "root_mean_squared_error": 0.5072353482246399,
        "val_loss": 0.0666418969631195,
        "val_mae": 0.20774056017398834,
        "val_r2_score": 0.9735202193260193,
        "val_root_mean_squared_error": 0.2581509053707123,
        "train_time": 76.06026697158813
    }
}