{
    "parameters": {
        "num_layers": 2,
        "num_neurons": 16,
        "num_epochs": 500,
        "learning_rate": 0.001,
        "use_batch_norm": true,
        "use_dropout": true,
        "batch_size": 32
    },
    "results": {
        "loss": 0.20754560828208923,
        "mae": 0.35831063985824585,
        "r2_score": 0.9058948755264282,
        "root_mean_squared_error": 0.4555717408657074,
        "val_loss": 0.05082882195711136,
        "val_mae": 0.18360300362110138,
        "val_r2_score": 0.9775900840759277,
        "val_root_mean_squared_error": 0.2254524827003479,
        "train_time": 164.74756336212158
    }
}