{
    "parameters": {
        "num_layers": 2,
        "num_neurons": 16,
        "num_epochs": 500,
        "learning_rate": 0.001,
        "use_batch_norm": true,
        "use_dropout": true,
        "batch_size": 32
    },
    "results": {
        "loss": 0.22705310583114624,
        "mae": 0.365912526845932,
        "r2_score": 0.8964705467224121,
        "root_mean_squared_error": 0.47650089859962463,
        "val_loss": 0.08789414167404175,
        "val_mae": 0.21602247655391693,
        "val_r2_score": 0.9601452350616455,
        "val_root_mean_squared_error": 0.29646944999694824,
        "train_time": 117.33106780052185
    }
}