{
    "parameters": {
        "mf_type": "Generalized Bell",
        "num_mfs": 3,
        "learning_rate": 0.001,
        "batch_size": 64,
        "num_epochs": 250
    },
    "results": {
        "loss": 0.09524939209222794,
        "mae": 0.249400794506073,
        "root_mean_squared_error": 0.3086250126361847,
        "val_loss": 0.09298134595155716,
        "val_mae": 0.24385099112987518,
        "val_root_mean_squared_error": 0.30492842197418213,
        "train_time": 39.747902631759644
    }
}