{
    "parameters": {
        "mf_type": "Generalized Bell",
        "num_mfs": 5,
        "learning_rate": 0.001,
        "batch_size": 64,
        "num_epochs": 250
    },
    "results": {
        "loss": 0.0960313081741333,
        "mae": 0.2502974569797516,
        "r2_score": 0.9608036279678345,
        "root_mean_squared_error": 0.30988919734954834,
        "val_loss": 0.09217426180839539,
        "val_mae": 0.2436039298772812,
        "val_r2_score": 0.9626643061637878,
        "val_root_mean_squared_error": 0.3036021292209625,
        "train_time": 248.73711228370667
    }
}