{
    "parameters": {
        "num_layers": 4,
        "num_neurons": 80,
        "num_epochs": 500,
        "learning_rate": 0.001,
        "use_batch_norm": true,
        "use_dropout": true,
        "batch_size": 128
    },
    "results": {
        "loss": 0.08948777616024017,
        "mae": 0.23083965480327606,
        "r2_score": 0.9634233713150024,
        "root_mean_squared_error": 0.29914507269859314,
        "val_loss": 0.023577140644192696,
        "val_mae": 0.10487613081932068,
        "val_r2_score": 0.9903117418289185,
        "val_root_mean_squared_error": 0.1535484939813614,
        "train_time": 50.41707897186279
    }
}