{
    "parameters": {
        "num_layers": 4,
        "num_neurons": 80,
        "num_epochs": 500,
        "learning_rate": 0.001,
        "use_batch_norm": true,
        "use_dropout": true,
        "batch_size": 128
    },
    "results": {
        "loss": 0.05887303501367569,
        "mae": 0.18656471371650696,
        "r2_score": 0.9728920459747314,
        "root_mean_squared_error": 0.24263766407966614,
        "val_loss": 0.007227650377899408,
        "val_mae": 0.06095791235566139,
        "val_r2_score": 0.9967748522758484,
        "val_root_mean_squared_error": 0.08501558750867844,
        "train_time": 67.37608194351196
    }
}