{
    "parameters": {
        "num_layers": 4,
        "num_neurons": 128,
        "num_epochs": 500,
        "learning_rate": 0.001,
        "use_batch_norm": true,
        "use_dropout": true,
        "batch_size": 192
    },
    "results": {
        "loss": 0.06936809420585632,
        "mae": 0.20525962114334106,
        "r2_score": 0.9716468453407288,
        "root_mean_squared_error": 0.26337823271751404,
        "val_loss": 0.013838567771017551,
        "val_mae": 0.08646659553050995,
        "val_r2_score": 0.9943134784698486,
        "val_root_mean_squared_error": 0.11763744056224823,
        "train_time": 51.866860151290894
    }
}