{
    "parameters": {
        "num_layers": 4,
        "num_neurons": 128,
        "num_epochs": 500,
        "learning_rate": 0.001,
        "use_batch_norm": true,
        "use_dropout": true,
        "batch_size": 192
    },
    "results": {
        "loss": 0.047689273953437805,
        "mae": 0.16681325435638428,
        "r2_score": 0.9780415296554565,
        "root_mean_squared_error": 0.21837873756885529,
        "val_loss": 0.007087420206516981,
        "val_mae": 0.06495504826307297,
        "val_r2_score": 0.9968374371528625,
        "val_root_mean_squared_error": 0.08418681472539902,
        "train_time": 70.16569685935974
    }
}