{
    "parameters": {
        "num_layers": 2,
        "num_neurons": 64,
        "num_epochs": 250,
        "learning_rate": 0.0005,
        "use_batch_norm": true,
        "use_dropout": true,
        "batch_size": 32
    },
    "results": {
        "loss": 0.16224081814289093,
        "mae": 0.31528526544570923,
        "r2_score": 0.9260231852531433,
        "root_mean_squared_error": 0.402791291475296,
        "val_loss": 0.03334369510412216,
        "val_mae": 0.1419585645198822,
        "val_r2_score": 0.9848806262016296,
        "val_root_mean_squared_error": 0.18260255455970764,
        "train_time": 61.69249224662781
    }
}