{
    "parameters": {
        "num_layers": 2,
        "num_neurons": 64,
        "num_epochs": 250,
        "learning_rate": 0.0005,
        "use_batch_norm": true,
        "use_dropout": true,
        "batch_size": 32
    },
    "results": {
        "loss": 0.1292012333869934,
        "mae": 0.28036317229270935,
        "r2_score": 0.9414175748825073,
        "root_mean_squared_error": 0.359445720911026,
        "val_loss": 0.015876416116952896,
        "val_mae": 0.09404456615447998,
        "val_r2_score": 0.9930002689361572,
        "val_root_mean_squared_error": 0.12600165605545044,
        "train_time": 55.023414850234985
    }
}