{
    "parameters": {
        "num_layers": 2,
        "num_neurons": 64,
        "num_epochs": 250,
        "learning_rate": 0.0005,
        "use_batch_norm": true,
        "use_dropout": true,
        "batch_size": 32
    },
    "results": {
        "loss": 0.16412657499313354,
        "mae": 0.31959354877471924,
        "r2_score": 0.9328458309173584,
        "root_mean_squared_error": 0.40512537956237793,
        "val_loss": 0.022369714453816414,
        "val_mae": 0.1142779290676117,
        "val_r2_score": 0.9911115169525146,
        "val_root_mean_squared_error": 0.14956508576869965,
        "train_time": 38.91641139984131
    }
}