{
    "parameters": {
        "num_layers": 1,
        "num_neurons": 16,
        "num_epochs": 250,
        "learning_rate": 0.0001,
        "use_batch_norm": true,
        "use_dropout": true,
        "batch_size": 32
    },
    "results": {
        "loss": 0.273843914270401,
        "mae": 0.40365010499954224,
        "r2_score": 0.875834047794342,
        "root_mean_squared_error": 0.5233010053634644,
        "val_loss": 0.06958422064781189,
        "val_mae": 0.2148463875055313,
        "val_r2_score": 0.9693210124969482,
        "val_root_mean_squared_error": 0.26378822326660156,
        "train_time": 44.83871102333069
    }
}