{
    "parameters": {
        "num_layers": 1,
        "num_neurons": 16,
        "num_epochs": 250,
        "learning_rate": 0.0001,
        "use_batch_norm": true,
        "use_dropout": true,
        "batch_size": 32
    },
    "results": {
        "loss": 0.33888745307922363,
        "mae": 0.45429572463035583,
        "r2_score": 0.861339807510376,
        "root_mean_squared_error": 0.5821403861045837,
        "val_loss": 0.10050726681947708,
        "val_mae": 0.2586345076560974,
        "val_r2_score": 0.9600639939308167,
        "val_root_mean_squared_error": 0.31702882051467896,
        "train_time": 33.092650175094604
    }
}