{
    "parameters": {
        "num_layers": 1,
        "num_neurons": 16,
        "num_epochs": 250,
        "learning_rate": 0.0005,
        "use_batch_norm": true,
        "use_dropout": true,
        "batch_size": 32
    },
    "results": {
        "loss": 0.2352583259344101,
        "mae": 0.373396635055542,
        "root_mean_squared_error": 0.48503434658050537,
        "val_loss": 0.09808840602636337,
        "val_mae": 0.24132998287677765,
        "val_root_mean_squared_error": 0.3131906986236572,
        "train_time": 42.78260803222656
    }
}