{
    "parameters": {
        "mf_type": "Gaussian",
        "num_mfs": 5,
        "learning_rate": 0.0001,
        "batch_size": 64,
        "num_epochs": 500
    },
    "results": {
        "loss": 0.10155337303876877,
        "mae": 0.25780078768730164,
        "root_mean_squared_error": 0.31867438554763794,
        "val_loss": 0.09810854494571686,
        "val_mae": 0.25004589557647705,
        "val_root_mean_squared_error": 0.31322282552719116,
        "train_time": 436.8797285556793
    }
}