{
    "parameters": {
        "mf_type": "Gaussian",
        "num_mfs": 3,
        "learning_rate": 0.001,
        "batch_size": 64,
        "num_epochs": 500
    },
    "results": {
        "loss": 0.09913811087608337,
        "mae": 0.2553901970386505,
        "root_mean_squared_error": 0.31486204266548157,
        "val_loss": 0.09759141504764557,
        "val_mae": 0.25147587060928345,
        "val_root_mean_squared_error": 0.31239625811576843,
        "train_time": 71.2812077999115
    }
}