{
    "parameters": {
        "mf_type": "Smoothed Triangular",
        "num_mfs": 3,
        "learning_rate": 0.001,
        "batch_size": 128,
        "num_epochs": 100
    },
    "results": {
        "loss": 16.517934799194336,
        "mae": 3.862638235092163,
        "root_mean_squared_error": 4.064226150512695,
        "val_loss": 16.193363189697266,
        "val_mae": 3.8284716606140137,
        "val_root_mean_squared_error": 4.024097919464111,
        "train_time": 14.912500858306885
    }
}