{
    "parameters": {
        "mf_type": "Smoothed Triangular",
        "num_mfs": 2,
        "learning_rate": 0.0005,
        "batch_size": 64,
        "num_epochs": 250
    },
    "results": {
        "loss": 20.56549072265625,
        "mae": 4.256309509277344,
        "root_mean_squared_error": 4.534919261932373,
        "val_loss": 20.336103439331055,
        "val_mae": 4.231236457824707,
        "val_root_mean_squared_error": 4.509556770324707,
        "train_time": 27.217275381088257
    }
}