{
    "parameters": {
        "num_layers": 1,
        "num_neurons": 64,
        "num_epochs": 250,
        "learning_rate": 0.0001,
        "use_batch_norm": true,
        "use_dropout": true,
        "batch_size": 32
    },
    "results": {
        "loss": 0.17454732954502106,
        "mae": 0.3300367295742035,
        "r2_score": 0.9208562970161438,
        "root_mean_squared_error": 0.41778862476348877,
        "val_loss": 0.03752485662698746,
        "val_mae": 0.1539340764284134,
        "val_r2_score": 0.9834556579589844,
        "val_root_mean_squared_error": 0.19371333718299866,
        "train_time": 45.25146460533142
    }
}