{
    "parameters": {
        "num_layers": 1,
        "num_neurons": 64,
        "num_epochs": 250,
        "learning_rate": 0.0001,
        "use_batch_norm": true,
        "use_dropout": true,
        "batch_size": 32
    },
    "results": {
        "loss": 0.22263459861278534,
        "mae": 0.37128761410713196,
        "r2_score": 0.9089059829711914,
        "root_mean_squared_error": 0.4718417227268219,
        "val_loss": 0.07242131978273392,
        "val_mae": 0.21770383417606354,
        "val_r2_score": 0.971223771572113,
        "val_root_mean_squared_error": 0.26911208033561707,
        "train_time": 34.551453828811646
    }
}