{
    "parameters": {
        "num_layers": 2,
        "num_neurons": 128,
        "num_epochs": 500,
        "learning_rate": 0.001,
        "use_batch_norm": true,
        "use_dropout": true,
        "batch_size": 256
    },
    "results": {
        "loss": 0.06768134981393814,
        "mae": 0.20259176194667816,
        "r2_score": 0.9723362922668457,
        "root_mean_squared_error": 0.26015639305114746,
        "val_loss": 0.015339239500463009,
        "val_mae": 0.09113091975450516,
        "val_r2_score": 0.9936968684196472,
        "val_root_mean_squared_error": 0.12385168671607971,
        "train_time": 33.61388063430786
    }
}