{
    "parameters": {
        "num_layers": 2,
        "num_neurons": 128,
        "num_epochs": 500,
        "learning_rate": 0.001,
        "use_batch_norm": true,
        "use_dropout": true,
        "batch_size": 256
    },
    "results": {
        "loss": 0.04825548455119133,
        "mae": 0.16889913380146027,
        "r2_score": 0.977780818939209,
        "root_mean_squared_error": 0.2196713089942932,
        "val_loss": 0.013608220033347607,
        "val_mae": 0.08512936532497406,
        "val_r2_score": 0.9939276576042175,
        "val_root_mean_squared_error": 0.11665427684783936,
        "train_time": 42.18061304092407
    }
}