{
    "parameters": {
        "num_layers": 2,
        "num_neurons": 128,
        "num_epochs": 500,
        "learning_rate": 0.001,
        "use_batch_norm": true,
        "use_dropout": true,
        "batch_size": 256
    },
    "results": {
        "loss": 0.05700278282165527,
        "mae": 0.18337056040763855,
        "r2_score": 0.9740309119224548,
        "root_mean_squared_error": 0.2387525588274002,
        "val_loss": 0.014508658088743687,
        "val_mae": 0.09747776389122009,
        "val_r2_score": 0.9932329058647156,
        "val_root_mean_squared_error": 0.12045188993215561,
        "train_time": 43.077237129211426
    }
}