{
    "parameters": {
        "num_layers": 1,
        "num_neurons": 64,
        "num_epochs": 250,
        "learning_rate": 0.0001,
        "use_batch_norm": true,
        "use_dropout": true,
        "batch_size": 32
    },
    "results": {
        "loss": 0.19910097122192383,
        "mae": 0.35285815596580505,
        "root_mean_squared_error": 0.44620731472969055,
        "val_loss": 0.05525001138448715,
        "val_mae": 0.1832454651594162,
        "val_root_mean_squared_error": 0.23505321145057678,
        "train_time": 44.485832929611206
    }
}