{
    "parameters": {
        "num_layers": 1,
        "num_neurons": 64,
        "num_epochs": 250,
        "learning_rate": 0.0001,
        "use_batch_norm": true,
        "use_dropout": true,
        "batch_size": 32
    },
    "results": {
        "loss": 0.2047400176525116,
        "mae": 0.3561793565750122,
        "r2_score": 0.9066447019577026,
        "root_mean_squared_error": 0.45248207449913025,
        "val_loss": 0.05484568700194359,
        "val_mae": 0.18144920468330383,
        "val_r2_score": 0.9751307368278503,
        "val_root_mean_squared_error": 0.23419156670570374,
        "train_time": 53.5039279460907
    }
}