{
    "parameters": {
        "mf_type": "Smoothed Triangular",
        "num_mfs": 2,
        "learning_rate": 0.0005,
        "batch_size": 32,
        "num_epochs": 250
    },
    "results": {
        "loss": 9.532373428344727,
        "mae": 3.026822090148926,
        "root_mean_squared_error": 3.087454080581665,
        "val_loss": 9.428299903869629,
        "val_mae": 3.0104176998138428,
        "val_root_mean_squared_error": 3.070553779602051,
        "train_time": 46.854506731033325
    }
}