{
    "parameters": {
        "mf_type": "Gaussian",
        "num_mfs": 3,
        "learning_rate": 0.0001,
        "batch_size": 32,
        "num_epochs": 500
    },
    "results": {
        "loss": 0.09819819778203964,
        "mae": 0.2533310353755951,
        "root_mean_squared_error": 0.3133659064769745,
        "val_loss": 0.09529756009578705,
        "val_mae": 0.24690112471580505,
        "val_root_mean_squared_error": 0.3087030351161957,
        "train_time": 110.94976496696472
    }
}