{
    "parameters": {
        "mf_type": "Gaussian",
        "num_mfs": 2,
        "learning_rate": 0.0005,
        "batch_size": 32,
        "num_epochs": 250
    },
    "results": {
        "loss": 0.1011231392621994,
        "mae": 0.2573520243167877,
        "root_mean_squared_error": 0.31799864768981934,
        "val_loss": 0.09772231429815292,
        "val_mae": 0.24940045177936554,
        "val_root_mean_squared_error": 0.31260567903518677,
        "train_time": 38.11923336982727
    }
}