{
    "parameters": {
        "num_layers": 2,
        "num_neurons": 64,
        "num_epochs": 100,
        "learning_rate": 0.001,
        "use_batch_norm": true,
        "use_dropout": true,
        "batch_size": 128
    },
    "results": {
        "loss": 0.12735499441623688,
        "mae": 0.2780628800392151,
        "r2_score": 0.9419298768043518,
        "root_mean_squared_error": 0.35686832666397095,
        "val_loss": 0.0294699277728796,
        "val_mae": 0.13336072862148285,
        "val_r2_score": 0.9866371750831604,
        "val_root_mean_squared_error": 0.17166806757450104,
        "train_time": 10.83698296546936
    }
}