{
    "parameters": {
        "num_layers": 1,
        "num_neurons": 16,
        "num_epochs": 100,
        "learning_rate": 0.0001,
        "use_batch_norm": true,
        "use_dropout": true,
        "batch_size": 32
    },
    "results": {
        "loss": 0.41885918378829956,
        "mae": 0.4996362626552582,
        "r2_score": 0.8090130686759949,
        "root_mean_squared_error": 0.6471933126449585,
        "val_loss": 0.0988861694931984,
        "val_mae": 0.25998035073280334,
        "val_r2_score": 0.9551609754562378,
        "val_root_mean_squared_error": 0.31446170806884766,
        "train_time": 19.94830870628357
    }
}