{
    "parameters": {
        "num_layers": 1,
        "num_neurons": 16,
        "num_epochs": 100,
        "learning_rate": 0.0001,
        "use_batch_norm": true,
        "use_dropout": true,
        "batch_size": 32
    },
    "results": {
        "loss": 0.38161173462867737,
        "mae": 0.4758358597755432,
        "r2_score": 0.8269697427749634,
        "root_mean_squared_error": 0.6177473068237305,
        "val_loss": 0.0744362622499466,
        "val_mae": 0.21996986865997314,
        "val_r2_score": 0.9671818017959595,
        "val_root_mean_squared_error": 0.2728300988674164,
        "train_time": 18.79978632926941
    }
}