{
    "parameters": {
        "num_layers": 1,
        "num_neurons": 16,
        "num_epochs": 100,
        "learning_rate": 0.0001,
        "use_batch_norm": true,
        "use_dropout": true,
        "batch_size": 32
    },
    "results": {
        "loss": 0.429863303899765,
        "mae": 0.5089389085769653,
        "r2_score": 0.8241159915924072,
        "root_mean_squared_error": 0.6556395888328552,
        "val_loss": 0.09914156794548035,
        "val_mae": 0.255626916885376,
        "val_r2_score": 0.9606066346168518,
        "val_root_mean_squared_error": 0.3148675262928009,
        "train_time": 13.693149328231812
    }
}