{
    "parameters": {
        "num_layers": 2,
        "num_neurons": 32,
        "num_epochs": 100,
        "learning_rate": 0.0001,
        "use_batch_norm": true,
        "use_dropout": true,
        "batch_size": 64
    },
    "results": {
        "loss": 0.3235234320163727,
        "mae": 0.4395051598548889,
        "root_mean_squared_error": 0.5687912106513977,
        "val_loss": 0.055751338601112366,
        "val_mae": 0.18383097648620605,
        "val_root_mean_squared_error": 0.23611721396446228,
        "train_time": 13.10494875907898
    }
}