{
    "parameters": {
        "mf_type": "Smoothed Triangular",
        "num_mfs": 3,
        "learning_rate": 0.0005,
        "batch_size": 32,
        "num_epochs": 100
    },
    "results": {
        "loss": 20.565481185913086,
        "mae": 4.256308078765869,
        "root_mean_squared_error": 4.534917831420898,
        "val_loss": 20.33609390258789,
        "val_mae": 4.231235027313232,
        "val_root_mean_squared_error": 4.509555816650391,
        "train_time": 28.833423376083374
    }
}