{
    "parameters": {
        "num_layers": 1,
        "num_neurons": 64,
        "num_epochs": 250,
        "learning_rate": 0.0001,
        "use_batch_norm": true,
        "use_dropout": true,
        "batch_size": 64
    },
    "results": {
        "loss": 0.17098677158355713,
        "mae": 0.32315799593925476,
        "root_mean_squared_error": 0.4135054647922516,
        "val_loss": 0.054037466645240784,
        "val_mae": 0.18385019898414612,
        "val_root_mean_squared_error": 0.23245960474014282,
        "train_time": 28.113959074020386
    }
}