{
    "parameters": {
        "mf_type": "Gaussian",
        "num_mfs": 4,
        "learning_rate": 0.001,
        "batch_size": 128,
        "num_epochs": 250
    },
    "results": {
        "loss": 0.098385751247406,
        "mae": 0.25289055705070496,
        "root_mean_squared_error": 0.3136650323867798,
        "val_loss": 0.09505623579025269,
        "val_mae": 0.24506212770938873,
        "val_root_mean_squared_error": 0.30831190943717957,
        "train_time": 74.6876380443573
    }
}