{
    "parameters": {
        "mf_type": "Gaussian",
        "num_mfs": 4,
        "learning_rate": 0.0001,
        "batch_size": 64,
        "num_epochs": 500
    },
    "results": {
        "loss": 0.10322268307209015,
        "mae": 0.25833627581596375,
        "root_mean_squared_error": 0.32128286361694336,
        "val_loss": 0.10157082229852676,
        "val_mae": 0.25672411918640137,
        "val_root_mean_squared_error": 0.31870177388191223,
        "train_time": 183.68459558486938
    }
}