{
    "parameters": {
        "num_layers": 1,
        "num_neurons": 16,
        "num_epochs": 100,
        "learning_rate": 0.001,
        "use_batch_norm": true,
        "use_dropout": true,
        "batch_size": 32
    },
    "results": {
        "loss": 0.21971926093101501,
        "mae": 0.36303234100341797,
        "root_mean_squared_error": 0.4687422215938568,
        "val_loss": 0.08917994052171707,
        "val_mae": 0.23654352128505707,
        "val_root_mean_squared_error": 0.29863011837005615,
        "train_time": 17.347229480743408
    }
}