{
    "parameters": {
        "num_layers": 2,
        "num_neurons": 32,
        "num_epochs": 250,
        "learning_rate": 0.0001,
        "use_batch_norm": true,
        "use_dropout": true,
        "batch_size": 64
    },
    "results": {
        "loss": 0.2809690535068512,
        "mae": 0.4133979380130768,
        "r2_score": 0.8850374221801758,
        "root_mean_squared_error": 0.53006511926651,
        "val_loss": 0.07262473553419113,
        "val_mae": 0.21745382249355316,
        "val_r2_score": 0.9711429476737976,
        "val_root_mean_squared_error": 0.26948976516723633,
        "train_time": 24.35932183265686
    }
}