{
    "parameters": {
        "num_layers": 2,
        "num_neurons": 32,
        "num_epochs": 250,
        "learning_rate": 0.0001,
        "use_batch_norm": true,
        "use_dropout": true,
        "batch_size": 64
    },
    "results": {
        "loss": 0.22555816173553467,
        "mae": 0.36410197615623474,
        "r2_score": 0.8977274894714355,
        "root_mean_squared_error": 0.4749296307563782,
        "val_loss": 0.03255895897746086,
        "val_mae": 0.1437985897064209,
        "val_r2_score": 0.9856451153755188,
        "val_root_mean_squared_error": 0.1804410070180893,
        "train_time": 34.28117775917053
    }
}