{
    "parameters": {
        "mf_type": "Gaussian",
        "num_mfs": 5,
        "learning_rate": 0.0005,
        "batch_size": 32,
        "num_epochs": 500
    },
    "results": {
        "loss": 0.09644678980112076,
        "mae": 0.25142431259155273,
        "root_mean_squared_error": 0.31055882573127747,
        "val_loss": 0.09381438791751862,
        "val_mae": 0.24551565945148468,
        "val_root_mean_squared_error": 0.3062913417816162,
        "train_time": 379.7696313858032
    }
}