{
    "parameters": {
        "num_layers": 1,
        "num_neurons": 16,
        "num_epochs": 100,
        "learning_rate": 0.001,
        "use_batch_norm": true,
        "use_dropout": true,
        "batch_size": 32
    },
    "results": {
        "loss": 0.21453547477722168,
        "mae": 0.36083918809890747,
        "r2_score": 0.9027243852615356,
        "root_mean_squared_error": 0.46317973732948303,
        "val_loss": 0.07066226750612259,
        "val_mae": 0.21437512338161469,
        "val_r2_score": 0.9688456654548645,
        "val_root_mean_squared_error": 0.26582375168800354,
        "train_time": 18.48348832130432
    }
}