{
    "parameters": {
        "num_layers": 1,
        "num_neurons": 16,
        "num_epochs": 100,
        "learning_rate": 0.001,
        "use_batch_norm": true,
        "use_dropout": true,
        "batch_size": 32
    },
    "results": {
        "loss": 0.22258904576301575,
        "mae": 0.36765575408935547,
        "r2_score": 0.8985050916671753,
        "root_mean_squared_error": 0.47179344296455383,
        "val_loss": 0.0757230594754219,
        "val_mae": 0.2202541083097458,
        "val_r2_score": 0.9656640887260437,
        "val_root_mean_squared_error": 0.2751782238483429,
        "train_time": 21.766247272491455
    }
}