{
    "parameters": {
        "num_layers": 1,
        "num_neurons": 16,
        "num_epochs": 100,
        "learning_rate": 0.001,
        "use_batch_norm": true,
        "use_dropout": true,
        "batch_size": 32
    },
    "results": {
        "loss": 0.2727142572402954,
        "mae": 0.40752190351486206,
        "r2_score": 0.8884146809577942,
        "root_mean_squared_error": 0.5222204923629761,
        "val_loss": 0.09494128078222275,
        "val_mae": 0.24953213334083557,
        "val_r2_score": 0.9622755646705627,
        "val_root_mean_squared_error": 0.30812543630599976,
        "train_time": 13.605964422225952
    }
}