{
    "parameters": {
        "mf_type": "Gaussian",
        "num_mfs": 3,
        "learning_rate": 0.001,
        "batch_size": 128,
        "num_epochs": 100
    },
    "results": {
        "loss": 0.10680952668190002,
        "mae": 0.26395443081855774,
        "root_mean_squared_error": 0.32681727409362793,
        "val_loss": 0.10212485492229462,
        "val_mae": 0.2523535192012787,
        "val_root_mean_squared_error": 0.31956979632377625,
        "train_time": 13.000073432922363
    }
}