{
    "parameters": {
        "num_layers": 1,
        "num_neurons": 16,
        "num_epochs": 250,
        "learning_rate": 0.0005,
        "use_batch_norm": true,
        "use_dropout": true,
        "batch_size": 64
    },
    "results": {
        "loss": 0.18998557329177856,
        "mae": 0.33617398142814636,
        "root_mean_squared_error": 0.4358733594417572,
        "val_loss": 0.07872305810451508,
        "val_mae": 0.22435708343982697,
        "val_root_mean_squared_error": 0.28057628870010376,
        "train_time": 26.883172750473022
    }
}