{
    "parameters": {
        "num_layers": 1,
        "num_neurons": 32,
        "num_epochs": 250,
        "learning_rate": 0.0005,
        "use_batch_norm": true,
        "use_dropout": true,
        "batch_size": 32
    },
    "results": {
        "loss": 0.19948506355285645,
        "mae": 0.3488355576992035,
        "root_mean_squared_error": 0.44663751125335693,
        "val_loss": 0.06511898338794708,
        "val_mae": 0.2002732902765274,
        "val_root_mean_squared_error": 0.25518420338630676,
        "train_time": 41.45018172264099
    }
}