{
    "parameters": {
        "num_layers": 1,
        "num_neurons": 32,
        "num_epochs": 250,
        "learning_rate": 0.0005,
        "use_batch_norm": true,
        "use_dropout": true,
        "batch_size": 32
    },
    "results": {
        "loss": 0.20011088252067566,
        "mae": 0.35034558176994324,
        "r2_score": 0.908755362033844,
        "root_mean_squared_error": 0.4473375380039215,
        "val_loss": 0.06301440298557281,
        "val_mae": 0.19487878680229187,
        "val_r2_score": 0.9714267253875732,
        "val_root_mean_squared_error": 0.2510266900062561,
        "train_time": 51.146992444992065
    }
}