{
    "parameters": {
        "mf_type": "Gaussian",
        "num_mfs": 5,
        "learning_rate": 0.0001,
        "batch_size": 128,
        "num_epochs": 500
    },
    "results": {
        "loss": 0.7616304755210876,
        "mae": 0.8005937337875366,
        "root_mean_squared_error": 0.8727144002914429,
        "val_loss": 0.7314420938491821,
        "val_mae": 0.784839928150177,
        "val_root_mean_squared_error": 0.8552438616752625,
        "train_time": 360.1221833229065
    }
}