{
    "parameters": {
        "num_layers": 2,
        "num_neurons": 64,
        "num_epochs": 500,
        "learning_rate": 0.001,
        "use_batch_norm": true,
        "use_dropout": true,
        "batch_size": 32
    },
    "results": {
        "loss": 0.13789710402488708,
        "mae": 0.2925749719142914,
        "root_mean_squared_error": 0.37134498357772827,
        "val_loss": 0.032473620027303696,
        "val_mae": 0.12032666057348251,
        "val_root_mean_squared_error": 0.1802043914794922,
        "train_time": 104.39871549606323
    }
}