{
    "parameters": {
        "mf_type": "Generalized Bell",
        "num_mfs": 4,
        "learning_rate": 0.001,
        "batch_size": 64,
        "num_epochs": 250
    },
    "results": {
        "loss": 0.09786834567785263,
        "mae": 0.2531953454017639,
        "r2_score": 0.9600541591644287,
        "root_mean_squared_error": 0.31283918023109436,
        "val_loss": 0.09401450306177139,
        "val_mae": 0.2463626265525818,
        "val_r2_score": 0.9619188904762268,
        "val_root_mean_squared_error": 0.3066178560256958,
        "train_time": 89.1024534702301
    }
}