{
    "parameters": {
        "mf_type": "Smoothed Triangular",
        "num_mfs": 3,
        "learning_rate": 0.0005,
        "batch_size": 64,
        "num_epochs": 250
    },
    "results": {
        "loss": 0.10666835308074951,
        "mae": 0.26412397623062134,
        "r2_score": 0.9564620852470398,
        "root_mean_squared_error": 0.32660120725631714,
        "val_loss": 0.10357802361249924,
        "val_mae": 0.2574341297149658,
        "val_r2_score": 0.9580451250076294,
        "val_root_mean_squared_error": 0.32183539867401123,
        "train_time": 43.9549605846405
    }
}