{
    "parameters": {
        "num_layers": 2,
        "num_neurons": 64,
        "num_epochs": 100,
        "learning_rate": 0.001,
        "use_batch_norm": true,
        "use_dropout": true,
        "batch_size": 32
    },
    "results": {
        "loss": 0.1831689029932022,
        "mae": 0.3341359496116638,
        "root_mean_squared_error": 0.427982360124588,
        "val_loss": 0.03213513270020485,
        "val_mae": 0.13917507231235504,
        "val_root_mean_squared_error": 0.17926274240016937,
        "train_time": 21.53369140625
    }
}