{
    "parameters": {
        "mf_type": "Smoothed Triangular",
        "num_mfs": 5,
        "learning_rate": 0.0001,
        "batch_size": 128,
        "num_epochs": 100
    },
    "results": {
        "loss": 20.44310760498047,
        "mae": 4.239786624908447,
        "root_mean_squared_error": 4.5214056968688965,
        "val_loss": 20.21832275390625,
        "val_mae": 4.214842796325684,
        "val_root_mean_squared_error": 4.496479034423828,
        "train_time": 85.40778684616089
    }
}