{
    "parameters": {
        "num_layers": 2,
        "num_neurons": 96,
        "num_epochs": 500,
        "learning_rate": 0.001,
        "use_batch_norm": true,
        "use_dropout": true,
        "batch_size": 224
    },
    "results": {
        "loss": 0.07093331962823868,
        "mae": 0.20899641513824463,
        "r2_score": 0.9710071682929993,
        "root_mean_squared_error": 0.26633310317993164,
        "val_loss": 0.012739273719489574,
        "val_mae": 0.08285705745220184,
        "val_r2_score": 0.9947652220726013,
        "val_root_mean_squared_error": 0.11286839097738266,
        "train_time": 31.821565866470337
    }
}