{
    "parameters": {
        "num_layers": 2,
        "num_neurons": 96,
        "num_epochs": 500,
        "learning_rate": 0.001,
        "use_batch_norm": true,
        "use_dropout": true,
        "batch_size": 224
    },
    "results": {
        "loss": 0.057698119431734085,
        "mae": 0.18470121920108795,
        "r2_score": 0.9734330177307129,
        "root_mean_squared_error": 0.2402043342590332,
        "val_loss": 0.019476570188999176,
        "val_mae": 0.11396502703428268,
        "val_r2_score": 0.9913091063499451,
        "val_root_mean_squared_error": 0.13955847918987274,
        "train_time": 40.883755683898926
    }
}