{
    "parameters": {
        "num_layers": 2,
        "num_neurons": 96,
        "num_epochs": 500,
        "learning_rate": 0.001,
        "use_batch_norm": true,
        "use_dropout": true,
        "batch_size": 224
    },
    "results": {
        "loss": 0.06349783390760422,
        "mae": 0.19401027262210846,
        "r2_score": 0.9710717797279358,
        "root_mean_squared_error": 0.2519877552986145,
        "val_loss": 0.02245827205479145,
        "val_mae": 0.11065765470266342,
        "val_r2_score": 0.9895250797271729,
        "val_root_mean_squared_error": 0.14986084401607513,
        "train_time": 40.81731367111206
    }
}