{
    "parameters": {
        "num_layers": 1,
        "num_neurons": 64,
        "num_epochs": 500,
        "learning_rate": 0.0001,
        "use_batch_norm": true,
        "use_dropout": true,
        "batch_size": 128
    },
    "results": {
        "loss": 0.17742832005023956,
        "mae": 0.3308563530445099,
        "r2_score": 0.9274026155471802,
        "root_mean_squared_error": 0.42122241854667664,
        "val_loss": 0.06827332824468613,
        "val_mae": 0.21069803833961487,
        "val_r2_score": 0.9728718996047974,
        "val_root_mean_squared_error": 0.26129165291786194,
        "train_time": 31.43021559715271
    }
}