{
    "parameters": {
        "num_layers": 1,
        "num_neurons": 64,
        "num_epochs": 500,
        "learning_rate": 0.0001,
        "use_batch_norm": true,
        "use_dropout": true,
        "batch_size": 128
    },
    "results": {
        "loss": 0.13140450417995453,
        "mae": 0.2837979197502136,
        "r2_score": 0.9404183030128479,
        "root_mean_squared_error": 0.36249759793281555,
        "val_loss": 0.040677107870578766,
        "val_mae": 0.1612945795059204,
        "val_r2_score": 0.9820659160614014,
        "val_root_mean_squared_error": 0.20168566703796387,
        "train_time": 43.88421034812927
    }
}