{
    "parameters": {
        "mf_type": "Smoothed Triangular",
        "num_mfs": 5,
        "learning_rate": 0.001,
        "batch_size": 64,
        "num_epochs": 500
    },
    "results": {
        "loss": 0.10278003662824631,
        "mae": 0.2599262297153473,
        "r2_score": 0.9580492973327637,
        "root_mean_squared_error": 0.3205932676792145,
        "val_loss": 0.09995834529399872,
        "val_mae": 0.255610853433609,
        "val_r2_score": 0.9595113396644592,
        "val_root_mean_squared_error": 0.3161619007587433,
        "train_time": 575.9380149841309
    }
}