{
    "parameters": {
        "mf_type": "Smoothed Triangular",
        "num_mfs": 4,
        "learning_rate": 0.0001,
        "batch_size": 32,
        "num_epochs": 250
    },
    "results": {
        "loss": 12.943211555480957,
        "mae": 3.3707048892974854,
        "root_mean_squared_error": 3.5976674556732178,
        "val_loss": 12.556862831115723,
        "val_mae": 3.328822612762451,
        "val_root_mean_squared_error": 3.5435664653778076,
        "train_time": 116.81392502784729
    }
}