{
    "parameters": {
        "mf_type": "Generalized Bell",
        "num_mfs": 5,
        "learning_rate": 0.001,
        "batch_size": 32,
        "num_epochs": 250
    },
    "results": {
        "loss": 0.09734946489334106,
        "mae": 0.2515295743942261,
        "root_mean_squared_error": 0.3120087683200836,
        "val_loss": 0.09448803961277008,
        "val_mae": 0.24493113160133362,
        "val_root_mean_squared_error": 0.3073890805244446,
        "train_time": 202.08713293075562
    }
}