{
    "parameters": {
        "num_layers": 1,
        "num_neurons": 32,
        "num_epochs": 500,
        "learning_rate": 0.0005,
        "use_batch_norm": true,
        "use_dropout": true,
        "batch_size": 64
    },
    "results": {
        "loss": 0.1702324002981186,
        "mae": 0.3250710070133209,
        "r2_score": 0.9303472638130188,
        "root_mean_squared_error": 0.4125922918319702,
        "val_loss": 0.08498339354991913,
        "val_mae": 0.23621074855327606,
        "val_r2_score": 0.9662323594093323,
        "val_root_mean_squared_error": 0.2915191054344177,
        "train_time": 42.08590912818909
    }
}