{
    "parameters": {
        "num_layers": 1,
        "num_neurons": 32,
        "num_epochs": 500,
        "learning_rate": 0.0005,
        "use_batch_norm": true,
        "use_dropout": true,
        "batch_size": 64
    },
    "results": {
        "loss": 0.12139828503131866,
        "mae": 0.2730858325958252,
        "r2_score": 0.9449552893638611,
        "root_mean_squared_error": 0.3484225571155548,
        "val_loss": 0.048863984644412994,
        "val_mae": 0.17320255935192108,
        "val_r2_score": 0.9784563779830933,
        "val_root_mean_squared_error": 0.22105199098587036,
        "train_time": 58.613635778427124
    }
}