{
    "parameters": {
        "mf_type": "Smoothed Triangular",
        "num_mfs": 5,
        "learning_rate": 0.0005,
        "batch_size": 32,
        "num_epochs": 250
    },
    "results": {
        "loss": 0.09770139306783676,
        "mae": 0.25389018654823303,
        "root_mean_squared_error": 0.3125722110271454,
        "val_loss": 0.09322863072156906,
        "val_mae": 0.2471107691526413,
        "val_root_mean_squared_error": 0.3053336441516876,
        "train_time": 211.8918833732605
    }
}