{
    "parameters": {
        "num_layers": 1,
        "num_neurons": 32,
        "num_epochs": 500,
        "learning_rate": 0.001,
        "use_batch_norm": true,
        "use_dropout": true,
        "batch_size": 128
    },
    "results": {
        "loss": 0.12704767286777496,
        "mae": 0.27565696835517883,
        "r2_score": 0.942069947719574,
        "root_mean_squared_error": 0.35643747448921204,
        "val_loss": 0.06054822728037834,
        "val_mae": 0.19103792309761047,
        "val_r2_score": 0.9725449681282043,
        "val_root_mean_squared_error": 0.24606549739837646,
        "train_time": 38.60340905189514
    }
}