{
    "parameters": {
        "num_layers": 1,
        "num_neurons": 32,
        "num_epochs": 250,
        "learning_rate": 0.001,
        "use_batch_norm": true,
        "use_dropout": true,
        "batch_size": 64
    },
    "results": {
        "loss": 0.17558151483535767,
        "mae": 0.3304905891418457,
        "r2_score": 0.9281585812568665,
        "root_mean_squared_error": 0.4190244674682617,
        "val_loss": 0.08716274052858353,
        "val_mae": 0.24062572419643402,
        "val_r2_score": 0.9653663635253906,
        "val_root_mean_squared_error": 0.2952333688735962,
        "train_time": 21.13335156440735
    }
}