{
    "parameters": {
        "num_layers": 1,
        "num_neurons": 32,
        "num_epochs": 250,
        "learning_rate": 0.001,
        "use_batch_norm": true,
        "use_dropout": true,
        "batch_size": 64
    },
    "results": {
        "loss": 0.13337096571922302,
        "mae": 0.28636518120765686,
        "r2_score": 0.9395266175270081,
        "root_mean_squared_error": 0.36519989371299744,
        "val_loss": 0.05322486534714699,
        "val_mae": 0.18063071370124817,
        "val_r2_score": 0.9765337109565735,
        "val_root_mean_squared_error": 0.2307051420211792,
        "train_time": 28.866179704666138
    }
}