{
    "parameters": {
        "mf_type": "Generalized Bell",
        "num_mfs": 5,
        "learning_rate": 0.0005,
        "batch_size": 64,
        "num_epochs": 500
    },
    "results": {
        "loss": 0.09133049100637436,
        "mae": 0.24549861252307892,
        "root_mean_squared_error": 0.30220934748649597,
        "val_loss": 0.09005468338727951,
        "val_mae": 0.24054911732673645,
        "val_root_mean_squared_error": 0.30009111762046814,
        "train_time": 438.81758642196655
    }
}