{
    "parameters": {
        "num_layers": 2,
        "num_neurons": 32,
        "num_epochs": 250,
        "learning_rate": 0.0005,
        "use_batch_norm": true,
        "use_dropout": true,
        "batch_size": 32
    },
    "results": {
        "loss": 0.19740323722362518,
        "mae": 0.3451631963253021,
        "root_mean_squared_error": 0.4443008303642273,
        "val_loss": 0.04963405802845955,
        "val_mae": 0.1645929515361786,
        "val_root_mean_squared_error": 0.2227870225906372,
        "train_time": 52.48188018798828
    }
}