{
    "parameters": {
        "num_layers": 2,
        "num_neurons": 64,
        "num_epochs": 250,
        "learning_rate": 0.0005,
        "use_batch_norm": true,
        "use_dropout": true,
        "batch_size": 64
    },
    "results": {
        "loss": 0.14349162578582764,
        "mae": 0.29650363326072693,
        "r2_score": 0.9412884712219238,
        "root_mean_squared_error": 0.3788028955459595,
        "val_loss": 0.027086034417152405,
        "val_mae": 0.12850774824619293,
        "val_r2_score": 0.9892375469207764,
        "val_root_mean_squared_error": 0.16457834839820862,
        "train_time": 25.213449478149414
    }
}