{
    "parameters": {
        "num_layers": 2,
        "num_neurons": 64,
        "num_epochs": 250,
        "learning_rate": 0.0005,
        "use_batch_norm": true,
        "use_dropout": true,
        "batch_size": 64
    },
    "results": {
        "loss": 0.11033044755458832,
        "mae": 0.2593064308166504,
        "r2_score": 0.9499737620353699,
        "root_mean_squared_error": 0.33216026425361633,
        "val_loss": 0.014458643272519112,
        "val_mae": 0.08984705805778503,
        "val_r2_score": 0.9936253428459167,
        "val_root_mean_squared_error": 0.120244100689888,
        "train_time": 35.59837555885315
    }
}