{
    "parameters": {
        "mf_type": "Smoothed Triangular",
        "num_mfs": 3,
        "learning_rate": 0.0001,
        "batch_size": 32,
        "num_epochs": 250
    },
    "results": {
        "loss": 20.56548500061035,
        "mae": 4.256309509277344,
        "root_mean_squared_error": 4.534918308258057,
        "val_loss": 20.336105346679688,
        "val_mae": 4.231235504150391,
        "val_root_mean_squared_error": 4.509557247161865,
        "train_time": 65.45045065879822
    }
}