{
    "parameters": {
        "num_layers": 3,
        "num_neurons": 64,
        "num_epochs": 500,
        "learning_rate": 0.001,
        "use_batch_norm": true,
        "use_dropout": true,
        "batch_size": 128
    },
    "results": {
        "loss": 0.09464779496192932,
        "mae": 0.23857207596302032,
        "r2_score": 0.9613142609596252,
        "root_mean_squared_error": 0.30764880776405334,
        "val_loss": 0.017895061522722244,
        "val_mae": 0.09701022505760193,
        "val_r2_score": 0.9926465749740601,
        "val_root_mean_squared_error": 0.13377241790294647,
        "train_time": 41.51926398277283
    }
}