{
    "parameters": {
        "num_layers": 3,
        "num_neurons": 64,
        "num_epochs": 500,
        "learning_rate": 0.001,
        "use_batch_norm": true,
        "use_dropout": true,
        "batch_size": 128
    },
    "results": {
        "loss": 0.06855633854866028,
        "mae": 0.20279884338378906,
        "r2_score": 0.9684333801269531,
        "root_mean_squared_error": 0.26183265447616577,
        "val_loss": 0.010107818990945816,
        "val_mae": 0.07654444128274918,
        "val_r2_score": 0.9954896569252014,
        "val_root_mean_squared_error": 0.10053765028715134,
        "train_time": 55.33727145195007
    }
}