{
    "parameters": {
        "num_layers": 2,
        "num_neurons": 32,
        "num_epochs": 100,
        "learning_rate": 0.0005,
        "use_batch_norm": true,
        "use_dropout": true,
        "batch_size": 32
    },
    "results": {
        "loss": 0.23747292160987854,
        "mae": 0.37807056307792664,
        "r2_score": 0.8917186260223389,
        "root_mean_squared_error": 0.4873119294643402,
        "val_loss": 0.04339976608753204,
        "val_mae": 0.15793652832508087,
        "val_r2_score": 0.9803208112716675,
        "val_root_mean_squared_error": 0.20832610130310059,
        "train_time": 24.839746713638306
    }
}