{
    "parameters": {
        "num_layers": 2,
        "num_neurons": 32,
        "num_epochs": 100,
        "learning_rate": 0.0005,
        "use_batch_norm": true,
        "use_dropout": true,
        "batch_size": 32
    },
    "results": {
        "loss": 0.21799874305725098,
        "mae": 0.36444780230522156,
        "r2_score": 0.9011558890342712,
        "root_mean_squared_error": 0.46690335869789124,
        "val_loss": 0.03181616961956024,
        "val_mae": 0.13795055449008942,
        "val_r2_score": 0.9859725832939148,
        "val_root_mean_squared_error": 0.1783708781003952,
        "train_time": 22.759143829345703
    }
}