{
    "parameters": {
        "num_layers": 2,
        "num_neurons": 32,
        "num_epochs": 100,
        "learning_rate": 0.0005,
        "use_batch_norm": true,
        "use_dropout": true,
        "batch_size": 32
    },
    "results": {
        "loss": 0.2741292417049408,
        "mae": 0.41077348589897156,
        "r2_score": 0.8878364562988281,
        "root_mean_squared_error": 0.5235735177993774,
        "val_loss": 0.06059658154845238,
        "val_mae": 0.1962321400642395,
        "val_r2_score": 0.9759222865104675,
        "val_root_mean_squared_error": 0.2461637258529663,
        "train_time": 16.259793996810913
    }
}