{
    "parameters": {
        "mf_type": "Generalized Bell",
        "num_mfs": 2,
        "learning_rate": 0.0001,
        "batch_size": 64,
        "num_epochs": 100
    },
    "results": {
        "loss": 6.658025741577148,
        "mae": 2.481252670288086,
        "root_mean_squared_error": 2.580315113067627,
        "val_loss": 6.497586727142334,
        "val_mae": 2.4521431922912598,
        "val_root_mean_squared_error": 2.5490365028381348,
        "train_time": 10.892968893051147
    }
}