{
    "parameters": {
        "num_layers": 1,
        "num_neurons": 64,
        "num_epochs": 100,
        "learning_rate": 0.0005,
        "use_batch_norm": true,
        "use_dropout": true,
        "batch_size": 64
    },
    "results": {
        "loss": 0.16519668698310852,
        "mae": 0.3217972218990326,
        "root_mean_squared_error": 0.4064439535140991,
        "val_loss": 0.05933140218257904,
        "val_mae": 0.1940954178571701,
        "val_root_mean_squared_error": 0.2435803860425949,
        "train_time": 11.642540693283081
    }
}