{
    "parameters": {
        "num_layers": 1,
        "num_neurons": 64,
        "num_epochs": 100,
        "learning_rate": 0.0005,
        "use_batch_norm": true,
        "use_dropout": true,
        "batch_size": 64
    },
    "results": {
        "loss": 0.17193318903446198,
        "mae": 0.32584327459335327,
        "r2_score": 0.921603262424469,
        "root_mean_squared_error": 0.41464826464653015,
        "val_loss": 0.05404141917824745,
        "val_mae": 0.1796899437904358,
        "val_r2_score": 0.9754953980445862,
        "val_root_mean_squared_error": 0.23246809840202332,
        "train_time": 13.693381071090698
    }
}