{
    "parameters": {
        "num_layers": 1,
        "num_neurons": 64,
        "num_epochs": 500,
        "learning_rate": 0.001,
        "use_batch_norm": true,
        "use_dropout": true,
        "batch_size": 64
    },
    "results": {
        "loss": 0.12382172793149948,
        "mae": 0.2740496098995209,
        "root_mean_squared_error": 0.3518831133842468,
        "val_loss": 0.06007732078433037,
        "val_mae": 0.1932021677494049,
        "val_root_mean_squared_error": 0.2451067566871643,
        "train_time": 56.70130729675293
    }
}