{
    "parameters": {
        "num_layers": 1,
        "num_neurons": 64,
        "num_epochs": 500,
        "learning_rate": 0.001,
        "use_batch_norm": true,
        "use_dropout": true,
        "batch_size": 64
    },
    "results": {
        "loss": 0.13289543986320496,
        "mae": 0.28684866428375244,
        "r2_score": 0.939404308795929,
        "root_mean_squared_error": 0.3645482659339905,
        "val_loss": 0.057761117815971375,
        "val_mae": 0.18784143030643463,
        "val_r2_score": 0.973808765411377,
        "val_root_mean_squared_error": 0.24033543467521667,
        "train_time": 64.7006151676178
    }
}