{
    "parameters": {
        "mf_type": "Gaussian",
        "num_mfs": 4,
        "learning_rate": 0.0001,
        "batch_size": 128,
        "num_epochs": 500
    },
    "results": {
        "loss": 0.8451841473579407,
        "mae": 0.8565375804901123,
        "root_mean_squared_error": 0.9193390011787415,
        "val_loss": 0.8399330377578735,
        "val_mae": 0.8571373224258423,
        "val_root_mean_squared_error": 0.9164786338806152,
        "train_time": 146.48755979537964
    }
}