{
    "parameters": {
        "mf_type": "Smoothed Triangular",
        "num_mfs": 2,
        "learning_rate": 0.0005,
        "batch_size": 128,
        "num_epochs": 500
    },
    "results": {
        "loss": 20.565492630004883,
        "mae": 4.256309509277344,
        "root_mean_squared_error": 4.534919261932373,
        "val_loss": 20.336103439331055,
        "val_mae": 4.231235980987549,
        "val_root_mean_squared_error": 4.509556770324707,
        "train_time": 39.95012617111206
    }
}