{
    "parameters": {
        "num_layers": 2,
        "num_neurons": 16,
        "num_epochs": 100,
        "learning_rate": 0.001,
        "use_batch_norm": true,
        "use_dropout": true,
        "batch_size": 64
    },
    "results": {
        "loss": 0.21028439700603485,
        "mae": 0.3504936397075653,
        "r2_score": 0.9041164517402649,
        "root_mean_squared_error": 0.4585677683353424,
        "val_loss": 0.08423443883657455,
        "val_mae": 0.2188396006822586,
        "val_r2_score": 0.9618046879768372,
        "val_root_mean_squared_error": 0.29023170471191406,
        "train_time": 15.132769346237183
    }
}