{
    "parameters": {
        "num_layers": 2,
        "num_neurons": 16,
        "num_epochs": 100,
        "learning_rate": 0.001,
        "use_batch_norm": true,
        "use_dropout": true,
        "batch_size": 64
    },
    "results": {
        "loss": 0.21025240421295166,
        "mae": 0.34857824444770813,
        "root_mean_squared_error": 0.4585328698158264,
        "val_loss": 0.09756699949502945,
        "val_mae": 0.23114243149757385,
        "val_root_mean_squared_error": 0.3123571574687958,
        "train_time": 12.213980436325073
    }
}