{
    "parameters": {
        "mf_type": "Gaussian",
        "num_mfs": 5,
        "learning_rate": 0.0001,
        "batch_size": 128,
        "num_epochs": 100
    },
    "results": {
        "loss": 14.598483085632324,
        "mae": 3.7326250076293945,
        "root_mean_squared_error": 3.820796251296997,
        "val_loss": 14.439515113830566,
        "val_mae": 3.712721586227417,
        "val_root_mean_squared_error": 3.799936294555664,
        "train_time": 82.28032374382019
    }
}