{
    "parameters": {
        "mf_type": "Gaussian",
        "num_mfs": 4,
        "learning_rate": 0.0001,
        "batch_size": 64,
        "num_epochs": 100
    },
    "results": {
        "loss": 8.957143783569336,
        "mae": 2.966221570968628,
        "root_mean_squared_error": 2.9928488731384277,
        "val_loss": 8.834226608276367,
        "val_mae": 2.9465408325195312,
        "val_root_mean_squared_error": 2.972242593765259,
        "train_time": 37.58230638504028
    }
}