{
    "parameters": {
        "num_layers": 2,
        "num_neurons": 32,
        "num_epochs": 500,
        "learning_rate": 0.001,
        "use_batch_norm": true,
        "use_dropout": true,
        "batch_size": 32
    },
    "results": {
        "loss": 0.16176916658878326,
        "mae": 0.3179299831390381,
        "r2_score": 0.9266505241394043,
        "root_mean_squared_error": 0.40220537781715393,
        "val_loss": 0.030729888007044792,
        "val_mae": 0.13986836373806,
        "val_r2_score": 0.9864515066146851,
        "val_root_mean_squared_error": 0.17529942095279694,
        "train_time": 110.68137288093567
    }
}