{
    "parameters": {
        "num_layers": 2,
        "num_neurons": 32,
        "num_epochs": 500,
        "learning_rate": 0.001,
        "use_batch_norm": true,
        "use_dropout": true,
        "batch_size": 32
    },
    "results": {
        "loss": 0.1910558044910431,
        "mae": 0.3434310555458069,
        "r2_score": 0.9218267202377319,
        "root_mean_squared_error": 0.43709930777549744,
        "val_loss": 0.04849495738744736,
        "val_mae": 0.173097163438797,
        "val_r2_score": 0.9807307720184326,
        "val_root_mean_squared_error": 0.22021570801734924,
        "train_time": 80.04870700836182
    }
}