{
    "parameters": {
        "num_layers": 2,
        "num_neurons": 32,
        "num_epochs": 500,
        "learning_rate": 0.001,
        "use_batch_norm": true,
        "use_dropout": true,
        "batch_size": 32
    },
    "results": {
        "loss": 0.16730961203575134,
        "mae": 0.3189270496368408,
        "r2_score": 0.9237115979194641,
        "root_mean_squared_error": 0.40903496742248535,
        "val_loss": 0.05716212838888168,
        "val_mae": 0.18006262183189392,
        "val_r2_score": 0.9740803837776184,
        "val_root_mean_squared_error": 0.23908603191375732,
        "train_time": 116.52694654464722
    }
}