{
    "parameters": {
        "mf_type": "Generalized Bell",
        "num_mfs": 5,
        "learning_rate": 0.0001,
        "batch_size": 128,
        "num_epochs": 500
    },
    "results": {
        "loss": 0.4174882769584656,
        "mae": 0.558210551738739,
        "root_mean_squared_error": 0.646133303642273,
        "val_loss": 0.41390538215637207,
        "val_mae": 0.56017005443573,
        "val_root_mean_squared_error": 0.6433547735214233,
        "train_time": 362.11967492103577
    }
}