{
    "parameters": {
        "num_layers": 1,
        "num_neurons": 16,
        "num_epochs": 500,
        "learning_rate": 0.0001,
        "use_batch_norm": true,
        "use_dropout": true,
        "batch_size": 32
    },
    "results": {
        "loss": 0.2842763662338257,
        "mae": 0.4156794548034668,
        "r2_score": 0.8836840391159058,
        "root_mean_squared_error": 0.5331757664680481,
        "val_loss": 0.0972544327378273,
        "val_mae": 0.2544373571872711,
        "val_r2_score": 0.9613564610481262,
        "val_root_mean_squared_error": 0.3118564188480377,
        "train_time": 67.85043215751648
    }
}