{
    "parameters": {
        "num_layers": 1,
        "num_neurons": 16,
        "num_epochs": 500,
        "learning_rate": 0.0001,
        "use_batch_norm": true,
        "use_dropout": true,
        "batch_size": 32
    },
    "results": {
        "loss": 0.24509234726428986,
        "mae": 0.383674681186676,
        "r2_score": 0.8882454633712769,
        "root_mean_squared_error": 0.4950680136680603,
        "val_loss": 0.07485608011484146,
        "val_mae": 0.22035421431064606,
        "val_r2_score": 0.9660572409629822,
        "val_root_mean_squared_error": 0.27359840273857117,
        "train_time": 100.75027513504028
    }
}