{
    "parameters": {
        "num_layers": 1,
        "num_neurons": 16,
        "num_epochs": 500,
        "learning_rate": 0.0001,
        "use_batch_norm": true,
        "use_dropout": true,
        "batch_size": 32
    },
    "results": {
        "loss": 0.23454032838344574,
        "mae": 0.37456774711608887,
        "r2_score": 0.8936554193496704,
        "root_mean_squared_error": 0.4842936396598816,
        "val_loss": 0.07207203656435013,
        "val_mae": 0.2184378057718277,
        "val_r2_score": 0.9682241678237915,
        "val_root_mean_squared_error": 0.2684623599052429,
        "train_time": 90.98390865325928
    }
}