{
    "parameters": {
        "num_layers": 1,
        "num_neurons": 64,
        "num_epochs": 250,
        "learning_rate": 0.0005,
        "use_batch_norm": true,
        "use_dropout": true,
        "batch_size": 32
    },
    "results": {
        "loss": 0.15691982209682465,
        "mae": 0.31260040402412415,
        "r2_score": 0.9288490414619446,
        "root_mean_squared_error": 0.39613106846809387,
        "val_loss": 0.039561692625284195,
        "val_mae": 0.1577780395746231,
        "val_r2_score": 0.9825576543807983,
        "val_root_mean_squared_error": 0.1989012062549591,
        "train_time": 46.40182828903198
    }
}