{
    "parameters": {
        "num_layers": 1,
        "num_neurons": 64,
        "num_epochs": 250,
        "learning_rate": 0.0005,
        "use_batch_norm": true,
        "use_dropout": true,
        "batch_size": 32
    },
    "results": {
        "loss": 0.16612708568572998,
        "mae": 0.321923166513443,
        "r2_score": 0.9242513179779053,
        "root_mean_squared_error": 0.4075869023799896,
        "val_loss": 0.05324948951601982,
        "val_mae": 0.17981131374835968,
        "val_r2_score": 0.9758545160293579,
        "val_root_mean_squared_error": 0.23075850307941437,
        "train_time": 51.1676881313324
    }
}