{
    "parameters": {
        "num_layers": 1,
        "num_neurons": 64,
        "num_epochs": 250,
        "learning_rate": 0.0005,
        "use_batch_norm": true,
        "use_dropout": true,
        "batch_size": 32
    },
    "results": {
        "loss": 0.20006653666496277,
        "mae": 0.35359224677085876,
        "r2_score": 0.9181397557258606,
        "root_mean_squared_error": 0.44728797674179077,
        "val_loss": 0.06499558687210083,
        "val_mae": 0.20536738634109497,
        "val_r2_score": 0.9741743803024292,
        "val_root_mean_squared_error": 0.2549423277378082,
        "train_time": 33.033758878707886
    }
}