{
    "parameters": {
        "mf_type": "Generalized Bell",
        "num_mfs": 4,
        "learning_rate": 0.0001,
        "batch_size": 128,
        "num_epochs": 250
    },
    "results": {
        "loss": 8.353174209594727,
        "mae": 2.8703205585479736,
        "root_mean_squared_error": 2.890185832977295,
        "val_loss": 8.255486488342285,
        "val_mae": 2.8537356853485107,
        "val_root_mean_squared_error": 2.8732361793518066,
        "train_time": 76.44369196891785
    }
}