{
    "parameters": {
        "num_layers": 1,
        "num_neurons": 32,
        "num_epochs": 100,
        "learning_rate": 0.001,
        "use_batch_norm": true,
        "use_dropout": true,
        "batch_size": 32
    },
    "results": {
        "loss": 0.20280031859874725,
        "mae": 0.3530667722225189,
        "r2_score": 0.9075294733047485,
        "root_mean_squared_error": 0.4503335654735565,
        "val_loss": 0.07158268988132477,
        "val_mae": 0.20874997973442078,
        "val_r2_score": 0.967541515827179,
        "val_root_mean_squared_error": 0.26754942536354065,
        "train_time": 21.177046060562134
    }
}