{
    "parameters": {
        "num_layers": 1,
        "num_neurons": 32,
        "num_epochs": 100,
        "learning_rate": 0.001,
        "use_batch_norm": true,
        "use_dropout": true,
        "batch_size": 32
    },
    "results": {
        "loss": 0.2355789989233017,
        "mae": 0.3825627267360687,
        "r2_score": 0.9036096930503845,
        "root_mean_squared_error": 0.4853648245334625,
        "val_loss": 0.08343752473592758,
        "val_mae": 0.2345815896987915,
        "val_r2_score": 0.9668465256690979,
        "val_root_mean_squared_error": 0.28885555267333984,
        "train_time": 13.814725875854492
    }
}