{
    "parameters": {
        "num_layers": 1,
        "num_neurons": 32,
        "num_epochs": 100,
        "learning_rate": 0.001,
        "use_batch_norm": true,
        "use_dropout": true,
        "batch_size": 32
    },
    "results": {
        "loss": 0.18137259781360626,
        "mae": 0.3325980305671692,
        "r2_score": 0.9177616834640503,
        "root_mean_squared_error": 0.4258786141872406,
        "val_loss": 0.05373132973909378,
        "val_mae": 0.18765224516391754,
        "val_r2_score": 0.9763103723526001,
        "val_root_mean_squared_error": 0.23180019855499268,
        "train_time": 18.066648244857788
    }
}