{
    "parameters": {
        "num_layers": 1,
        "num_neurons": 64,
        "num_epochs": 250,
        "learning_rate": 0.0005,
        "use_batch_norm": true,
        "use_dropout": true,
        "batch_size": 64
    },
    "results": {
        "loss": 0.14627346396446228,
        "mae": 0.3011344075202942,
        "r2_score": 0.9333035945892334,
        "root_mean_squared_error": 0.3824571371078491,
        "val_loss": 0.05906745791435242,
        "val_mae": 0.1966184675693512,
        "val_r2_score": 0.9732164144515991,
        "val_root_mean_squared_error": 0.24303796887397766,
        "train_time": 32.072550535202026
    }
}