{
    "parameters": {
        "num_layers": 1,
        "num_neurons": 64,
        "num_epochs": 250,
        "learning_rate": 0.0005,
        "use_batch_norm": true,
        "use_dropout": true,
        "batch_size": 64
    },
    "results": {
        "loss": 0.12605707347393036,
        "mae": 0.2788211405277252,
        "r2_score": 0.9428431987762451,
        "root_mean_squared_error": 0.3550451695919037,
        "val_loss": 0.03958743065595627,
        "val_mae": 0.15672245621681213,
        "val_r2_score": 0.982546329498291,
        "val_root_mean_squared_error": 0.1989659070968628,
        "train_time": 29.510993242263794
    }
}