{
    "parameters": {
        "num_layers": 1,
        "num_neurons": 64,
        "num_epochs": 250,
        "learning_rate": 0.0005,
        "use_batch_norm": true,
        "use_dropout": true,
        "batch_size": 64
    },
    "results": {
        "loss": 0.17656227946281433,
        "mae": 0.3322601616382599,
        "r2_score": 0.9277573823928833,
        "root_mean_squared_error": 0.4201931357383728,
        "val_loss": 0.06923704594373703,
        "val_mae": 0.2108793705701828,
        "val_r2_score": 0.972489058971405,
        "val_root_mean_squared_error": 0.263129323720932,
        "train_time": 21.51390528678894
    }
}