{
    "parameters": {
        "mf_type": "Smoothed Triangular",
        "num_mfs": 3,
        "learning_rate": 0.001,
        "batch_size": 32,
        "num_epochs": 500
    },
    "results": {
        "loss": 0.10411497950553894,
        "mae": 0.2610940635204315,
        "r2_score": 0.957504391670227,
        "root_mean_squared_error": 0.32266852259635925,
        "val_loss": 0.10131899267435074,
        "val_mae": 0.2545793652534485,
        "val_r2_score": 0.958960235118866,
        "val_root_mean_squared_error": 0.31830644607543945,
        "train_time": 133.70078659057617
    }
}