{
    "parameters": {
        "num_layers": 2,
        "num_neurons": 16,
        "num_epochs": 500,
        "learning_rate": 0.001,
        "use_batch_norm": true,
        "use_dropout": true,
        "batch_size": 64
    },
    "results": {
        "loss": 0.17841708660125732,
        "mae": 0.32578539848327637,
        "root_mean_squared_error": 0.42239445447921753,
        "val_loss": 0.0733613446354866,
        "val_mae": 0.20334084331989288,
        "val_root_mean_squared_error": 0.2708529829978943,
        "train_time": 65.65793967247009
    }
}