{
    "parameters": {
        "num_layers": 3,
        "num_neurons": 96,
        "num_epochs": 500,
        "learning_rate": 0.001,
        "use_batch_norm": true,
        "use_dropout": true,
        "batch_size": 192
    },
    "results": {
        "loss": 0.07445608079433441,
        "mae": 0.21235017478466034,
        "r2_score": 0.9695673584938049,
        "root_mean_squared_error": 0.272866427898407,
        "val_loss": 0.012591718696057796,
        "val_mae": 0.07783240079879761,
        "val_r2_score": 0.9948258399963379,
        "val_root_mean_squared_error": 0.11221282929182053,
        "train_time": 39.67014527320862
    }
}