{
    "parameters": {
        "num_layers": 3,
        "num_neurons": 96,
        "num_epochs": 500,
        "learning_rate": 0.001,
        "use_batch_norm": true,
        "use_dropout": true,
        "batch_size": 192
    },
    "results": {
        "loss": 0.05151922255754471,
        "mae": 0.1734071671962738,
        "r2_score": 0.9762780666351318,
        "root_mean_squared_error": 0.22697846591472626,
        "val_loss": 0.005729092750698328,
        "val_mae": 0.05473685637116432,
        "val_r2_score": 0.9974435567855835,
        "val_root_mean_squared_error": 0.07569076865911484,
        "train_time": 50.90655827522278
    }
}