{
    "parameters": {
        "num_layers": 3,
        "num_neurons": 96,
        "num_epochs": 500,
        "learning_rate": 0.001,
        "use_batch_norm": true,
        "use_dropout": true,
        "batch_size": 192
    },
    "results": {
        "loss": 0.06629633158445358,
        "mae": 0.19503538310527802,
        "r2_score": 0.969796895980835,
        "root_mean_squared_error": 0.2574807405471802,
        "val_loss": 0.009877035394310951,
        "val_mae": 0.07515323162078857,
        "val_r2_score": 0.9953932166099548,
        "val_root_mean_squared_error": 0.09938327223062515,
        "train_time": 52.030909299850464
    }
}