{
    "parameters": {
        "mf_type": "Smoothed Triangular",
        "num_mfs": 2,
        "learning_rate": 0.001,
        "batch_size": 32,
        "num_epochs": 500
    },
    "results": {
        "loss": 0.10591672360897064,
        "mae": 0.26331281661987305,
        "root_mean_squared_error": 0.32544848322868347,
        "val_loss": 0.10187066346406937,
        "val_mae": 0.25480127334594727,
        "val_root_mean_squared_error": 0.31917184591293335,
        "train_time": 89.70531964302063
    }
}