{
    "parameters": {
        "num_layers": 2,
        "num_neurons": 32,
        "num_epochs": 250,
        "learning_rate": 0.0005,
        "use_batch_norm": true,
        "use_dropout": true,
        "batch_size": 64
    },
    "results": {
        "loss": 0.19429443776607513,
        "mae": 0.34367749094963074,
        "r2_score": 0.920501708984375,
        "root_mean_squared_error": 0.4407884180545807,
        "val_loss": 0.049837999045848846,
        "val_mae": 0.17546720802783966,
        "val_r2_score": 0.9801971316337585,
        "val_root_mean_squared_error": 0.22324426472187042,
        "train_time": 24.414644956588745
    }
}