{
    "parameters": {
        "num_layers": 2,
        "num_neurons": 32,
        "num_epochs": 250,
        "learning_rate": 0.0005,
        "use_batch_norm": true,
        "use_dropout": true,
        "batch_size": 64
    },
    "results": {
        "loss": 0.14795222878456116,
        "mae": 0.295192688703537,
        "r2_score": 0.9329149127006531,
        "root_mean_squared_error": 0.38464558124542236,
        "val_loss": 0.04062512889504433,
        "val_mae": 0.15521618723869324,
        "val_r2_score": 0.9820888042449951,
        "val_root_mean_squared_error": 0.2015567570924759,
        "train_time": 36.11262798309326
    }
}