{
    "parameters": {
        "mf_type": "Gaussian",
        "num_mfs": 3,
        "learning_rate": 0.0001,
        "batch_size": 64,
        "num_epochs": 250
    },
    "results": {
        "loss": 0.40813231468200684,
        "mae": 0.5439125299453735,
        "r2_score": 0.8334176540374756,
        "root_mean_squared_error": 0.6388523578643799,
        "val_loss": 0.39412978291511536,
        "val_mae": 0.5317038297653198,
        "val_r2_score": 0.8403555154800415,
        "val_root_mean_squared_error": 0.627797544002533,
        "train_time": 37.53830933570862
    }
}