{
    "parameters": {
        "mf_type": "Gaussian",
        "num_mfs": 4,
        "learning_rate": 0.0005,
        "batch_size": 32,
        "num_epochs": 500
    },
    "results": {
        "loss": 0.09520232677459717,
        "mae": 0.24938863515853882,
        "root_mean_squared_error": 0.3085487484931946,
        "val_loss": 0.09285198152065277,
        "val_mae": 0.24388530850410461,
        "val_root_mean_squared_error": 0.30471622943878174,
        "train_time": 201.5275535583496
    }
}