{
    "parameters": {
        "mf_type": "Gaussian",
        "num_mfs": 3,
        "learning_rate": 0.0001,
        "batch_size": 64,
        "num_epochs": 100
    },
    "results": {
        "loss": 6.9329705238342285,
        "mae": 2.606410264968872,
        "root_mean_squared_error": 2.6330535411834717,
        "val_loss": 6.812634468078613,
        "val_mae": 2.584688663482666,
        "val_root_mean_squared_error": 2.610102415084839,
        "train_time": 16.38655710220337
    }
}