{
    "parameters": {
        "num_layers": 2,
        "num_neurons": 80,
        "num_epochs": 500,
        "learning_rate": 0.001,
        "use_batch_norm": true,
        "use_dropout": true,
        "batch_size": 160
    },
    "results": {
        "loss": 0.08292069286108017,
        "mae": 0.22445611655712128,
        "r2_score": 0.9661074280738831,
        "root_mean_squared_error": 0.2879595458507538,
        "val_loss": 0.020307859405875206,
        "val_mae": 0.10157658159732819,
        "val_r2_score": 0.991655170917511,
        "val_root_mean_squared_error": 0.14250564575195312,
        "train_time": 31.966103315353394
    }
}