{
    "parameters": {
        "num_layers": 2,
        "num_neurons": 80,
        "num_epochs": 500,
        "learning_rate": 0.001,
        "use_batch_norm": true,
        "use_dropout": true,
        "batch_size": 160
    },
    "results": {
        "loss": 0.05406918376684189,
        "mae": 0.17938943207263947,
        "r2_score": 0.9751038551330566,
        "root_mean_squared_error": 0.23252780735492706,
        "val_loss": 0.011380703188478947,
        "val_mae": 0.07804840803146362,
        "val_r2_score": 0.9949216842651367,
        "val_root_mean_squared_error": 0.10668037831783295,
        "train_time": 40.702826499938965
    }
}