{
    "parameters": {
        "num_layers": 2,
        "num_neurons": 80,
        "num_epochs": 500,
        "learning_rate": 0.001,
        "use_batch_norm": true,
        "use_dropout": true,
        "batch_size": 160
    },
    "results": {
        "loss": 0.06822245568037033,
        "mae": 0.2015582025051117,
        "r2_score": 0.9689193367958069,
        "root_mean_squared_error": 0.26119428873062134,
        "val_loss": 0.02128670923411846,
        "val_mae": 0.10935483872890472,
        "val_r2_score": 0.9900715351104736,
        "val_root_mean_squared_error": 0.14589965343475342,
        "train_time": 46.68979096412659
    }
}