{
    "parameters": {
        "num_layers": 2,
        "num_neurons": 32,
        "num_epochs": 100,
        "learning_rate": 0.001,
        "use_batch_norm": true,
        "use_dropout": true,
        "batch_size": 32
    },
    "results": {
        "loss": 0.20041894912719727,
        "mae": 0.3484225571155548,
        "r2_score": 0.9086148142814636,
        "root_mean_squared_error": 0.4476817548274994,
        "val_loss": 0.04597822576761246,
        "val_mae": 0.16219963133335114,
        "val_r2_score": 0.9791516065597534,
        "val_root_mean_squared_error": 0.21442534029483795,
        "train_time": 24.534068822860718
    }
}