{
    "parameters": {
        "num_layers": 2,
        "num_neurons": 64,
        "num_epochs": 500,
        "learning_rate": 0.0001,
        "use_batch_norm": true,
        "use_dropout": true,
        "batch_size": 128
    },
    "results": {
        "loss": 0.1373460739850998,
        "mae": 0.2865182161331177,
        "r2_score": 0.9373741149902344,
        "root_mean_squared_error": 0.3706023097038269,
        "val_loss": 0.02824912779033184,
        "val_mae": 0.1261899620294571,
        "val_r2_score": 0.9871907234191895,
        "val_root_mean_squared_error": 0.16807477176189423,
        "train_time": 52.34575939178467
    }
}