{
    "parameters": {
        "mf_type": "Generalized Bell",
        "num_mfs": 5,
        "learning_rate": 0.0001,
        "batch_size": 128,
        "num_epochs": 250
    },
    "results": {
        "loss": 6.411688327789307,
        "mae": 2.5044567584991455,
        "root_mean_squared_error": 2.5321311950683594,
        "val_loss": 6.331633567810059,
        "val_mae": 2.488677501678467,
        "val_root_mean_squared_error": 2.5162737369537354,
        "train_time": 182.93482041358948
    }
}