{
    "parameters": {
        "mf_type": "Gaussian",
        "num_mfs": 4,
        "learning_rate": 0.0001,
        "batch_size": 32,
        "num_epochs": 250
    },
    "results": {
        "loss": 0.10354874283075333,
        "mae": 0.2602488696575165,
        "r2_score": 0.9577357769012451,
        "root_mean_squared_error": 0.3217898905277252,
        "val_loss": 0.10038815438747406,
        "val_mae": 0.2533724904060364,
        "val_r2_score": 0.9593372941017151,
        "val_root_mean_squared_error": 0.31684088706970215,
        "train_time": 101.67378878593445
    }
}