{
    "parameters": {
        "num_layers": 1,
        "num_neurons": 64,
        "num_epochs": 500,
        "learning_rate": 0.0001,
        "use_batch_norm": true,
        "use_dropout": true,
        "batch_size": 128
    },
    "results": {
        "loss": 0.15843068063259125,
        "mae": 0.3115542531013489,
        "r2_score": 0.9277600646018982,
        "root_mean_squared_error": 0.3980335295200348,
        "val_loss": 0.05812114477157593,
        "val_mae": 0.18870171904563904,
        "val_r2_score": 0.9736455082893372,
        "val_root_mean_squared_error": 0.2410832792520523,
        "train_time": 43.98469257354736
    }
}