{
    "parameters": {
        "num_layers": 1,
        "num_neurons": 32,
        "num_epochs": 100,
        "learning_rate": 0.001,
        "use_batch_norm": true,
        "use_dropout": true,
        "batch_size": 64
    },
    "results": {
        "loss": 0.1871183067560196,
        "mae": 0.3366599678993225,
        "root_mean_squared_error": 0.43257173895835876,
        "val_loss": 0.062204498797655106,
        "val_mae": 0.1941193789243698,
        "val_root_mean_squared_error": 0.2494083046913147,
        "train_time": 11.347709894180298
    }
}