{
    "parameters": {
        "num_layers": 1,
        "num_neurons": 32,
        "num_epochs": 100,
        "learning_rate": 0.001,
        "use_batch_norm": true,
        "use_dropout": true,
        "batch_size": 64
    },
    "results": {
        "loss": 0.19944284856319427,
        "mae": 0.34698206186294556,
        "r2_score": 0.9090604782104492,
        "root_mean_squared_error": 0.44659024477005005,
        "val_loss": 0.06673641502857208,
        "val_mae": 0.20736141502857208,
        "val_r2_score": 0.9697389602661133,
        "val_root_mean_squared_error": 0.2583339214324951,
        "train_time": 12.854574203491211
    }
}