{
    "parameters": {
        "mf_type": "Gaussian",
        "num_mfs": 5,
        "learning_rate": 0.0005,
        "batch_size": 64,
        "num_epochs": 250
    },
    "results": {
        "loss": 0.09942881762981415,
        "mae": 0.25504255294799805,
        "root_mean_squared_error": 0.3153233528137207,
        "val_loss": 0.09586267173290253,
        "val_mae": 0.24611961841583252,
        "val_root_mean_squared_error": 0.30961698293685913,
        "train_time": 208.2447874546051
    }
}