{
    "parameters": {
        "num_layers": 1,
        "num_neurons": 16,
        "num_epochs": 250,
        "learning_rate": 0.0001,
        "use_batch_norm": true,
        "use_dropout": true,
        "batch_size": 32
    },
    "results": {
        "loss": 0.31045061349868774,
        "mae": 0.42870861291885376,
        "r2_score": 0.8584442138671875,
        "root_mean_squared_error": 0.5571809411048889,
        "val_loss": 0.08181444555521011,
        "val_mae": 0.23287087678909302,
        "val_r2_score": 0.9629020094871521,
        "val_root_mean_squared_error": 0.2860322594642639,
        "train_time": 52.60283303260803
    }
}