{
    "parameters": {
        "num_layers": 1,
        "num_neurons": 32,
        "num_epochs": 250,
        "learning_rate": 0.0001,
        "use_batch_norm": true,
        "use_dropout": true,
        "batch_size": 128
    },
    "results": {
        "loss": 0.2521118223667145,
        "mae": 0.3878483474254608,
        "root_mean_squared_error": 0.5021073818206787,
        "val_loss": 0.07218951731920242,
        "val_mae": 0.20956125855445862,
        "val_root_mean_squared_error": 0.2686810791492462,
        "train_time": 17.41465973854065
    }
}