{
    "parameters": {
        "num_layers": 1,
        "num_neurons": 32,
        "num_epochs": 100,
        "learning_rate": 0.0001,
        "use_batch_norm": true,
        "use_dropout": true,
        "batch_size": 64
    },
    "results": {
        "loss": 0.4287378787994385,
        "mae": 0.5129030346870422,
        "r2_score": 0.8245754837989807,
        "root_mean_squared_error": 0.6547808051109314,
        "val_loss": 0.07884491980075836,
        "val_mae": 0.22828581929206848,
        "val_r2_score": 0.968671441078186,
        "val_root_mean_squared_error": 0.28079336881637573,
        "train_time": 8.76456069946289
    }
}