{
    "parameters": {
        "num_layers": 1,
        "num_neurons": 32,
        "num_epochs": 100,
        "learning_rate": 0.0001,
        "use_batch_norm": true,
        "use_dropout": true,
        "batch_size": 64
    },
    "results": {
        "loss": 0.2863118350505829,
        "mae": 0.4177852272987366,
        "r2_score": 0.8701794147491455,
        "root_mean_squared_error": 0.535081148147583,
        "val_loss": 0.06102091073989868,
        "val_mae": 0.1994226723909378,
        "val_r2_score": 0.973096489906311,
        "val_root_mean_squared_error": 0.24702410399913788,
        "train_time": 12.14698839187622
    }
}