{
    "parameters": {
        "num_layers": 2,
        "num_neurons": 64,
        "num_epochs": 500,
        "learning_rate": 0.0001,
        "use_batch_norm": true,
        "use_dropout": true,
        "batch_size": 64
    },
    "results": {
        "loss": 0.1424688845872879,
        "mae": 0.29316261410713196,
        "root_mean_squared_error": 0.37745049595832825,
        "val_loss": 0.02167849987745285,
        "val_mae": 0.11163786798715591,
        "val_root_mean_squared_error": 0.1472361981868744,
        "train_time": 68.87114715576172
    }
}