{
    "parameters": {
        "mf_type": "Generalized Bell",
        "num_mfs": 2,
        "learning_rate": 0.0005,
        "batch_size": 32,
        "num_epochs": 500
    },
    "results": {
        "loss": 0.09775616973638535,
        "mae": 0.25342920422554016,
        "root_mean_squared_error": 0.3126598298549652,
        "val_loss": 0.09532073885202408,
        "val_mae": 0.24890746176242828,
        "val_root_mean_squared_error": 0.3087405562400818,
        "train_time": 80.00041270256042
    }
}