{
    "parameters": {
        "mf_type": "Smoothed Triangular",
        "num_mfs": 3,
        "learning_rate": 0.001,
        "batch_size": 64,
        "num_epochs": 500
    },
    "results": {
        "loss": 0.10371889173984528,
        "mae": 0.26070070266723633,
        "root_mean_squared_error": 0.3220541775226593,
        "val_loss": 0.09998470544815063,
        "val_mae": 0.2527121901512146,
        "val_root_mean_squared_error": 0.31620359420776367,
        "train_time": 82.86691451072693
    }
}