{
    "parameters": {
        "num_layers": 1,
        "num_neurons": 32,
        "num_epochs": 100,
        "learning_rate": 0.001,
        "use_batch_norm": true,
        "use_dropout": true,
        "batch_size": 128
    },
    "results": {
        "loss": 0.18913041055202484,
        "mae": 0.33852648735046387,
        "root_mean_squared_error": 0.4348912537097931,
        "val_loss": 0.06956274062395096,
        "val_mae": 0.21026216447353363,
        "val_root_mean_squared_error": 0.2637474834918976,
        "train_time": 7.5003981590271
    }
}