{
    "parameters": {
        "mf_type": "Generalized Bell",
        "num_mfs": 3,
        "learning_rate": 0.0005,
        "batch_size": 128,
        "num_epochs": 250
    },
    "results": {
        "loss": 0.09679870307445526,
        "mae": 0.25140580534935,
        "root_mean_squared_error": 0.31112489104270935,
        "val_loss": 0.09375970810651779,
        "val_mae": 0.24419540166854858,
        "val_root_mean_squared_error": 0.30620208382606506,
        "train_time": 29.880687475204468
    }
}