{
    "parameters": {
        "mf_type": "Generalized Bell",
        "num_mfs": 4,
        "learning_rate": 0.001,
        "batch_size": 128,
        "num_epochs": 500
    },
    "results": {
        "loss": 0.09628951549530029,
        "mae": 0.25028476119041443,
        "r2_score": 0.9606984853744507,
        "root_mean_squared_error": 0.31030550599098206,
        "val_loss": 0.09224450588226318,
        "val_mae": 0.24318146705627441,
        "val_r2_score": 0.96263587474823,
        "val_root_mean_squared_error": 0.30371779203414917,
        "train_time": 343.33748412132263
    }
}