{
    "parameters": {
        "num_layers": 1,
        "num_neurons": 64,
        "num_epochs": 250,
        "learning_rate": 0.001,
        "use_batch_norm": true,
        "use_dropout": true,
        "batch_size": 128
    },
    "results": {
        "loss": 0.114449642598629,
        "mae": 0.2651638388633728,
        "root_mean_squared_error": 0.3383040726184845,
        "val_loss": 0.05195670947432518,
        "val_mae": 0.17916575074195862,
        "val_root_mean_squared_error": 0.2279401421546936,
        "train_time": 19.06514859199524
    }
}