{
    "parameters": {
        "num_layers": 1,
        "num_neurons": 32,
        "num_epochs": 500,
        "learning_rate": 0.0001,
        "use_batch_norm": true,
        "use_dropout": true,
        "batch_size": 32
    },
    "results": {
        "loss": 0.26048293709754944,
        "mae": 0.3985733687877655,
        "r2_score": 0.8934200406074524,
        "root_mean_squared_error": 0.5103752613067627,
        "val_loss": 0.08902698755264282,
        "val_mae": 0.24376779794692993,
        "val_r2_score": 0.9646255970001221,
        "val_root_mean_squared_error": 0.29837390780448914,
        "train_time": 67.40133619308472
    }
}