{
    "parameters": {
        "num_layers": 1,
        "num_neurons": 32,
        "num_epochs": 500,
        "learning_rate": 0.0001,
        "use_batch_norm": true,
        "use_dropout": true,
        "batch_size": 32
    },
    "results": {
        "loss": 0.19993723928928375,
        "mae": 0.35148611664772034,
        "r2_score": 0.9093445539474487,
        "root_mean_squared_error": 0.44714343547821045,
        "val_loss": 0.0491030216217041,
        "val_mae": 0.17784881591796875,
        "val_r2_score": 0.9783509373664856,
        "val_root_mean_squared_error": 0.2215920090675354,
        "train_time": 89.41113233566284
    }
}