{
    "parameters": {
        "mf_type": "Gaussian",
        "num_mfs": 2,
        "learning_rate": 0.0001,
        "batch_size": 128,
        "num_epochs": 500
    },
    "results": {
        "loss": 0.5686062574386597,
        "mae": 0.6615008115768433,
        "root_mean_squared_error": 0.7540598511695862,
        "val_loss": 0.5403251051902771,
        "val_mae": 0.6443008780479431,
        "val_root_mean_squared_error": 0.7350680828094482,
        "train_time": 34.60000681877136
    }
}