{
    "parameters": {
        "mf_type": "Smoothed Triangular",
        "num_mfs": 2,
        "learning_rate": 0.001,
        "batch_size": 64,
        "num_epochs": 100
    },
    "results": {
        "loss": 11.539741516113281,
        "mae": 2.5665547847747803,
        "root_mean_squared_error": 3.397019386291504,
        "val_loss": 11.588790893554688,
        "val_mae": 2.5857911109924316,
        "val_root_mean_squared_error": 3.404231309890747,
        "train_time": 11.749878406524658
    }
}