{
    "parameters": {
        "num_layers": 2,
        "num_neurons": 32,
        "num_epochs": 500,
        "learning_rate": 0.001,
        "use_batch_norm": true,
        "use_dropout": true,
        "batch_size": 64
    },
    "results": {
        "loss": 0.16648121178150177,
        "mae": 0.3187774419784546,
        "r2_score": 0.9318820238113403,
        "root_mean_squared_error": 0.40802109241485596,
        "val_loss": 0.05060364678502083,
        "val_mae": 0.1749749630689621,
        "val_r2_score": 0.979892909526825,
        "val_root_mean_squared_error": 0.2249525487422943,
        "train_time": 48.273908376693726
    }
}