{
    "parameters": {
        "num_layers": 2,
        "num_neurons": 32,
        "num_epochs": 500,
        "learning_rate": 0.001,
        "use_batch_norm": true,
        "use_dropout": true,
        "batch_size": 64
    },
    "results": {
        "loss": 0.11364233493804932,
        "mae": 0.2606445848941803,
        "r2_score": 0.9484723806381226,
        "root_mean_squared_error": 0.3371087908744812,
        "val_loss": 0.026884937658905983,
        "val_mae": 0.12857240438461304,
        "val_r2_score": 0.9881467223167419,
        "val_root_mean_squared_error": 0.16396626830101013,
        "train_time": 69.26491332054138
    }
}