{
    "parameters": {
        "num_layers": 2,
        "num_neurons": 32,
        "num_epochs": 500,
        "learning_rate": 0.0005,
        "use_batch_norm": true,
        "use_dropout": true,
        "batch_size": 64
    },
    "results": {
        "loss": 0.13787764310836792,
        "mae": 0.28563016653060913,
        "r2_score": 0.9371320009231567,
        "root_mean_squared_error": 0.3713187873363495,
        "val_loss": 0.041687849909067154,
        "val_mae": 0.15257123112678528,
        "val_r2_score": 0.9810970425605774,
        "val_root_mean_squared_error": 0.20417602360248566,
        "train_time": 72.45900368690491
    }
}