{
    "parameters": {
        "num_layers": 3,
        "num_neurons": 96,
        "num_epochs": 500,
        "learning_rate": 0.001,
        "use_batch_norm": true,
        "use_dropout": true,
        "batch_size": 160
    },
    "results": {
        "loss": 0.07925578206777573,
        "mae": 0.21986863017082214,
        "r2_score": 0.9676054120063782,
        "root_mean_squared_error": 0.28152403235435486,
        "val_loss": 0.010000436566770077,
        "val_mae": 0.07428257167339325,
        "val_r2_score": 0.9958906769752502,
        "val_root_mean_squared_error": 0.10000218451023102,
        "train_time": 40.24324655532837
    }
}