{
    "parameters": {
        "num_layers": 3,
        "num_neurons": 96,
        "num_epochs": 500,
        "learning_rate": 0.001,
        "use_batch_norm": true,
        "use_dropout": true,
        "batch_size": 160
    },
    "results": {
        "loss": 0.051362212747335434,
        "mae": 0.17224593460559845,
        "r2_score": 0.9763504862785339,
        "root_mean_squared_error": 0.22663232684135437,
        "val_loss": 0.0068359351716935635,
        "val_mae": 0.06308504194021225,
        "val_r2_score": 0.9969496130943298,
        "val_root_mean_squared_error": 0.08267971128225327,
        "train_time": 50.60598278045654
    }
}