{
    "parameters": {
        "num_layers": 3,
        "num_neurons": 96,
        "num_epochs": 500,
        "learning_rate": 0.001,
        "use_batch_norm": true,
        "use_dropout": true,
        "batch_size": 160
    },
    "results": {
        "loss": 0.06116996705532074,
        "mae": 0.18965980410575867,
        "r2_score": 0.9721323847770691,
        "root_mean_squared_error": 0.24732562899589539,
        "val_loss": 0.01977384090423584,
        "val_mae": 0.10851084440946579,
        "val_r2_score": 0.9907771348953247,
        "val_root_mean_squared_error": 0.14061948657035828,
        "train_time": 51.14878463745117
    }
}