{
    "parameters": {
        "num_layers": 1,
        "num_neurons": 32,
        "num_epochs": 250,
        "learning_rate": 0.001,
        "use_batch_norm": true,
        "use_dropout": true,
        "batch_size": 32
    },
    "results": {
        "loss": 0.20445577800273895,
        "mae": 0.3572784662246704,
        "r2_score": 0.9163438677787781,
        "root_mean_squared_error": 0.4521678686141968,
        "val_loss": 0.08740165084600449,
        "val_mae": 0.24031023681163788,
        "val_r2_score": 0.9652714133262634,
        "val_root_mean_squared_error": 0.29563769698143005,
        "train_time": 32.41439914703369
    }
}