{
    "parameters": {
        "num_layers": 1,
        "num_neurons": 32,
        "num_epochs": 250,
        "learning_rate": 0.001,
        "use_batch_norm": true,
        "use_dropout": true,
        "batch_size": 32
    },
    "results": {
        "loss": 0.17144089937210083,
        "mae": 0.3262544870376587,
        "r2_score": 0.9218279123306274,
        "root_mean_squared_error": 0.4140542149543762,
        "val_loss": 0.06001153215765953,
        "val_mae": 0.19112400710582733,
        "val_r2_score": 0.9727883338928223,
        "val_root_mean_squared_error": 0.24497251212596893,
        "train_time": 51.78593397140503
    }
}