{
    "parameters": {
        "mf_type": "Gaussian",
        "num_mfs": 2,
        "learning_rate": 0.0005,
        "batch_size": 128,
        "num_epochs": 250
    },
    "results": {
        "loss": 0.10439065843820572,
        "mae": 0.26135024428367615,
        "root_mean_squared_error": 0.323095440864563,
        "val_loss": 0.10070481151342392,
        "val_mae": 0.25344792008399963,
        "val_root_mean_squared_error": 0.317340224981308,
        "train_time": 18.20083236694336
    }
}