{
    "parameters": {
        "num_layers": 1,
        "num_neurons": 16,
        "num_epochs": 100,
        "learning_rate": 0.0005,
        "use_batch_norm": true,
        "use_dropout": true,
        "batch_size": 64
    },
    "results": {
        "loss": 0.27254393696784973,
        "mae": 0.4020330309867859,
        "r2_score": 0.8757280111312866,
        "root_mean_squared_error": 0.5220574140548706,
        "val_loss": 0.08102169632911682,
        "val_mae": 0.2260850965976715,
        "val_r2_score": 0.9632614850997925,
        "val_root_mean_squared_error": 0.28464311361312866,
        "train_time": 12.645659446716309
    }
}