{
    "parameters": {
        "num_layers": 1,
        "num_neurons": 16,
        "num_epochs": 100,
        "learning_rate": 0.0005,
        "use_batch_norm": true,
        "use_dropout": true,
        "batch_size": 64
    },
    "results": {
        "loss": 0.27406948804855347,
        "mae": 0.4048754572868347,
        "root_mean_squared_error": 0.5235164761543274,
        "val_loss": 0.08191889524459839,
        "val_mae": 0.22905302047729492,
        "val_root_mean_squared_error": 0.28621476888656616,
        "train_time": 11.24837589263916
    }
}