{
    "parameters": {
        "num_layers": 2,
        "num_neurons": 32,
        "num_epochs": 100,
        "learning_rate": 0.001,
        "use_batch_norm": true,
        "use_dropout": true,
        "batch_size": 32
    },
    "results": {
        "loss": 0.17451517283916473,
        "mae": 0.3277966380119324,
        "r2_score": 0.9208714962005615,
        "root_mean_squared_error": 0.41775012016296387,
        "val_loss": 0.03790224716067314,
        "val_mae": 0.15317581593990326,
        "val_r2_score": 0.9832892417907715,
        "val_root_mean_squared_error": 0.19468499720096588,
        "train_time": 22.90735673904419
    }
}