{
    "parameters": {
        "num_layers": 2,
        "num_neurons": 32,
        "num_epochs": 100,
        "learning_rate": 0.001,
        "use_batch_norm": true,
        "use_dropout": true,
        "batch_size": 32
    },
    "results": {
        "loss": 0.23840221762657166,
        "mae": 0.38377511501312256,
        "r2_score": 0.9024544954299927,
        "root_mean_squared_error": 0.4882645010948181,
        "val_loss": 0.05357491597533226,
        "val_mae": 0.18285630643367767,
        "val_r2_score": 0.9787123203277588,
        "val_root_mean_squared_error": 0.23146255314350128,
        "train_time": 16.175240755081177
    }
}