{
    "parameters": {
        "num_layers": 1,
        "num_neurons": 64,
        "num_epochs": 500,
        "learning_rate": 0.001,
        "use_batch_norm": true,
        "use_dropout": true,
        "batch_size": 32
    },
    "results": {
        "loss": 0.1529659479856491,
        "mae": 0.30930182337760925,
        "r2_score": 0.9306422472000122,
        "root_mean_squared_error": 0.39110860228538513,
        "val_loss": 0.04730178415775299,
        "val_mae": 0.1737564653158188,
        "val_r2_score": 0.9791451096534729,
        "val_root_mean_squared_error": 0.21748973429203033,
        "train_time": 93.9979465007782
    }
}