{
    "parameters": {
        "num_layers": 1,
        "num_neurons": 64,
        "num_epochs": 500,
        "learning_rate": 0.001,
        "use_batch_norm": true,
        "use_dropout": true,
        "batch_size": 32
    },
    "results": {
        "loss": 0.18668483197689056,
        "mae": 0.34114497900009155,
        "r2_score": 0.9236153364181519,
        "root_mean_squared_error": 0.43207040429115295,
        "val_loss": 0.07031344622373581,
        "val_mae": 0.21361254155635834,
        "val_r2_score": 0.9720613360404968,
        "val_root_mean_squared_error": 0.2651668190956116,
        "train_time": 67.25020956993103
    }
}