{
    "parameters": {
        "num_layers": 4,
        "num_neurons": 112,
        "num_epochs": 500,
        "learning_rate": 0.001,
        "use_batch_norm": true,
        "use_dropout": true,
        "batch_size": 192
    },
    "results": {
        "loss": 0.0661153569817543,
        "mae": 0.19426165521144867,
        "r2_score": 0.9698793888092041,
        "root_mean_squared_error": 0.25712907314300537,
        "val_loss": 0.00937227439135313,
        "val_mae": 0.07644261419773102,
        "val_r2_score": 0.9956285953521729,
        "val_root_mean_squared_error": 0.09681050479412079,
        "train_time": 65.18391585350037
    }
}