{
    "parameters": {
        "num_layers": 4,
        "num_neurons": 112,
        "num_epochs": 500,
        "learning_rate": 0.001,
        "use_batch_norm": true,
        "use_dropout": true,
        "batch_size": 192
    },
    "results": {
        "loss": 0.051033783704042435,
        "mae": 0.17287760972976685,
        "r2_score": 0.9765015840530396,
        "root_mean_squared_error": 0.2259065955877304,
        "val_loss": 0.007046875078231096,
        "val_mae": 0.05923321470618248,
        "val_r2_score": 0.9968554973602295,
        "val_root_mean_squared_error": 0.08394566923379898,
        "train_time": 65.96871733665466
    }
}