{
    "parameters": {
        "num_layers": 4,
        "num_neurons": 112,
        "num_epochs": 500,
        "learning_rate": 0.001,
        "use_batch_norm": true,
        "use_dropout": true,
        "batch_size": 192
    },
    "results": {
        "loss": 0.0836450532078743,
        "mae": 0.2240809053182602,
        "r2_score": 0.9658114910125732,
        "root_mean_squared_error": 0.289214551448822,
        "val_loss": 0.015126366168260574,
        "val_mae": 0.09672653675079346,
        "val_r2_score": 0.9937843084335327,
        "val_root_mean_squared_error": 0.12298928946256638,
        "train_time": 47.873719453811646
    }
}