{
    "parameters": {
        "num_layers": 4,
        "num_neurons": 64,
        "num_epochs": 500,
        "learning_rate": 0.001,
        "use_batch_norm": true,
        "use_dropout": true,
        "batch_size": 192
    },
    "results": {
        "loss": 0.09348313510417938,
        "mae": 0.23439882695674896,
        "r2_score": 0.9617902040481567,
        "root_mean_squared_error": 0.30575013160705566,
        "val_loss": 0.013364885002374649,
        "val_mae": 0.08641732484102249,
        "val_r2_score": 0.9945081472396851,
        "val_root_mean_squared_error": 0.11560659855604172,
        "train_time": 40.84789299964905
    }
}