{
    "parameters": {
        "num_layers": 4,
        "num_neurons": 64,
        "num_epochs": 500,
        "learning_rate": 0.001,
        "use_batch_norm": true,
        "use_dropout": true,
        "batch_size": 192
    },
    "results": {
        "loss": 0.07335011661052704,
        "mae": 0.2052929699420929,
        "r2_score": 0.9665834307670593,
        "root_mean_squared_error": 0.27083227038383484,
        "val_loss": 0.01170823909342289,
        "val_mae": 0.08174754679203033,
        "val_r2_score": 0.9945390820503235,
        "val_root_mean_squared_error": 0.10820461809635162,
        "train_time": 54.98049759864807
    }
}