{
    "parameters": {
        "num_layers": 4,
        "num_neurons": 64,
        "num_epochs": 500,
        "learning_rate": 0.001,
        "use_batch_norm": true,
        "use_dropout": true,
        "batch_size": 192
    },
    "results": {
        "loss": 0.06721800565719604,
        "mae": 0.19687817990779877,
        "r2_score": 0.9690495729446411,
        "root_mean_squared_error": 0.25926434993743896,
        "val_loss": 0.018965795636177063,
        "val_mae": 0.10550881922245026,
        "val_r2_score": 0.9915369749069214,
        "val_root_mean_squared_error": 0.1377163529396057,
        "train_time": 52.8489248752594
    }
}