{
    "parameters": {
        "mf_type": "Gaussian",
        "num_mfs": 2,
        "learning_rate": 0.0005,
        "batch_size": 64,
        "num_epochs": 100
    },
    "results": {
        "loss": 0.10519769042730331,
        "mae": 0.2620965242385864,
        "root_mean_squared_error": 0.32434192299842834,
        "val_loss": 0.10150210559368134,
        "val_mae": 0.25534048676490784,
        "val_root_mean_squared_error": 0.31859394907951355,
        "train_time": 10.235095024108887
    }
}