{
    "parameters": {
        "mf_type": "Gaussian",
        "num_mfs": 5,
        "learning_rate": 0.001,
        "batch_size": 128,
        "num_epochs": 500
    },
    "results": {
        "loss": 0.09936139732599258,
        "mae": 0.25522640347480774,
        "root_mean_squared_error": 0.31521642208099365,
        "val_loss": 0.09625732898712158,
        "val_mae": 0.24770955741405487,
        "val_root_mean_squared_error": 0.31025364995002747,
        "train_time": 355.787859916687
    }
}