{
    "parameters": {
        "num_layers": 2,
        "num_neurons": 32,
        "num_epochs": 500,
        "learning_rate": 0.001,
        "use_batch_norm": true,
        "use_dropout": true,
        "batch_size": 64
    },
    "results": {
        "loss": 0.12676195800304413,
        "mae": 0.2747139632701874,
        "root_mean_squared_error": 0.3560364544391632,
        "val_loss": 0.037448059767484665,
        "val_mae": 0.15060000121593475,
        "val_root_mean_squared_error": 0.19351501762866974,
        "train_time": 63.03250861167908
    }
}