{
    "parameters": {
        "num_layers": 2,
        "num_neurons": 32,
        "num_epochs": 500,
        "learning_rate": 0.001,
        "use_batch_norm": true,
        "use_dropout": true,
        "batch_size": 64
    },
    "results": {
        "loss": 0.13348732888698578,
        "mae": 0.2797203063964844,
        "r2_score": 0.9391337037086487,
        "root_mean_squared_error": 0.36535918712615967,
        "val_loss": 0.058632005006074905,
        "val_mae": 0.17415212094783783,
        "val_r2_score": 0.9734138250350952,
        "val_root_mean_squared_error": 0.24214047193527222,
        "train_time": 73.47830128669739
    }
}