{
    "parameters": {
        "mf_type": "Smoothed Triangular",
        "num_mfs": 4,
        "learning_rate": 0.001,
        "batch_size": 32,
        "num_epochs": 250
    },
    "results": {
        "loss": 0.100543312728405,
        "mae": 0.2573917806148529,
        "root_mean_squared_error": 0.3170856535434723,
        "val_loss": 0.09752117842435837,
        "val_mae": 0.252603679895401,
        "val_root_mean_squared_error": 0.31228381395339966,
        "train_time": 116.26496815681458
    }
}