{
    "parameters": {
        "num_layers": 1,
        "num_neurons": 32,
        "num_epochs": 500,
        "learning_rate": 0.0001,
        "use_batch_norm": true,
        "use_dropout": true,
        "batch_size": 32
    },
    "results": {
        "loss": 0.2303106039762497,
        "mae": 0.3759040832519531,
        "r2_score": 0.8949846029281616,
        "root_mean_squared_error": 0.4799068570137024,
        "val_loss": 0.06988874077796936,
        "val_mae": 0.20731382071971893,
        "val_r2_score": 0.9683095812797546,
        "val_root_mean_squared_error": 0.2643647789955139,
        "train_time": 98.95605397224426
    }
}