{
    "parameters": {
        "num_layers": 1,
        "num_neurons": 32,
        "num_epochs": 500,
        "learning_rate": 0.0001,
        "use_batch_norm": true,
        "use_dropout": true,
        "batch_size": 32
    },
    "results": {
        "loss": 0.22900283336639404,
        "mae": 0.37670716643333435,
        "root_mean_squared_error": 0.47854241728782654,
        "val_loss": 0.059024155139923096,
        "val_mae": 0.19342964887619019,
        "val_root_mean_squared_error": 0.24294887483119965,
        "train_time": 82.14428091049194
    }
}