{
    "parameters": {
        "num_layers": 2,
        "num_neurons": 16,
        "num_epochs": 500,
        "learning_rate": 0.0005,
        "use_batch_norm": true,
        "use_dropout": true,
        "batch_size": 64
    },
    "results": {
        "loss": 0.1777803897857666,
        "mae": 0.3229622542858124,
        "root_mean_squared_error": 0.4216401278972626,
        "val_loss": 0.059008341282606125,
        "val_mae": 0.18658535182476044,
        "val_root_mean_squared_error": 0.24291633069515228,
        "train_time": 63.1873836517334
    }
}