{
    "parameters": {
        "mf_type": "Gaussian",
        "num_mfs": 5,
        "learning_rate": 0.001,
        "batch_size": 64,
        "num_epochs": 500
    },
    "results": {
        "loss": 0.09682256728410721,
        "mae": 0.25202837586402893,
        "root_mean_squared_error": 0.3111632466316223,
        "val_loss": 0.0945214107632637,
        "val_mae": 0.24590907990932465,
        "val_root_mean_squared_error": 0.3074433505535126,
        "train_time": 439.51970744132996
    }
}