{
    "parameters": {
        "num_layers": 2,
        "num_neurons": 16,
        "num_epochs": 100,
        "learning_rate": 0.001,
        "use_batch_norm": true,
        "use_dropout": true,
        "batch_size": 128
    },
    "results": {
        "loss": 0.36037737131118774,
        "mae": 0.46111857891082764,
        "r2_score": 0.8525468111038208,
        "root_mean_squared_error": 0.6003143787384033,
        "val_loss": 0.0934026837348938,
        "val_mae": 0.24697616696357727,
        "val_r2_score": 0.9628868699073792,
        "val_root_mean_squared_error": 0.3056185245513916,
        "train_time": 7.347240686416626
    }
}