{
    "parameters": {
        "num_layers": 2,
        "num_neurons": 16,
        "num_epochs": 100,
        "learning_rate": 0.001,
        "use_batch_norm": true,
        "use_dropout": true,
        "batch_size": 128
    },
    "results": {
        "loss": 0.2635972201824188,
        "mae": 0.3867628276348114,
        "r2_score": 0.8798072934150696,
        "root_mean_squared_error": 0.5134171843528748,
        "val_loss": 0.08150357007980347,
        "val_mae": 0.21289654076099396,
        "val_r2_score": 0.9630429744720459,
        "val_root_mean_squared_error": 0.2854883074760437,
        "train_time": 9.849786281585693
    }
}