{
    "parameters": {
        "num_layers": 2,
        "num_neurons": 16,
        "num_epochs": 100,
        "learning_rate": 0.001,
        "use_batch_norm": true,
        "use_dropout": true,
        "batch_size": 128
    },
    "results": {
        "loss": 0.22411082684993744,
        "mae": 0.36556464433670044,
        "r2_score": 0.8983835577964783,
        "root_mean_squared_error": 0.4734034538269043,
        "val_loss": 0.056595657020807266,
        "val_mae": 0.1875198781490326,
        "val_r2_score": 0.9750475883483887,
        "val_root_mean_squared_error": 0.23789842426776886,
        "train_time": 9.446071147918701
    }
}