{
    "parameters": {
        "num_layers": 1,
        "num_neurons": 16,
        "num_epochs": 500,
        "learning_rate": 0.0005,
        "use_batch_norm": true,
        "use_dropout": true,
        "batch_size": 128
    },
    "results": {
        "loss": 0.18757998943328857,
        "mae": 0.3308457136154175,
        "r2_score": 0.9144687652587891,
        "root_mean_squared_error": 0.4331050515174866,
        "val_loss": 0.08607196062803268,
        "val_mae": 0.23069389164447784,
        "val_r2_score": 0.960971474647522,
        "val_root_mean_squared_error": 0.2933802306652069,
        "train_time": 38.71002554893494
    }
}