{
    "parameters": {
        "num_layers": 2,
        "num_neurons": 32,
        "num_epochs": 500,
        "learning_rate": 0.0001,
        "use_batch_norm": true,
        "use_dropout": true,
        "batch_size": 32
    },
    "results": {
        "loss": 0.21972176432609558,
        "mae": 0.3621388375759125,
        "root_mean_squared_error": 0.4687448740005493,
        "val_loss": 0.034824009984731674,
        "val_mae": 0.1415395736694336,
        "val_root_mean_squared_error": 0.18661192059516907,
        "train_time": 103.77702379226685
    }
}