{
    "parameters": {
        "num_layers": 2,
        "num_neurons": 16,
        "num_epochs": 100,
        "learning_rate": 0.0005,
        "use_batch_norm": true,
        "use_dropout": true,
        "batch_size": 32
    },
    "results": {
        "loss": 0.24352143704891205,
        "mae": 0.3786240220069885,
        "r2_score": 0.8895819187164307,
        "root_mean_squared_error": 0.493478924036026,
        "val_loss": 0.05289585888385773,
        "val_mae": 0.18384572863578796,
        "val_r2_score": 0.976678729057312,
        "val_root_mean_squared_error": 0.22999100387096405,
        "train_time": 23.245872974395752
    }
}