{
    "parameters": {
        "num_layers": 2,
        "num_neurons": 16,
        "num_epochs": 100,
        "learning_rate": 0.0005,
        "use_batch_norm": true,
        "use_dropout": true,
        "batch_size": 32
    },
    "results": {
        "loss": 0.34717464447021484,
        "mae": 0.45690372586250305,
        "r2_score": 0.8579487800598145,
        "root_mean_squared_error": 0.5892152786254883,
        "val_loss": 0.10516708344221115,
        "val_mae": 0.26364952325820923,
        "val_r2_score": 0.9582124352455139,
        "val_root_mean_squared_error": 0.3242947459220886,
        "train_time": 15.73181414604187
    }
}