{
    "parameters": {
        "mf_type": "Gaussian",
        "num_mfs": 3,
        "learning_rate": 0.0001,
        "batch_size": 128,
        "num_epochs": 250
    },
    "results": {
        "loss": 6.353947162628174,
        "mae": 2.498908281326294,
        "root_mean_squared_error": 2.5207037925720215,
        "val_loss": 6.2711639404296875,
        "val_mae": 2.483133554458618,
        "val_root_mean_squared_error": 2.5042293071746826,
        "train_time": 28.342154502868652
    }
}