{
    "parameters": {
        "mf_type": "Gaussian",
        "num_mfs": 3,
        "learning_rate": 0.0005,
        "batch_size": 32,
        "num_epochs": 250
    },
    "results": {
        "loss": 0.09845380485057831,
        "mae": 0.2535918354988098,
        "root_mean_squared_error": 0.3137734830379486,
        "val_loss": 0.09511429071426392,
        "val_mae": 0.2460557222366333,
        "val_root_mean_squared_error": 0.3084060549736023,
        "train_time": 55.7356743812561
    }
}