{
    "parameters": {
        "num_layers": 2,
        "num_neurons": 16,
        "num_epochs": 500,
        "learning_rate": 0.0005,
        "use_batch_norm": true,
        "use_dropout": true,
        "batch_size": 32
    },
    "results": {
        "loss": 0.20768527686595917,
        "mae": 0.3575056195259094,
        "r2_score": 0.9058303833007812,
        "root_mean_squared_error": 0.4557250142097473,
        "val_loss": 0.06861107051372528,
        "val_mae": 0.2071353942155838,
        "val_r2_score": 0.9697500467300415,
        "val_root_mean_squared_error": 0.26193714141845703,
        "train_time": 109.13373184204102
    }
}