{
    "parameters": {
        "num_layers": 2,
        "num_neurons": 16,
        "num_epochs": 500,
        "learning_rate": 0.0005,
        "use_batch_norm": true,
        "use_dropout": true,
        "batch_size": 32
    },
    "results": {
        "loss": 0.25545358657836914,
        "mae": 0.39678657054901123,
        "r2_score": 0.8954776525497437,
        "root_mean_squared_error": 0.5054241418838501,
        "val_loss": 0.0766831710934639,
        "val_mae": 0.2241085171699524,
        "val_r2_score": 0.9695303440093994,
        "val_root_mean_squared_error": 0.2769172787666321,
        "train_time": 76.15790438652039
    }
}