{
    "parameters": {
        "num_layers": 1,
        "num_neurons": 32,
        "num_epochs": 100,
        "learning_rate": 0.0005,
        "use_batch_norm": true,
        "use_dropout": true,
        "batch_size": 32
    },
    "results": {
        "loss": 0.22279879450798035,
        "mae": 0.36916109919548035,
        "r2_score": 0.8984097242355347,
        "root_mean_squared_error": 0.4720156788825989,
        "val_loss": 0.06348509341478348,
        "val_mae": 0.19768467545509338,
        "val_r2_score": 0.9712132811546326,
        "val_root_mean_squared_error": 0.25196248292922974,
        "train_time": 20.761759757995605
    }
}