{
    "parameters": {
        "num_layers": 1,
        "num_neurons": 32,
        "num_epochs": 100,
        "learning_rate": 0.0005,
        "use_batch_norm": true,
        "use_dropout": true,
        "batch_size": 32
    },
    "results": {
        "loss": 0.2169167548418045,
        "mae": 0.3655000925064087,
        "r2_score": 0.9016454219818115,
        "root_mean_squared_error": 0.46574321389198303,
        "val_loss": 0.06777237355709076,
        "val_mae": 0.21208073198795319,
        "val_r2_score": 0.970119833946228,
        "val_root_mean_squared_error": 0.26033127307891846,
        "train_time": 19.19991421699524
    }
}