{
    "parameters": {
        "num_layers": 1,
        "num_neurons": 32,
        "num_epochs": 100,
        "learning_rate": 0.0005,
        "use_batch_norm": true,
        "use_dropout": true,
        "batch_size": 32
    },
    "results": {
        "loss": 0.26028624176979065,
        "mae": 0.4013684391975403,
        "r2_score": 0.8935005068778992,
        "root_mean_squared_error": 0.5101825594902039,
        "val_loss": 0.09580530971288681,
        "val_mae": 0.2547023892402649,
        "val_r2_score": 0.9619323015213013,
        "val_root_mean_squared_error": 0.3095243275165558,
        "train_time": 13.349755764007568
    }
}