{
    "parameters": {
        "mf_type": "Smoothed Triangular",
        "num_mfs": 5,
        "learning_rate": 0.0005,
        "batch_size": 32,
        "num_epochs": 500
    },
    "results": {
        "loss": 0.105849489569664,
        "mae": 0.2631385028362274,
        "root_mean_squared_error": 0.3253451883792877,
        "val_loss": 0.10175243020057678,
        "val_mae": 0.2543811500072479,
        "val_root_mean_squared_error": 0.31898656487464905,
        "train_time": 421.57858872413635
    }
}