{
    "parameters": {
        "mf_type": "Generalized Bell",
        "num_mfs": 3,
        "learning_rate": 0.0005,
        "batch_size": 64,
        "num_epochs": 100
    },
    "results": {
        "loss": 0.15118883550167084,
        "mae": 0.3083028793334961,
        "root_mean_squared_error": 0.3888300955295563,
        "val_loss": 0.14756637811660767,
        "val_mae": 0.305092453956604,
        "val_root_mean_squared_error": 0.3841436803340912,
        "train_time": 17.576396942138672
    }
}