{
    "parameters": {
        "num_layers": 1,
        "num_neurons": 64,
        "num_epochs": 250,
        "learning_rate": 0.0005,
        "use_batch_norm": true,
        "use_dropout": true,
        "batch_size": 64
    },
    "results": {
        "loss": 0.1504044234752655,
        "mae": 0.3028578460216522,
        "root_mean_squared_error": 0.3878200948238373,
        "val_loss": 0.05901194363832474,
        "val_mae": 0.1867387890815735,
        "val_root_mean_squared_error": 0.24292373657226562,
        "train_time": 27.962891101837158
    }
}