{
    "parameters": {
        "mf_type": "Generalized Bell",
        "num_mfs": 3,
        "learning_rate": 0.0005,
        "batch_size": 128,
        "num_epochs": 100
    },
    "results": {
        "loss": 0.5554996728897095,
        "mae": 0.6687834858894348,
        "root_mean_squared_error": 0.7453185319900513,
        "val_loss": 0.5192797183990479,
        "val_mae": 0.6436833143234253,
        "val_root_mean_squared_error": 0.7206106781959534,
        "train_time": 13.866744995117188
    }
}