{
    "parameters": {
        "mf_type": "Smoothed Triangular",
        "num_mfs": 5,
        "learning_rate": 0.0005,
        "batch_size": 32,
        "num_epochs": 100
    },
    "results": {
        "loss": 0.10674812644720078,
        "mae": 0.26437413692474365,
        "root_mean_squared_error": 0.3267233073711395,
        "val_loss": 0.10259391367435455,
        "val_mae": 0.25541943311691284,
        "val_root_mean_squared_error": 0.3203028440475464,
        "train_time": 91.86671471595764
    }
}