{
    "parameters": {
        "num_layers": 4,
        "num_neurons": 64,
        "num_epochs": 500,
        "learning_rate": 0.001,
        "use_batch_norm": true,
        "use_dropout": true,
        "batch_size": 160
    },
    "results": {
        "loss": 0.06240572780370712,
        "mae": 0.1915382742881775,
        "r2_score": 0.971265435218811,
        "root_mean_squared_error": 0.24981138110160828,
        "val_loss": 0.014057211577892303,
        "val_mae": 0.09191209077835083,
        "val_r2_score": 0.9937273263931274,
        "val_root_mean_squared_error": 0.11856311559677124,
        "train_time": 49.94843673706055
    }
}