{
    "parameters": {
        "num_layers": 4,
        "num_neurons": 64,
        "num_epochs": 500,
        "learning_rate": 0.001,
        "use_batch_norm": true,
        "use_dropout": true,
        "batch_size": 160
    },
    "results": {
        "loss": 0.09373418986797333,
        "mae": 0.23677417635917664,
        "r2_score": 0.9616876244544983,
        "root_mean_squared_error": 0.3061603903770447,
        "val_loss": 0.014357145875692368,
        "val_mae": 0.0874468982219696,
        "val_r2_score": 0.9941003918647766,
        "val_root_mean_squared_error": 0.11982131004333496,
        "train_time": 39.94839262962341
    }
}