{
    "parameters": {
        "num_layers": 4,
        "num_neurons": 64,
        "num_epochs": 500,
        "learning_rate": 0.001,
        "use_batch_norm": true,
        "use_dropout": true,
        "batch_size": 160
    },
    "results": {
        "loss": 0.0704270750284195,
        "mae": 0.2011563777923584,
        "r2_score": 0.9679149389266968,
        "root_mean_squared_error": 0.26538100838661194,
        "val_loss": 0.011535230092704296,
        "val_mae": 0.08295869827270508,
        "val_r2_score": 0.9946197867393494,
        "val_root_mean_squared_error": 0.10740219056606293,
        "train_time": 50.36226224899292
    }
}