{
    "parameters": {
        "mf_type": "Generalized Bell",
        "num_mfs": 5,
        "learning_rate": 0.001,
        "batch_size": 64,
        "num_epochs": 500
    },
    "results": {
        "loss": 0.09488829970359802,
        "mae": 0.24841763079166412,
        "r2_score": 0.9612705707550049,
        "root_mean_squared_error": 0.30803945660591125,
        "val_loss": 0.09110415726900101,
        "val_mae": 0.241930291056633,
        "val_r2_score": 0.9630977511405945,
        "val_root_mean_squared_error": 0.3018346428871155,
        "train_time": 603.28542304039
    }
}