{
    "parameters": {
        "mf_type": "Smoothed Triangular",
        "num_mfs": 5,
        "learning_rate": 0.0001,
        "batch_size": 64,
        "num_epochs": 100
    },
    "results": {
        "loss": 20.08027458190918,
        "mae": 4.19330358505249,
        "root_mean_squared_error": 4.481101989746094,
        "val_loss": 19.841350555419922,
        "val_mae": 4.167552471160889,
        "val_root_mean_squared_error": 4.454362869262695,
        "train_time": 95.59152340888977
    }
}