{
    "parameters": {
        "mf_type": "Gaussian",
        "num_mfs": 2,
        "learning_rate": 0.001,
        "batch_size": 64,
        "num_epochs": 100
    },
    "results": {
        "loss": 0.10531722754240036,
        "mae": 0.26298847794532776,
        "root_mean_squared_error": 0.3245261609554291,
        "val_loss": 0.10146408528089523,
        "val_mae": 0.2550918459892273,
        "val_root_mean_squared_error": 0.3185342848300934,
        "train_time": 10.326054573059082
    }
}