{
    "parameters": {
        "num_layers": 1,
        "num_neurons": 64,
        "num_epochs": 100,
        "learning_rate": 0.001,
        "use_batch_norm": true,
        "use_dropout": true,
        "batch_size": 128
    },
    "results": {
        "loss": 0.17424489557743073,
        "mae": 0.32784217596054077,
        "r2_score": 0.9287052750587463,
        "root_mean_squared_error": 0.41742652654647827,
        "val_loss": 0.06767425686120987,
        "val_mae": 0.2093675583600998,
        "val_r2_score": 0.9731099605560303,
        "val_root_mean_squared_error": 0.2601427733898163,
        "train_time": 6.899590253829956
    }
}