{
    "parameters": {
        "num_layers": 1,
        "num_neurons": 64,
        "num_epochs": 100,
        "learning_rate": 0.001,
        "use_batch_norm": true,
        "use_dropout": true,
        "batch_size": 128
    },
    "results": {
        "loss": 0.1326257735490799,
        "mae": 0.28680235147476196,
        "r2_score": 0.9398645162582397,
        "root_mean_squared_error": 0.36417821049690247,
        "val_loss": 0.042717527598142624,
        "val_mae": 0.1625186800956726,
        "val_r2_score": 0.9811663031578064,
        "val_root_mean_squared_error": 0.20668219029903412,
        "train_time": 8.247882843017578
    }
}