{
    "parameters": {
        "num_layers": 1,
        "num_neurons": 64,
        "num_epochs": 500,
        "learning_rate": 0.0005,
        "use_batch_norm": true,
        "use_dropout": true,
        "batch_size": 64
    },
    "results": {
        "loss": 0.13469630479812622,
        "mae": 0.28851842880249023,
        "r2_score": 0.9385820627212524,
        "root_mean_squared_error": 0.3670099377632141,
        "val_loss": 0.05657612159848213,
        "val_mae": 0.18559131026268005,
        "val_r2_score": 0.9743461012840271,
        "val_root_mean_squared_error": 0.23785735666751862,
        "train_time": 69.50697755813599
    }
}