{
    "parameters": {
        "num_layers": 1,
        "num_neurons": 64,
        "num_epochs": 500,
        "learning_rate": 0.0005,
        "use_batch_norm": true,
        "use_dropout": true,
        "batch_size": 64
    },
    "results": {
        "loss": 0.15863730013370514,
        "mae": 0.3137311339378357,
        "r2_score": 0.9350913166999817,
        "root_mean_squared_error": 0.39829298853874207,
        "val_loss": 0.07010183483362198,
        "val_mae": 0.21202869713306427,
        "val_r2_score": 0.9721454381942749,
        "val_root_mean_squared_error": 0.26476749777793884,
        "train_time": 41.08022379875183
    }
}