{
    "parameters": {
        "num_layers": 1,
        "num_neurons": 64,
        "num_epochs": 500,
        "learning_rate": 0.0005,
        "use_batch_norm": true,
        "use_dropout": true,
        "batch_size": 64
    },
    "results": {
        "loss": 0.11855959892272949,
        "mae": 0.2695067822933197,
        "r2_score": 0.9462427496910095,
        "root_mean_squared_error": 0.34432485699653625,
        "val_loss": 0.04006894305348396,
        "val_mae": 0.15715056657791138,
        "val_r2_score": 0.9823340177536011,
        "val_root_mean_squared_error": 0.2001722902059555,
        "train_time": 60.25183129310608
    }
}