{
    "parameters": {
        "num_layers": 3,
        "num_neurons": 80,
        "num_epochs": 500,
        "learning_rate": 0.001,
        "use_batch_norm": true,
        "use_dropout": true,
        "batch_size": 160
    },
    "results": {
        "loss": 0.08074374496936798,
        "mae": 0.21955890953540802,
        "r2_score": 0.9669972658157349,
        "root_mean_squared_error": 0.2841544449329376,
        "val_loss": 0.012164856307208538,
        "val_mae": 0.0821613296866417,
        "val_r2_score": 0.9950012564659119,
        "val_root_mean_squared_error": 0.110294409096241,
        "train_time": 35.92545819282532
    }
}