{
    "parameters": {
        "num_layers": 3,
        "num_neurons": 80,
        "num_epochs": 500,
        "learning_rate": 0.001,
        "use_batch_norm": true,
        "use_dropout": true,
        "batch_size": 160
    },
    "results": {
        "loss": 0.06019753962755203,
        "mae": 0.186757430434227,
        "r2_score": 0.9722821116447449,
        "root_mean_squared_error": 0.2453518658876419,
        "val_loss": 0.025094415992498398,
        "val_mae": 0.12947183847427368,
        "val_r2_score": 0.9888022541999817,
        "val_root_mean_squared_error": 0.1584121733903885,
        "train_time": 47.09210538864136
    }
}