{
    "parameters": {
        "num_layers": 1,
        "num_neurons": 32,
        "num_epochs": 500,
        "learning_rate": 0.0001,
        "use_batch_norm": true,
        "use_dropout": true,
        "batch_size": 64
    },
    "results": {
        "loss": 0.20861726999282837,
        "mae": 0.3579789102077484,
        "r2_score": 0.9048769474029541,
        "root_mean_squared_error": 0.4567463994026184,
        "val_loss": 0.0662621483206749,
        "val_mae": 0.20229895412921906,
        "val_r2_score": 0.9699540138244629,
        "val_root_mean_squared_error": 0.2574143409729004,
        "train_time": 60.60542964935303
    }
}