{
    "parameters": {
        "num_layers": 1,
        "num_neurons": 32,
        "num_epochs": 500,
        "learning_rate": 0.0001,
        "use_batch_norm": true,
        "use_dropout": true,
        "batch_size": 64
    },
    "results": {
        "loss": 0.19313360750675201,
        "mae": 0.3427181839942932,
        "r2_score": 0.9124298095703125,
        "root_mean_squared_error": 0.43946969509124756,
        "val_loss": 0.0586005337536335,
        "val_mae": 0.19383056461811066,
        "val_r2_score": 0.9741636514663696,
        "val_root_mean_squared_error": 0.24207547307014465,
        "train_time": 58.223774671554565
    }
}