{
    "parameters": {
        "num_layers": 1,
        "num_neurons": 32,
        "num_epochs": 500,
        "learning_rate": 0.0001,
        "use_batch_norm": true,
        "use_dropout": true,
        "batch_size": 64
    },
    "results": {
        "loss": 0.233092799782753,
        "mae": 0.37524938583374023,
        "r2_score": 0.9046270251274109,
        "root_mean_squared_error": 0.482796847820282,
        "val_loss": 0.0843755304813385,
        "val_mae": 0.2374303638935089,
        "val_r2_score": 0.9664738774299622,
        "val_root_mean_squared_error": 0.29047465324401855,
        "train_time": 41.63919162750244
    }
}