{
    "parameters": {
        "num_layers": 1,
        "num_neurons": 32,
        "num_epochs": 500,
        "learning_rate": 0.0001,
        "use_batch_norm": true,
        "use_dropout": true,
        "batch_size": 128
    },
    "results": {
        "loss": 0.21114590764045715,
        "mae": 0.3594939708709717,
        "r2_score": 0.9037236571311951,
        "root_mean_squared_error": 0.45950615406036377,
        "val_loss": 0.06744793057441711,
        "val_mae": 0.20890095829963684,
        "val_r2_score": 0.9694163799285889,
        "val_root_mean_squared_error": 0.25970739126205444,
        "train_time": 42.735939502716064
    }
}