{
    "parameters": {
        "num_layers": 1,
        "num_neurons": 32,
        "num_epochs": 500,
        "learning_rate": 0.0001,
        "use_batch_norm": true,
        "use_dropout": true,
        "batch_size": 128
    },
    "results": {
        "loss": 0.21116915345191956,
        "mae": 0.35632458329200745,
        "root_mean_squared_error": 0.4595314562320709,
        "val_loss": 0.07270506024360657,
        "val_mae": 0.21218493580818176,
        "val_root_mean_squared_error": 0.2696387469768524,
        "train_time": 32.96477913856506
    }
}