{
    "parameters": {
        "num_layers": 2,
        "num_neurons": 32,
        "num_epochs": 100,
        "learning_rate": 0.001,
        "use_batch_norm": true,
        "use_dropout": true,
        "batch_size": 128
    },
    "results": {
        "loss": 0.17411832511425018,
        "mae": 0.3226475119590759,
        "r2_score": 0.9210510849952698,
        "root_mean_squared_error": 0.4172748923301697,
        "val_loss": 0.03604535758495331,
        "val_mae": 0.14713044464588165,
        "val_r2_score": 0.9841079711914062,
        "val_root_mean_squared_error": 0.18985615670681,
        "train_time": 9.614261865615845
    }
}