{
    "parameters": {
        "num_layers": 2,
        "num_neurons": 32,
        "num_epochs": 100,
        "learning_rate": 0.001,
        "use_batch_norm": true,
        "use_dropout": true,
        "batch_size": 128
    },
    "results": {
        "loss": 0.23913049697875977,
        "mae": 0.38156750798225403,
        "r2_score": 0.9021565914154053,
        "root_mean_squared_error": 0.48900970816612244,
        "val_loss": 0.06021842733025551,
        "val_mae": 0.1926497220993042,
        "val_r2_score": 0.9760724902153015,
        "val_root_mean_squared_error": 0.24539443850517273,
        "train_time": 7.759143114089966
    }
}