{
    "parameters": {
        "num_layers": 2,
        "num_neurons": 32,
        "num_epochs": 100,
        "learning_rate": 0.001,
        "use_batch_norm": true,
        "use_dropout": true,
        "batch_size": 128
    },
    "results": {
        "loss": 0.19032135605812073,
        "mae": 0.33619511127471924,
        "r2_score": 0.9132187962532043,
        "root_mean_squared_error": 0.43625834584236145,
        "val_loss": 0.04652676358819008,
        "val_mae": 0.16356979310512543,
        "val_r2_score": 0.9789028763771057,
        "val_root_mean_squared_error": 0.2157006412744522,
        "train_time": 9.996021270751953
    }
}