{
    "parameters": {
        "num_layers": 2,
        "num_neurons": 32,
        "num_epochs": 500,
        "learning_rate": 0.0001,
        "use_batch_norm": true,
        "use_dropout": true,
        "batch_size": 128
    },
    "results": {
        "loss": 0.18060803413391113,
        "mae": 0.3243597745895386,
        "r2_score": 0.9181086421012878,
        "root_mean_squared_error": 0.4249800443649292,
        "val_loss": 0.029507678002119064,
        "val_mae": 0.13577213883399963,
        "val_r2_score": 0.9869903922080994,
        "val_root_mean_squared_error": 0.17177799344062805,
        "train_time": 41.59657263755798
    }
}