{
    "parameters": {
        "num_layers": 2,
        "num_neurons": 32,
        "num_epochs": 500,
        "learning_rate": 0.0001,
        "use_batch_norm": true,
        "use_dropout": true,
        "batch_size": 128
    },
    "results": {
        "loss": 0.25338053703308105,
        "mae": 0.39135852456092834,
        "r2_score": 0.8963261246681213,
        "root_mean_squared_error": 0.5033692121505737,
        "val_loss": 0.06507652252912521,
        "val_mae": 0.20502880215644836,
        "val_r2_score": 0.9741421341896057,
        "val_root_mean_squared_error": 0.2551009953022003,
        "train_time": 35.08537793159485
    }
}