{
    "parameters": {
        "num_layers": 2,
        "num_neurons": 32,
        "num_epochs": 500,
        "learning_rate": 0.0001,
        "use_batch_norm": true,
        "use_dropout": true,
        "batch_size": 128
    },
    "results": {
        "loss": 0.1953733116388321,
        "mae": 0.3402877748012543,
        "r2_score": 0.9109153747558594,
        "root_mean_squared_error": 0.4420105218887329,
        "val_loss": 0.04154779389500618,
        "val_mae": 0.15545713901519775,
        "val_r2_score": 0.981160581111908,
        "val_root_mean_squared_error": 0.20383276045322418,
        "train_time": 46.16973543167114
    }
}