{
    "parameters": {
        "mf_type": "Gaussian",
        "num_mfs": 3,
        "learning_rate": 0.0001,
        "batch_size": 32,
        "num_epochs": 100
    },
    "results": {
        "loss": 0.6524350643157959,
        "mae": 0.709364652633667,
        "root_mean_squared_error": 0.8077345490455627,
        "val_loss": 0.6055662035942078,
        "val_mae": 0.6777396202087402,
        "val_root_mean_squared_error": 0.7781813144683838,
        "train_time": 23.57419443130493
    }
}