{
    "parameters": {
        "num_layers": 2,
        "num_neurons": 128,
        "num_epochs": 500,
        "learning_rate": 0.001,
        "use_batch_norm": true,
        "use_dropout": true,
        "batch_size": 128
    },
    "results": {
        "loss": 0.04797973111271858,
        "mae": 0.1686718761920929,
        "r2_score": 0.9779077768325806,
        "root_mean_squared_error": 0.21904276311397552,
        "val_loss": 0.005408609285950661,
        "val_mae": 0.05156237259507179,
        "val_r2_score": 0.9975865483283997,
        "val_root_mean_squared_error": 0.0735432505607605,
        "train_time": 55.10276818275452
    }
}