{
    "parameters": {
        "num_layers": 2,
        "num_neurons": 128,
        "num_epochs": 500,
        "learning_rate": 0.001,
        "use_batch_norm": true,
        "use_dropout": true,
        "batch_size": 128
    },
    "results": {
        "loss": 0.06688407808542252,
        "mae": 0.2022661715745926,
        "r2_score": 0.9726622104644775,
        "root_mean_squared_error": 0.2586195766925812,
        "val_loss": 0.008009176701307297,
        "val_mae": 0.06615689396858215,
        "val_r2_score": 0.996708869934082,
        "val_root_mean_squared_error": 0.0894940048456192,
        "train_time": 41.81176233291626
    }
}