{
    "parameters": {
        "mf_type": "Gaussian",
        "num_mfs": 3,
        "learning_rate": 0.001,
        "batch_size": 32,
        "num_epochs": 100
    },
    "results": {
        "loss": 0.09648426622152328,
        "mae": 0.2507874667644501,
        "root_mean_squared_error": 0.31061917543411255,
        "val_loss": 0.09366992115974426,
        "val_mae": 0.24418294429779053,
        "val_root_mean_squared_error": 0.3060554265975952,
        "train_time": 23.734890937805176
    }
}