{
    "parameters": {
        "num_layers": 2,
        "num_neurons": 32,
        "num_epochs": 100,
        "learning_rate": 0.0005,
        "use_batch_norm": true,
        "use_dropout": true,
        "batch_size": 64
    },
    "results": {
        "loss": 0.20757503807544708,
        "mae": 0.34990185499191284,
        "root_mean_squared_error": 0.45560404658317566,
        "val_loss": 0.03766786679625511,
        "val_mae": 0.14934565126895905,
        "val_root_mean_squared_error": 0.194082111120224,
        "train_time": 13.432632684707642
    }
}