{
    "parameters": {
        "num_layers": 1,
        "num_neurons": 32,
        "num_epochs": 250,
        "learning_rate": 0.0005,
        "use_batch_norm": true,
        "use_dropout": true,
        "batch_size": 64
    },
    "results": {
        "loss": 0.20230209827423096,
        "mae": 0.34865614771842957,
        "r2_score": 0.917225182056427,
        "root_mean_squared_error": 0.44978004693984985,
        "val_loss": 0.08132894337177277,
        "val_mae": 0.23135434091091156,
        "val_r2_score": 0.9676843881607056,
        "val_root_mean_squared_error": 0.28518229722976685,
        "train_time": 21.06625509262085
    }
}