{
    "parameters": {
        "num_layers": 1,
        "num_neurons": 32,
        "num_epochs": 250,
        "learning_rate": 0.0005,
        "use_batch_norm": true,
        "use_dropout": true,
        "batch_size": 64
    },
    "results": {
        "loss": 0.14745371043682098,
        "mae": 0.30110225081443787,
        "r2_score": 0.93314129114151,
        "root_mean_squared_error": 0.38399702310562134,
        "val_loss": 0.049458812922239304,
        "val_mae": 0.17677702009677887,
        "val_r2_score": 0.9781941175460815,
        "val_root_mean_squared_error": 0.22239337861537933,
        "train_time": 29.614617586135864
    }
}