{
    "parameters": {
        "num_layers": 2,
        "num_neurons": 32,
        "num_epochs": 500,
        "learning_rate": 0.0001,
        "use_batch_norm": true,
        "use_dropout": true,
        "batch_size": 64
    },
    "results": {
        "loss": 0.2420959621667862,
        "mae": 0.38642171025276184,
        "r2_score": 0.9009432196617126,
        "root_mean_squared_error": 0.4920324683189392,
        "val_loss": 0.0637284368276596,
        "val_mae": 0.20324158668518066,
        "val_r2_score": 0.9746778607368469,
        "val_root_mean_squared_error": 0.25244492292404175,
        "train_time": 47.84754753112793
    }
}