{
    "parameters": {
        "num_layers": 2,
        "num_neurons": 32,
        "num_epochs": 500,
        "learning_rate": 0.0001,
        "use_batch_norm": true,
        "use_dropout": true,
        "batch_size": 64
    },
    "results": {
        "loss": 0.18123650550842285,
        "mae": 0.33045047521591187,
        "r2_score": 0.9178237915039062,
        "root_mean_squared_error": 0.4257188141345978,
        "val_loss": 0.029140714555978775,
        "val_mae": 0.13300544023513794,
        "val_r2_score": 0.9871521592140198,
        "val_root_mean_squared_error": 0.17070651054382324,
        "train_time": 68.86270213127136
    }
}