{
    "parameters": {
        "num_layers": 2,
        "num_neurons": 32,
        "num_epochs": 500,
        "learning_rate": 0.0001,
        "use_batch_norm": true,
        "use_dropout": true,
        "batch_size": 64
    },
    "results": {
        "loss": 0.19324655830860138,
        "mae": 0.3370998203754425,
        "r2_score": 0.9118854999542236,
        "root_mean_squared_error": 0.4395981729030609,
        "val_loss": 0.03935959190130234,
        "val_mae": 0.14973632991313934,
        "val_r2_score": 0.9821527600288391,
        "val_root_mean_squared_error": 0.19839252531528473,
        "train_time": 73.16146397590637
    }
}