{
    "parameters": {
        "mf_type": "Gaussian",
        "num_mfs": 5,
        "learning_rate": 0.0001,
        "batch_size": 32,
        "num_epochs": 250
    },
    "results": {
        "loss": 0.09905239194631577,
        "mae": 0.25370484590530396,
        "root_mean_squared_error": 0.3147259056568146,
        "val_loss": 0.09687595069408417,
        "val_mae": 0.2502809762954712,
        "val_root_mean_squared_error": 0.3112490177154541,
        "train_time": 195.4652554988861
    }
}