{
    "parameters": {
        "num_layers": 2,
        "num_neurons": 16,
        "num_epochs": 100,
        "learning_rate": 0.0001,
        "use_batch_norm": true,
        "use_dropout": true,
        "batch_size": 32
    },
    "results": {
        "loss": 0.5093878507614136,
        "mae": 0.5572935938835144,
        "r2_score": 0.7915776371955872,
        "root_mean_squared_error": 0.7137141227722168,
        "val_loss": 0.1024763211607933,
        "val_mae": 0.26076388359069824,
        "val_r2_score": 0.9592815637588501,
        "val_root_mean_squared_error": 0.3201192319393158,
        "train_time": 15.875403881072998
    }
}