{
    "parameters": {
        "num_layers": 2,
        "num_neurons": 16,
        "num_epochs": 100,
        "learning_rate": 0.0001,
        "use_batch_norm": true,
        "use_dropout": true,
        "batch_size": 32
    },
    "results": {
        "loss": 0.41171786189079285,
        "mae": 0.4976619780063629,
        "r2_score": 0.813318133354187,
        "root_mean_squared_error": 0.6416524648666382,
        "val_loss": 0.06675239652395248,
        "val_mae": 0.1986566185951233,
        "val_r2_score": 0.9705694913864136,
        "val_root_mean_squared_error": 0.25836485624313354,
        "train_time": 22.445714235305786
    }
}