{
    "parameters": {
        "mf_type": "Generalized Bell",
        "num_mfs": 5,
        "learning_rate": 0.0005,
        "batch_size": 64,
        "num_epochs": 500
    },
    "results": {
        "loss": 0.09677594900131226,
        "mae": 0.25186169147491455,
        "r2_score": 0.9604998826980591,
        "root_mean_squared_error": 0.31108832359313965,
        "val_loss": 0.09346507489681244,
        "val_mae": 0.24426409602165222,
        "val_r2_score": 0.9621414542198181,
        "val_root_mean_squared_error": 0.30572059750556946,
        "train_time": 558.8709537982941
    }
}