{
    "parameters": {
        "num_layers": 3,
        "num_neurons": 80,
        "num_epochs": 500,
        "learning_rate": 0.001,
        "use_batch_norm": true,
        "use_dropout": true,
        "batch_size": 192
    },
    "results": {
        "loss": 0.08123284578323364,
        "mae": 0.2198406159877777,
        "r2_score": 0.966797411441803,
        "root_mean_squared_error": 0.28501376509666443,
        "val_loss": 0.02003057859838009,
        "val_mae": 0.10465686768293381,
        "val_r2_score": 0.9917690753936768,
        "val_root_mean_squared_error": 0.14152942597866058,
        "train_time": 38.22562003135681
    }
}