{
    "parameters": {
        "num_layers": 3,
        "num_neurons": 80,
        "num_epochs": 500,
        "learning_rate": 0.001,
        "use_batch_norm": true,
        "use_dropout": true,
        "batch_size": 192
    },
    "results": {
        "loss": 0.06441914290189743,
        "mae": 0.19259899854660034,
        "r2_score": 0.970652163028717,
        "root_mean_squared_error": 0.25380927324295044,
        "val_loss": 0.012332703918218613,
        "val_mae": 0.08475605398416519,
        "val_r2_score": 0.9942477941513062,
        "val_root_mean_squared_error": 0.11105270683765411,
        "train_time": 49.73573446273804
    }
}