{
    "parameters": {
        "num_layers": 3,
        "num_neurons": 80,
        "num_epochs": 500,
        "learning_rate": 0.001,
        "use_batch_norm": true,
        "use_dropout": true,
        "batch_size": 192
    },
    "results": {
        "loss": 0.0556301474571228,
        "mae": 0.1815454363822937,
        "r2_score": 0.9743852019309998,
        "root_mean_squared_error": 0.2358604371547699,
        "val_loss": 0.013099497184157372,
        "val_mae": 0.08311498165130615,
        "val_r2_score": 0.994154691696167,
        "val_root_mean_squared_error": 0.1144530326128006,
        "train_time": 49.0213725566864
    }
}