{
    "parameters": {
        "mf_type": "Smoothed Triangular",
        "num_mfs": 3,
        "learning_rate": 0.0001,
        "batch_size": 128,
        "num_epochs": 100
    },
    "results": {
        "loss": 18.877368927001953,
        "mae": 3.8886075019836426,
        "root_mean_squared_error": 4.344809532165527,
        "val_loss": 18.545146942138672,
        "val_mae": 3.833738327026367,
        "val_root_mean_squared_error": 4.306407451629639,
        "train_time": 15.042644262313843
    }
}