{
    "parameters": {
        "num_layers": 1,
        "num_neurons": 16,
        "num_epochs": 100,
        "learning_rate": 0.0001,
        "use_batch_norm": true,
        "use_dropout": true,
        "batch_size": 128
    },
    "results": {
        "loss": 0.5737006068229675,
        "mae": 0.5861186385154724,
        "r2_score": 0.7398729920387268,
        "root_mean_squared_error": 0.7574302554130554,
        "val_loss": 0.08315814286470413,
        "val_mae": 0.2277711033821106,
        "val_r2_score": 0.9633364677429199,
        "val_root_mean_squared_error": 0.2883715331554413,
        "train_time": 7.900466442108154
    }
}