{
    "parameters": {
        "num_layers": 1,
        "num_neurons": 16,
        "num_epochs": 100,
        "learning_rate": 0.0001,
        "use_batch_norm": true,
        "use_dropout": true,
        "batch_size": 128
    },
    "results": {
        "loss": 1.0034607648849487,
        "mae": 0.7753615975379944,
        "r2_score": 0.589421272277832,
        "root_mean_squared_error": 1.001728892326355,
        "val_loss": 0.11965398490428925,
        "val_mae": 0.2826935946941376,
        "val_r2_score": 0.9524560570716858,
        "val_root_mean_squared_error": 0.34591037034988403,
        "train_time": 6.6154420375823975
    }
}