{
    "parameters": {
        "num_layers": 2,
        "num_neurons": 16,
        "num_epochs": 500,
        "learning_rate": 0.0001,
        "use_batch_norm": true,
        "use_dropout": true,
        "batch_size": 128
    },
    "results": {
        "loss": 0.25777190923690796,
        "mae": 0.38772791624069214,
        "r2_score": 0.8831210732460022,
        "root_mean_squared_error": 0.5077124238014221,
        "val_loss": 0.05633418634533882,
        "val_mae": 0.19256436824798584,
        "val_r2_score": 0.9751628637313843,
        "val_root_mean_squared_error": 0.23734824359416962,
        "train_time": 43.7360417842865
    }
}