{
    "parameters": {
        "num_layers": 2,
        "num_neurons": 16,
        "num_epochs": 500,
        "learning_rate": 0.0001,
        "use_batch_norm": true,
        "use_dropout": true,
        "batch_size": 128
    },
    "results": {
        "loss": 0.2989174723625183,
        "mae": 0.4130649268627167,
        "r2_score": 0.8637024760246277,
        "root_mean_squared_error": 0.5467334389686584,
        "val_loss": 0.09443271905183792,
        "val_mae": 0.23334841430187225,
        "val_r2_score": 0.957180380821228,
        "val_root_mean_squared_error": 0.30729907751083374,
        "train_time": 44.96862506866455
    }
}