{
    "parameters": {
        "num_layers": 2,
        "num_neurons": 16,
        "num_epochs": 500,
        "learning_rate": 0.0001,
        "use_batch_norm": true,
        "use_dropout": true,
        "batch_size": 128
    },
    "results": {
        "loss": 0.3520989716053009,
        "mae": 0.4572208523750305,
        "r2_score": 0.8559335470199585,
        "root_mean_squared_error": 0.5933792591094971,
        "val_loss": 0.10796945542097092,
        "val_mae": 0.2672559320926666,
        "val_r2_score": 0.9570988416671753,
        "val_root_mean_squared_error": 0.32858705520629883,
        "train_time": 33.49769139289856
    }
}