{
    "parameters": {
        "num_layers": 4,
        "num_neurons": 80,
        "num_epochs": 500,
        "learning_rate": 0.001,
        "use_batch_norm": true,
        "use_dropout": true,
        "batch_size": 160
    },
    "results": {
        "loss": 0.08715049922466278,
        "mae": 0.22704599797725677,
        "r2_score": 0.9643786549568176,
        "root_mean_squared_error": 0.29521262645721436,
        "val_loss": 0.014237881638109684,
        "val_mae": 0.09045951068401337,
        "val_r2_score": 0.994149386882782,
        "val_root_mean_squared_error": 0.11932259798049927,
        "train_time": 42.14950513839722
    }
}