{
    "parameters": {
        "num_layers": 4,
        "num_neurons": 80,
        "num_epochs": 500,
        "learning_rate": 0.001,
        "use_batch_norm": true,
        "use_dropout": true,
        "batch_size": 160
    },
    "results": {
        "loss": 0.06029077619314194,
        "mae": 0.18703210353851318,
        "r2_score": 0.9722391963005066,
        "root_mean_squared_error": 0.2455417960882187,
        "val_loss": 0.00931567419320345,
        "val_mae": 0.06945094466209412,
        "val_r2_score": 0.9958431124687195,
        "val_root_mean_squared_error": 0.09651774168014526,
        "train_time": 53.30028963088989
    }
}