{
    "parameters": {
        "mf_type": "Generalized Bell",
        "num_mfs": 5,
        "learning_rate": 0.001,
        "batch_size": 128,
        "num_epochs": 100
    },
    "results": {
        "loss": 0.12153798341751099,
        "mae": 0.27359727025032043,
        "root_mean_squared_error": 0.34862297773361206,
        "val_loss": 0.1160963922739029,
        "val_mae": 0.26524215936660767,
        "val_root_mean_squared_error": 0.3407292068004608,
        "train_time": 79.95748376846313
    }
}