{
    "parameters": {
        "num_layers": 2,
        "num_neurons": 16,
        "num_epochs": 500,
        "learning_rate": 0.0001,
        "use_batch_norm": true,
        "use_dropout": true,
        "batch_size": 128
    },
    "results": {
        "loss": 0.27079910039901733,
        "mae": 0.39972546696662903,
        "root_mean_squared_error": 0.5203835964202881,
        "val_loss": 0.06197568401694298,
        "val_mae": 0.19364921748638153,
        "val_root_mean_squared_error": 0.24894915521144867,
        "train_time": 38.18114924430847
    }
}