{
    "parameters": {
        "mf_type": "Smoothed Triangular",
        "num_mfs": 4,
        "learning_rate": 0.0005,
        "batch_size": 64,
        "num_epochs": 100
    },
    "results": {
        "loss": 2.5811219215393066,
        "mae": 0.8059811592102051,
        "root_mean_squared_error": 1.6065870523452759,
        "val_loss": 2.531270980834961,
        "val_mae": 0.785390317440033,
        "val_root_mean_squared_error": 1.5909968614578247,
        "train_time": 41.20015859603882
    }
}