{
    "parameters": {
        "mf_type": "Smoothed Triangular",
        "num_mfs": 4,
        "learning_rate": 0.0005,
        "batch_size": 128,
        "num_epochs": 500
    },
    "results": {
        "loss": 0.15344780683517456,
        "mae": 0.3107447624206543,
        "root_mean_squared_error": 0.3917241394519806,
        "val_loss": 0.14388610422611237,
        "val_mae": 0.2939494550228119,
        "val_root_mean_squared_error": 0.37932321429252625,
        "train_time": 155.66077208518982
    }
}