{
    "parameters": {
        "num_layers": 1,
        "num_neurons": 16,
        "num_epochs": 250,
        "learning_rate": 0.0005,
        "use_batch_norm": true,
        "use_dropout": true,
        "batch_size": 32
    },
    "results": {
        "loss": 0.24118168652057648,
        "mae": 0.37994542717933655,
        "r2_score": 0.8900279998779297,
        "root_mean_squared_error": 0.49110251665115356,
        "val_loss": 0.09346289932727814,
        "val_mae": 0.24961897730827332,
        "val_r2_score": 0.9576201438903809,
        "val_root_mean_squared_error": 0.30571702122688293,
        "train_time": 50.81700158119202
    }
}