{
    "parameters": {
        "num_layers": 1,
        "num_neurons": 16,
        "num_epochs": 250,
        "learning_rate": 0.0005,
        "use_batch_norm": true,
        "use_dropout": true,
        "batch_size": 32
    },
    "results": {
        "loss": 0.24286653101444244,
        "mae": 0.38830119371414185,
        "r2_score": 0.900627613067627,
        "root_mean_squared_error": 0.49281489849090576,
        "val_loss": 0.09350830316543579,
        "val_mae": 0.24961359798908234,
        "val_r2_score": 0.962844967842102,
        "val_root_mean_squared_error": 0.30579128861427307,
        "train_time": 34.00480079650879
    }
}