{
    "parameters": {
        "num_layers": 1,
        "num_neurons": 16,
        "num_epochs": 250,
        "learning_rate": 0.0005,
        "use_batch_norm": true,
        "use_dropout": true,
        "batch_size": 32
    },
    "results": {
        "loss": 0.20527903735637665,
        "mae": 0.3537956476211548,
        "r2_score": 0.9069229364395142,
        "root_mean_squared_error": 0.4530772864818573,
        "val_loss": 0.06434544175863266,
        "val_mae": 0.20050358772277832,
        "val_r2_score": 0.9716306924819946,
        "val_root_mean_squared_error": 0.2536640465259552,
        "train_time": 44.20468187332153
    }
}