{
    "parameters": {
        "num_layers": 4,
        "num_neurons": 96,
        "num_epochs": 500,
        "learning_rate": 0.001,
        "use_batch_norm": true,
        "use_dropout": true,
        "batch_size": 192
    },
    "results": {
        "loss": 0.06490309536457062,
        "mae": 0.19456037878990173,
        "r2_score": 0.9704316258430481,
        "root_mean_squared_error": 0.25476086139678955,
        "val_loss": 0.007720104418694973,
        "val_mae": 0.06491203606128693,
        "val_r2_score": 0.9963992238044739,
        "val_root_mean_squared_error": 0.08786412328481674,
        "train_time": 59.85044026374817
    }
}