{
    "parameters": {
        "num_layers": 4,
        "num_neurons": 96,
        "num_epochs": 500,
        "learning_rate": 0.001,
        "use_batch_norm": true,
        "use_dropout": true,
        "batch_size": 192
    },
    "results": {
        "loss": 0.07742158323526382,
        "mae": 0.2131872922182083,
        "r2_score": 0.9683551788330078,
        "root_mean_squared_error": 0.2782473564147949,
        "val_loss": 0.01618368551135063,
        "val_mae": 0.10203850269317627,
        "val_r2_score": 0.9933498501777649,
        "val_root_mean_squared_error": 0.12721511721611023,
        "train_time": 44.61804938316345
    }
}