{
    "parameters": {
        "num_layers": 4,
        "num_neurons": 96,
        "num_epochs": 500,
        "learning_rate": 0.001,
        "use_batch_norm": true,
        "use_dropout": true,
        "batch_size": 192
    },
    "results": {
        "loss": 0.05256490409374237,
        "mae": 0.17448699474334717,
        "r2_score": 0.975796639919281,
        "root_mean_squared_error": 0.22927036881446838,
        "val_loss": 0.0061018080450594425,
        "val_mae": 0.05714130774140358,
        "val_r2_score": 0.9972772002220154,
        "val_root_mean_squared_error": 0.07811406999826431,
        "train_time": 59.45034909248352
    }
}