{
    "parameters": {
        "mf_type": "Smoothed Triangular",
        "num_mfs": 4,
        "learning_rate": 0.0005,
        "batch_size": 32,
        "num_epochs": 500
    },
    "results": {
        "loss": 0.09532003849744797,
        "mae": 0.2501221299171448,
        "r2_score": 0.9610942602157593,
        "root_mean_squared_error": 0.30873942375183105,
        "val_loss": 0.09260934591293335,
        "val_mae": 0.24584951996803284,
        "val_r2_score": 0.9624881148338318,
        "val_root_mean_squared_error": 0.304317831993103,
        "train_time": 239.8019518852234
    }
}