{
    "parameters": {
        "mf_type": "Gaussian",
        "num_mfs": 5,
        "learning_rate": 0.0005,
        "batch_size": 32,
        "num_epochs": 100
    },
    "results": {
        "loss": 0.09893013536930084,
        "mae": 0.2544950544834137,
        "root_mean_squared_error": 0.3145316243171692,
        "val_loss": 0.09561682492494583,
        "val_mae": 0.24651123583316803,
        "val_root_mean_squared_error": 0.30921971797943115,
        "train_time": 83.05060815811157
    }
}