{
    "parameters": {
        "mf_type": "Smoothed Triangular",
        "num_mfs": 5,
        "learning_rate": 0.0005,
        "batch_size": 64,
        "num_epochs": 250
    },
    "results": {
        "loss": 0.10276709496974945,
        "mae": 0.25934356451034546,
        "root_mean_squared_error": 0.3205730617046356,
        "val_loss": 0.09929598867893219,
        "val_mae": 0.25257569551467896,
        "val_root_mean_squared_error": 0.3151126503944397,
        "train_time": 222.93493723869324
    }
}