{
    "parameters": {
        "num_layers": 1,
        "num_neurons": 16,
        "num_epochs": 250,
        "learning_rate": 0.0005,
        "use_batch_norm": true,
        "use_dropout": true,
        "batch_size": 64
    },
    "results": {
        "loss": 0.22059012949466705,
        "mae": 0.3656899034976959,
        "r2_score": 0.9097424745559692,
        "root_mean_squared_error": 0.46967023611068726,
        "val_loss": 0.09842611104249954,
        "val_mae": 0.2578941583633423,
        "val_r2_score": 0.9608909487724304,
        "val_root_mean_squared_error": 0.31372934579849243,
        "train_time": 20.725486040115356
    }
}