{
    "parameters": {
        "num_layers": 1,
        "num_neurons": 16,
        "num_epochs": 250,
        "learning_rate": 0.0005,
        "use_batch_norm": true,
        "use_dropout": true,
        "batch_size": 64
    },
    "results": {
        "loss": 0.1789184808731079,
        "mae": 0.3294091522693634,
        "r2_score": 0.9184188842773438,
        "root_mean_squared_error": 0.42298758029937744,
        "val_loss": 0.07283462584018707,
        "val_mae": 0.21556654572486877,
        "val_r2_score": 0.9669737815856934,
        "val_root_mean_squared_error": 0.26987892389297485,
        "train_time": 32.084665060043335
    }
}