{
    "parameters": {
        "num_layers": 1,
        "num_neurons": 16,
        "num_epochs": 250,
        "learning_rate": 0.0005,
        "use_batch_norm": true,
        "use_dropout": true,
        "batch_size": 64
    },
    "results": {
        "loss": 0.17147621512413025,
        "mae": 0.3239564299583435,
        "r2_score": 0.9222487807273865,
        "root_mean_squared_error": 0.414096862077713,
        "val_loss": 0.0700511708855629,
        "val_mae": 0.20987071096897125,
        "val_r2_score": 0.9691151976585388,
        "val_root_mean_squared_error": 0.26467180252075195,
        "train_time": 28.22788381576538
    }
}