{
    "parameters": {
        "num_layers": 2,
        "num_neurons": 128,
        "num_epochs": 500,
        "learning_rate": 0.001,
        "use_batch_norm": true,
        "use_dropout": true,
        "batch_size": 192
    },
    "results": {
        "loss": 0.058619968593120575,
        "mae": 0.18794216215610504,
        "r2_score": 0.9760400056838989,
        "root_mean_squared_error": 0.24211561679840088,
        "val_loss": 0.010781452991068363,
        "val_mae": 0.07952878624200821,
        "val_r2_score": 0.9955697059631348,
        "val_root_mean_squared_error": 0.10383377224206924,
        "train_time": 36.662879943847656
    }
}