{
    "parameters": {
        "num_layers": 2,
        "num_neurons": 128,
        "num_epochs": 500,
        "learning_rate": 0.001,
        "use_batch_norm": true,
        "use_dropout": true,
        "batch_size": 192
    },
    "results": {
        "loss": 0.055336497724056244,
        "mae": 0.18093928694725037,
        "r2_score": 0.9747899770736694,
        "root_mean_squared_error": 0.23523710668087006,
        "val_loss": 0.011351958848536015,
        "val_mae": 0.08336524665355682,
        "val_r2_score": 0.9947052597999573,
        "val_root_mean_squared_error": 0.1065455749630928,
        "train_time": 47.04633116722107
    }
}