{
    "parameters": {
        "num_layers": 2,
        "num_neurons": 128,
        "num_epochs": 500,
        "learning_rate": 0.001,
        "use_batch_norm": true,
        "use_dropout": true,
        "batch_size": 192
    },
    "results": {
        "loss": 0.04675818234682083,
        "mae": 0.1663619875907898,
        "r2_score": 0.9784703254699707,
        "root_mean_squared_error": 0.2162363976240158,
        "val_loss": 0.006231977604329586,
        "val_mae": 0.05663316696882248,
        "val_r2_score": 0.9972191452980042,
        "val_root_mean_squared_error": 0.07894287258386612,
        "train_time": 46.512810468673706
    }
}