{
    "parameters": {
        "num_layers": 2,
        "num_neurons": 64,
        "num_epochs": 500,
        "learning_rate": 0.001,
        "use_batch_norm": true,
        "use_dropout": true,
        "batch_size": 128
    },
    "results": {
        "loss": 0.09898629039525986,
        "mae": 0.24551504850387573,
        "r2_score": 0.9594983458518982,
        "root_mean_squared_error": 0.31462088227272034,
        "val_loss": 0.026640400290489197,
        "val_mae": 0.12682704627513885,
        "val_r2_score": 0.9894145727157593,
        "val_root_mean_squared_error": 0.16321887075901031,
        "train_time": 37.31948781013489
    }
}