{
    "parameters": {
        "num_layers": 2,
        "num_neurons": 64,
        "num_epochs": 500,
        "learning_rate": 0.001,
        "use_batch_norm": true,
        "use_dropout": true,
        "batch_size": 128
    },
    "results": {
        "loss": 0.06853444874286652,
        "mae": 0.20267456769943237,
        "r2_score": 0.9689250588417053,
        "root_mean_squared_error": 0.26179084181785583,
        "val_loss": 0.02119891531765461,
        "val_mae": 0.10607168823480606,
        "val_r2_score": 0.9906536340713501,
        "val_root_mean_squared_error": 0.14559847116470337,
        "train_time": 49.40399622917175
    }
}