{
    "parameters": {
        "num_layers": 2,
        "num_neurons": 64,
        "num_epochs": 500,
        "learning_rate": 0.001,
        "use_batch_norm": true,
        "use_dropout": true,
        "batch_size": 128
    },
    "results": {
        "loss": 0.07714448869228363,
        "mae": 0.21264046430587769,
        "r2_score": 0.964824378490448,
        "root_mean_squared_error": 0.2777489721775055,
        "val_loss": 0.022753840312361717,
        "val_mae": 0.11385880410671234,
        "val_r2_score": 0.9896824955940247,
        "val_root_mean_squared_error": 0.1508437544107437,
        "train_time": 51.416588306427
    }
}