{
    "parameters": {
        "num_layers": 2,
        "num_neurons": 64,
        "num_epochs": 500,
        "learning_rate": 0.0005,
        "use_batch_norm": true,
        "use_dropout": true,
        "batch_size": 128
    },
    "results": {
        "loss": 0.08163058757781982,
        "mae": 0.22078855335712433,
        "r2_score": 0.9629868865013123,
        "root_mean_squared_error": 0.2857106626033783,
        "val_loss": 0.013911065645515919,
        "val_mae": 0.08886546641588211,
        "val_r2_score": 0.9938667416572571,
        "val_root_mean_squared_error": 0.11794517934322357,
        "train_time": 49.833744049072266
    }
}