{
    "parameters": {
        "num_layers": 2,
        "num_neurons": 64,
        "num_epochs": 500,
        "learning_rate": 0.0005,
        "use_batch_norm": true,
        "use_dropout": true,
        "batch_size": 128
    },
    "results": {
        "loss": 0.11982566118240356,
        "mae": 0.2700293958187103,
        "r2_score": 0.9509716629981995,
        "root_mean_squared_error": 0.3461584448814392,
        "val_loss": 0.02806783653795719,
        "val_mae": 0.12468144297599792,
        "val_r2_score": 0.9888473749160767,
        "val_root_mean_squared_error": 0.16753458976745605,
        "train_time": 37.71507287025452
    }
}