{
    "parameters": {
        "mf_type": "Generalized Bell",
        "num_mfs": 2,
        "learning_rate": 0.001,
        "batch_size": 128,
        "num_epochs": 100
    },
    "results": {
        "loss": 0.10447332262992859,
        "mae": 0.25921013951301575,
        "root_mean_squared_error": 0.3232233226299286,
        "val_loss": 0.1001666933298111,
        "val_mae": 0.24851246178150177,
        "val_root_mean_squared_error": 0.3164912164211273,
        "train_time": 8.453099012374878
    }
}