{
    "parameters": {
        "num_layers": 2,
        "num_neurons": 128,
        "num_epochs": 500,
        "learning_rate": 0.001,
        "use_batch_norm": true,
        "use_dropout": true,
        "batch_size": 160
    },
    "results": {
        "loss": 0.06668753921985626,
        "mae": 0.2012234926223755,
        "r2_score": 0.9727425575256348,
        "root_mean_squared_error": 0.2582392990589142,
        "val_loss": 0.008808492682874203,
        "val_mae": 0.06903490424156189,
        "val_r2_score": 0.9963804483413696,
        "val_root_mean_squared_error": 0.09385357052087784,
        "train_time": 36.85568881034851
    }
}