{
    "parameters": {
        "num_layers": 2,
        "num_neurons": 128,
        "num_epochs": 500,
        "learning_rate": 0.001,
        "use_batch_norm": true,
        "use_dropout": true,
        "batch_size": 160
    },
    "results": {
        "loss": 0.06118516996502876,
        "mae": 0.1915358453989029,
        "r2_score": 0.9721255302429199,
        "root_mean_squared_error": 0.2473563551902771,
        "val_loss": 0.015712687745690346,
        "val_mae": 0.10278551280498505,
        "val_r2_score": 0.9926713109016418,
        "val_root_mean_squared_error": 0.12535026669502258,
        "train_time": 47.65075993537903
    }
}