{
    "parameters": {
        "num_layers": 2,
        "num_neurons": 128,
        "num_epochs": 500,
        "learning_rate": 0.001,
        "use_batch_norm": true,
        "use_dropout": true,
        "batch_size": 160
    },
    "results": {
        "loss": 0.049380067735910416,
        "mae": 0.17113299667835236,
        "r2_score": 0.9772630929946899,
        "root_mean_squared_error": 0.22221626341342926,
        "val_loss": 0.006731709931045771,
        "val_mae": 0.058493804186582565,
        "val_r2_score": 0.9969961643218994,
        "val_root_mean_squared_error": 0.0820470005273819,
        "train_time": 46.74690294265747
    }
}