{
    "parameters": {
        "num_layers": 2,
        "num_neurons": 112,
        "num_epochs": 500,
        "learning_rate": 0.001,
        "use_batch_norm": true,
        "use_dropout": true,
        "batch_size": 192
    },
    "results": {
        "loss": 0.0680750384926796,
        "mae": 0.20417526364326477,
        "r2_score": 0.9721753597259521,
        "root_mean_squared_error": 0.2609119415283203,
        "val_loss": 0.014270075596868992,
        "val_mae": 0.08853630721569061,
        "val_r2_score": 0.9941361546516418,
        "val_root_mean_squared_error": 0.1194574236869812,
        "train_time": 34.86106562614441
    }
}