{
    "parameters": {
        "num_layers": 2,
        "num_neurons": 112,
        "num_epochs": 500,
        "learning_rate": 0.001,
        "use_batch_norm": true,
        "use_dropout": true,
        "batch_size": 192
    },
    "results": {
        "loss": 0.050397567451000214,
        "mae": 0.17203761637210846,
        "r2_score": 0.9767944812774658,
        "root_mean_squared_error": 0.22449402511119843,
        "val_loss": 0.009114373475313187,
        "val_mae": 0.06921567022800446,
        "val_r2_score": 0.995932936668396,
        "val_root_mean_squared_error": 0.09546922892332077,
        "train_time": 44.46356987953186
    }
}