{
    "parameters": {
        "num_layers": 2,
        "num_neurons": 64,
        "num_epochs": 500,
        "learning_rate": 0.001,
        "use_batch_norm": true,
        "use_dropout": true,
        "batch_size": 256
    },
    "results": {
        "loss": 0.05920390784740448,
        "mae": 0.1840611845254898,
        "r2_score": 0.972739577293396,
        "root_mean_squared_error": 0.24331852793693542,
        "val_loss": 0.025787074118852615,
        "val_mae": 0.11225545406341553,
        "val_r2_score": 0.9884932041168213,
        "val_root_mean_squared_error": 0.16058354079723358,
        "train_time": 35.102317333221436
    }
}