{
    "parameters": {
        "num_layers": 2,
        "num_neurons": 64,
        "num_epochs": 500,
        "learning_rate": 0.001,
        "use_batch_norm": true,
        "use_dropout": true,
        "batch_size": 256
    },
    "results": {
        "loss": 0.07488996535539627,
        "mae": 0.21002903580665588,
        "r2_score": 0.9658818244934082,
        "root_mean_squared_error": 0.2736603021621704,
        "val_loss": 0.026552770286798477,
        "val_mae": 0.12261657416820526,
        "val_r2_score": 0.9876153469085693,
        "val_root_mean_squared_error": 0.16295020282268524,
        "train_time": 36.04771947860718
    }
}