{
    "parameters": {
        "num_layers": 2,
        "num_neurons": 64,
        "num_epochs": 500,
        "learning_rate": 0.001,
        "use_batch_norm": true,
        "use_dropout": true,
        "batch_size": 256
    },
    "results": {
        "loss": 0.09859824180603027,
        "mae": 0.24131372570991516,
        "r2_score": 0.9596995711326599,
        "root_mean_squared_error": 0.3140035569667816,
        "val_loss": 0.026466524228453636,
        "val_mae": 0.11853133887052536,
        "val_r2_score": 0.9891244769096375,
        "val_root_mean_squared_error": 0.1626853495836258,
        "train_time": 28.911315202713013
    }
}