{
    "parameters": {
        "mf_type": "Generalized Bell",
        "num_mfs": 5,
        "learning_rate": 0.001,
        "batch_size": 64,
        "num_epochs": 100
    },
    "results": {
        "loss": 0.09673276543617249,
        "mae": 0.2503788471221924,
        "root_mean_squared_error": 0.3110189139842987,
        "val_loss": 0.094797782599926,
        "val_mae": 0.24593476951122284,
        "val_root_mean_squared_error": 0.30789247155189514,
        "train_time": 91.48417925834656
    }
}