{
    "parameters": {
        "num_layers": 1,
        "num_neurons": 16,
        "num_epochs": 100,
        "learning_rate": 0.0005,
        "use_batch_norm": true,
        "use_dropout": true,
        "batch_size": 128
    },
    "results": {
        "loss": 0.3407537043094635,
        "mae": 0.44865214824676514,
        "r2_score": 0.8446264266967773,
        "root_mean_squared_error": 0.5837411284446716,
        "val_loss": 0.1217666044831276,
        "val_mae": 0.2597854733467102,
        "val_r2_score": 0.9447861313819885,
        "val_root_mean_squared_error": 0.34895071387290955,
        "train_time": 8.441567182540894
    }
}