{
    "parameters": {
        "num_layers": 1,
        "num_neurons": 16,
        "num_epochs": 100,
        "learning_rate": 0.0005,
        "use_batch_norm": true,
        "use_dropout": true,
        "batch_size": 128
    },
    "results": {
        "loss": 0.31443852186203003,
        "mae": 0.43306073546409607,
        "root_mean_squared_error": 0.5607481598854065,
        "val_loss": 0.08913327753543854,
        "val_mae": 0.24004030227661133,
        "val_root_mean_squared_error": 0.2985519766807556,
        "train_time": 7.3979713916778564
    }
}