{
    "parameters": {
        "mf_type": "Generalized Bell",
        "num_mfs": 4,
        "learning_rate": 0.001,
        "batch_size": 32,
        "num_epochs": 250
    },
    "results": {
        "loss": 0.096399687230587,
        "mae": 0.25053614377975464,
        "r2_score": 0.9606533646583557,
        "root_mean_squared_error": 0.3104829788208008,
        "val_loss": 0.09265781193971634,
        "val_mae": 0.24368193745613098,
        "val_r2_score": 0.9624685049057007,
        "val_root_mean_squared_error": 0.30439746379852295,
        "train_time": 109.61949133872986
    }
}