{
    "parameters": {
        "mf_type": "Generalized Bell",
        "num_mfs": 2,
        "learning_rate": 0.0001,
        "batch_size": 32,
        "num_epochs": 250
    },
    "results": {
        "loss": 0.10176894068717957,
        "mae": 0.25789758563041687,
        "root_mean_squared_error": 0.31901243329048157,
        "val_loss": 0.09952351450920105,
        "val_mae": 0.2535424530506134,
        "val_root_mean_squared_error": 0.3154734671115875,
        "train_time": 40.90005278587341
    }
}