{
    "parameters": {
        "mf_type": "Gaussian",
        "num_mfs": 5,
        "learning_rate": 0.0001,
        "batch_size": 32,
        "num_epochs": 100
    },
    "results": {
        "loss": 3.1200435161590576,
        "mae": 1.7365309000015259,
        "root_mean_squared_error": 1.7663644552230835,
        "val_loss": 3.033039093017578,
        "val_mae": 1.712388515472412,
        "val_root_mean_squared_error": 1.7415622472763062,
        "train_time": 82.71871161460876
    }
}