{
    "parameters": {
        "num_layers": 2,
        "num_neurons": 64,
        "num_epochs": 500,
        "learning_rate": 0.001,
        "use_batch_norm": true,
        "use_dropout": true,
        "batch_size": 128
    },
    "results": {
        "loss": 0.08044808357954025,
        "mae": 0.21838118135929108,
        "root_mean_squared_error": 0.2836337089538574,
        "val_loss": 0.029206955805420876,
        "val_mae": 0.1314968317747116,
        "val_root_mean_squared_error": 0.17090041935443878,
        "train_time": 48.5368812084198
    }
}