{
    "parameters": {
        "num_layers": 1,
        "num_neurons": 16,
        "num_epochs": 250,
        "learning_rate": 0.0001,
        "use_batch_norm": true,
        "use_dropout": true,
        "batch_size": 128
    },
    "results": {
        "loss": 0.31347498297691345,
        "mae": 0.4310179054737091,
        "r2_score": 0.8578638434410095,
        "root_mean_squared_error": 0.5598883628845215,
        "val_loss": 0.07220249623060226,
        "val_mae": 0.21763500571250916,
        "val_r2_score": 0.9681666493415833,
        "val_root_mean_squared_error": 0.26870521903038025,
        "train_time": 18.732157945632935
    }
}