{
    "parameters": {
        "num_layers": 1,
        "num_neurons": 16,
        "num_epochs": 250,
        "learning_rate": 0.0001,
        "use_batch_norm": true,
        "use_dropout": true,
        "batch_size": 128
    },
    "results": {
        "loss": 0.40398940443992615,
        "mae": 0.4884405732154846,
        "r2_score": 0.8347020745277405,
        "root_mean_squared_error": 0.6356015801429749,
        "val_loss": 0.10179796069860458,
        "val_mae": 0.26082369685173035,
        "val_r2_score": 0.9595510959625244,
        "val_root_mean_squared_error": 0.3190579414367676,
        "train_time": 15.313875913619995
    }
}