{
    "parameters": {
        "mf_type": "Generalized Bell",
        "num_mfs": 4,
        "learning_rate": 0.0005,
        "batch_size": 128,
        "num_epochs": 500
    },
    "results": {
        "loss": 0.09212584793567657,
        "mae": 0.2431555539369583,
        "r2_score": 0.9623978734016418,
        "root_mean_squared_error": 0.30352240800857544,
        "val_loss": 0.08928259462118149,
        "val_mae": 0.2384888231754303,
        "val_r2_score": 0.963835597038269,
        "val_root_mean_squared_error": 0.2988019287586212,
        "train_time": 302.3282244205475
    }
}