{
    "parameters": {
        "mf_type": "Smoothed Triangular",
        "num_mfs": 4,
        "learning_rate": 0.0001,
        "batch_size": 128,
        "num_epochs": 500
    },
    "results": {
        "loss": 19.731285095214844,
        "mae": 4.162198543548584,
        "root_mean_squared_error": 4.441991329193115,
        "val_loss": 19.508834838867188,
        "val_mae": 4.137509346008301,
        "val_root_mean_squared_error": 4.4168806076049805,
        "train_time": 162.0697214603424
    }
}