{
    "parameters": {
        "mf_type": "Generalized Bell",
        "num_mfs": 3,
        "learning_rate": 0.0005,
        "batch_size": 64,
        "num_epochs": 250
    },
    "results": {
        "loss": 0.09764648973941803,
        "mae": 0.25197046995162964,
        "root_mean_squared_error": 0.31248438358306885,
        "val_loss": 0.09488367289304733,
        "val_mae": 0.24560382962226868,
        "val_root_mean_squared_error": 0.30803194642066956,
        "train_time": 38.97133016586304
    }
}