{
    "parameters": {
        "num_layers": 1,
        "num_neurons": 64,
        "num_epochs": 250,
        "learning_rate": 0.0001,
        "use_batch_norm": true,
        "use_dropout": true,
        "batch_size": 64
    },
    "results": {
        "loss": 0.18035343289375305,
        "mae": 0.3324126601219177,
        "r2_score": 0.917763888835907,
        "root_mean_squared_error": 0.4246803820133209,
        "val_loss": 0.06071567162871361,
        "val_mae": 0.19655004143714905,
        "val_r2_score": 0.9724690318107605,
        "val_root_mean_squared_error": 0.2464054971933365,
        "train_time": 33.17960524559021
    }
}