{
    "parameters": {
        "num_layers": 1,
        "num_neurons": 64,
        "num_epochs": 250,
        "learning_rate": 0.0001,
        "use_batch_norm": true,
        "use_dropout": true,
        "batch_size": 64
    },
    "results": {
        "loss": 0.2113684117794037,
        "mae": 0.362290620803833,
        "r2_score": 0.9135158061981201,
        "root_mean_squared_error": 0.45974820852279663,
        "val_loss": 0.0713832750916481,
        "val_mae": 0.21678076684474945,
        "val_r2_score": 0.9716362357139587,
        "val_root_mean_squared_error": 0.26717647910118103,
        "train_time": 21.0491144657135
    }
}