{
    "parameters": {
        "num_layers": 1,
        "num_neurons": 64,
        "num_epochs": 250,
        "learning_rate": 0.0001,
        "use_batch_norm": true,
        "use_dropout": true,
        "batch_size": 64
    },
    "results": {
        "loss": 0.14809611439704895,
        "mae": 0.30417412519454956,
        "r2_score": 0.9328505396842957,
        "root_mean_squared_error": 0.38483259081840515,
        "val_loss": 0.04202088341116905,
        "val_mae": 0.16330114006996155,
        "val_r2_score": 0.981473445892334,
        "val_root_mean_squared_error": 0.204989954829216,
        "train_time": 30.15099811553955
    }
}