{
    "parameters": {
        "mf_type": "Smoothed Triangular",
        "num_mfs": 3,
        "learning_rate": 0.0005,
        "batch_size": 64,
        "num_epochs": 500
    },
    "results": {
        "loss": 20.565452575683594,
        "mae": 4.2563066482543945,
        "root_mean_squared_error": 4.534914970397949,
        "val_loss": 20.33607292175293,
        "val_mae": 4.231232643127441,
        "val_root_mean_squared_error": 4.5095534324646,
        "train_time": 82.50065088272095
    }
}