{
    "parameters": {
        "num_layers": 2,
        "num_neurons": 64,
        "num_epochs": 250,
        "learning_rate": 0.0001,
        "use_batch_norm": true,
        "use_dropout": true,
        "batch_size": 128
    },
    "results": {
        "loss": 0.1670965552330017,
        "mae": 0.3167838454246521,
        "root_mean_squared_error": 0.4087744653224945,
        "val_loss": 0.030643289908766747,
        "val_mae": 0.13515245914459229,
        "val_root_mean_squared_error": 0.17505225539207458,
        "train_time": 23.073466062545776
    }
}