{
    "parameters": {
        "num_layers": 2,
        "num_neurons": 16,
        "num_epochs": 100,
        "learning_rate": 0.0001,
        "use_batch_norm": true,
        "use_dropout": true,
        "batch_size": 64
    },
    "results": {
        "loss": 0.4480849504470825,
        "mae": 0.515844464302063,
        "r2_score": 0.7956858277320862,
        "root_mean_squared_error": 0.6693914532661438,
        "val_loss": 0.08038777858018875,
        "val_mae": 0.21988511085510254,
        "val_r2_score": 0.9635488986968994,
        "val_root_mean_squared_error": 0.2835273742675781,
        "train_time": 15.561591148376465
    }
}