{
    "parameters": {
        "num_layers": 2,
        "num_neurons": 16,
        "num_epochs": 100,
        "learning_rate": 0.0001,
        "use_batch_norm": true,
        "use_dropout": true,
        "batch_size": 64
    },
    "results": {
        "loss": 0.5089409351348877,
        "mae": 0.5473671555519104,
        "root_mean_squared_error": 0.7134009599685669,
        "val_loss": 0.09549587965011597,
        "val_mae": 0.23171867430210114,
        "val_root_mean_squared_error": 0.30902406573295593,
        "train_time": 12.859747171401978
    }
}