{
    "parameters": {
        "num_layers": 2,
        "num_neurons": 16,
        "num_epochs": 100,
        "learning_rate": 0.0001,
        "use_batch_norm": true,
        "use_dropout": true,
        "batch_size": 32
    },
    "results": {
        "loss": 0.44180071353912354,
        "mae": 0.5110384225845337,
        "r2_score": 0.7985524535179138,
        "root_mean_squared_error": 0.6646808981895447,
        "val_loss": 0.09746595472097397,
        "val_mae": 0.23635487258434296,
        "val_r2_score": 0.9558050036430359,
        "val_root_mean_squared_error": 0.31219539046287537,
        "train_time": 24.77843952178955
    }
}