{
    "parameters": {
        "num_layers": 2,
        "num_neurons": 80,
        "num_epochs": 500,
        "learning_rate": 0.001,
        "use_batch_norm": true,
        "use_dropout": true,
        "batch_size": 256
    },
    "results": {
        "loss": 0.059576719999313354,
        "mae": 0.18646010756492615,
        "r2_score": 0.9725679159164429,
        "root_mean_squared_error": 0.244083434343338,
        "val_loss": 0.011948918923735619,
        "val_mae": 0.08365985751152039,
        "val_r2_score": 0.9946681261062622,
        "val_root_mean_squared_error": 0.10931111127138138,
        "train_time": 35.850528717041016
    }
}