{
    "parameters": {
        "num_layers": 2,
        "num_neurons": 80,
        "num_epochs": 500,
        "learning_rate": 0.001,
        "use_batch_norm": true,
        "use_dropout": true,
        "batch_size": 256
    },
    "results": {
        "loss": 0.08668889850378036,
        "mae": 0.22797980904579163,
        "r2_score": 0.9645673036575317,
        "root_mean_squared_error": 0.2944297790527344,
        "val_loss": 0.018834197893738747,
        "val_mae": 0.10330688208341599,
        "val_r2_score": 0.9922606945037842,
        "val_root_mean_squared_error": 0.13723774254322052,
        "train_time": 29.63913583755493
    }
}