{
    "parameters": {
        "num_layers": 1,
        "num_neurons": 32,
        "num_epochs": 250,
        "learning_rate": 0.001,
        "use_batch_norm": true,
        "use_dropout": true,
        "batch_size": 128
    },
    "results": {
        "loss": 0.13757425546646118,
        "mae": 0.28916776180267334,
        "r2_score": 0.9372702836990356,
        "root_mean_squared_error": 0.37091004848480225,
        "val_loss": 0.06165805086493492,
        "val_mae": 0.19418440759181976,
        "val_r2_score": 0.9720417261123657,
        "val_root_mean_squared_error": 0.248310387134552,
        "train_time": 19.467198610305786
    }
}