{
    "parameters": {
        "num_layers": 1,
        "num_neurons": 32,
        "num_epochs": 250,
        "learning_rate": 0.001,
        "use_batch_norm": true,
        "use_dropout": true,
        "batch_size": 128
    },
    "results": {
        "loss": 0.1250307261943817,
        "mae": 0.2760310173034668,
        "r2_score": 0.9433084726333618,
        "root_mean_squared_error": 0.35359683632850647,
        "val_loss": 0.05208691954612732,
        "val_mae": 0.18189965188503265,
        "val_r2_score": 0.977035403251648,
        "val_root_mean_squared_error": 0.22822558879852295,
        "train_time": 18.762844562530518
    }
}