{
    "parameters": {
        "num_layers": 1,
        "num_neurons": 32,
        "num_epochs": 250,
        "learning_rate": 0.001,
        "use_batch_norm": true,
        "use_dropout": true,
        "batch_size": 128
    },
    "results": {
        "loss": 0.17168186604976654,
        "mae": 0.3233974874019623,
        "r2_score": 0.9297540187835693,
        "root_mean_squared_error": 0.4143451154232025,
        "val_loss": 0.08798760920763016,
        "val_mae": 0.24206967651844025,
        "val_r2_score": 0.965038537979126,
        "val_root_mean_squared_error": 0.2966270446777344,
        "train_time": 15.673423528671265
    }
}