{
    "parameters": {
        "mf_type": "Gaussian",
        "num_mfs": 4,
        "learning_rate": 0.0005,
        "batch_size": 128,
        "num_epochs": 100
    },
    "results": {
        "loss": 1.426908016204834,
        "mae": 1.147628664970398,
        "root_mean_squared_error": 1.1945325136184692,
        "val_loss": 1.3590985536575317,
        "val_mae": 1.1185884475708008,
        "val_root_mean_squared_error": 1.1658037900924683,
        "train_time": 32.61670160293579
    }
}