{
    "parameters": {
        "num_layers": 2,
        "num_neurons": 16,
        "num_epochs": 500,
        "learning_rate": 0.001,
        "use_batch_norm": true,
        "use_dropout": true,
        "batch_size": 128
    },
    "results": {
        "loss": 0.15729664266109467,
        "mae": 0.3007873594760895,
        "r2_score": 0.9282773733139038,
        "root_mean_squared_error": 0.3966064155101776,
        "val_loss": 0.0760437548160553,
        "val_mae": 0.19885583221912384,
        "val_r2_score": 0.9655187129974365,
        "val_root_mean_squared_error": 0.27576032280921936,
        "train_time": 44.36859059333801
    }
}