{
    "parameters": {
        "num_layers": 2,
        "num_neurons": 16,
        "num_epochs": 500,
        "learning_rate": 0.001,
        "use_batch_norm": true,
        "use_dropout": true,
        "batch_size": 128
    },
    "results": {
        "loss": 0.15925922989845276,
        "mae": 0.30358627438545227,
        "root_mean_squared_error": 0.3990729749202728,
        "val_loss": 0.12693428993225098,
        "val_mae": 0.2598060667514801,
        "val_root_mean_squared_error": 0.3562783896923065,
        "train_time": 43.4678008556366
    }
}