{
    "parameters": {
        "num_layers": 3,
        "num_neurons": 128,
        "num_epochs": 500,
        "learning_rate": 0.001,
        "use_batch_norm": true,
        "use_dropout": true,
        "batch_size": 256
    },
    "results": {
        "loss": 0.04972441494464874,
        "mae": 0.16909772157669067,
        "r2_score": 0.9771044254302979,
        "root_mean_squared_error": 0.22298972308635712,
        "val_loss": 0.017589611932635307,
        "val_mae": 0.09327396750450134,
        "val_r2_score": 0.9921510815620422,
        "val_root_mean_squared_error": 0.13262583315372467,
        "train_time": 53.87439560890198
    }
}