{
    "parameters": {
        "num_layers": 3,
        "num_neurons": 128,
        "num_epochs": 500,
        "learning_rate": 0.001,
        "use_batch_norm": true,
        "use_dropout": true,
        "batch_size": 256
    },
    "results": {
        "loss": 0.0643056333065033,
        "mae": 0.1966993808746338,
        "r2_score": 0.973716139793396,
        "root_mean_squared_error": 0.253585547208786,
        "val_loss": 0.01162427756935358,
        "val_mae": 0.07682114839553833,
        "val_r2_score": 0.9952234029769897,
        "val_root_mean_squared_error": 0.1078159436583519,
        "train_time": 41.57391405105591
    }
}