{
    "parameters": {
        "mf_type": "Gaussian",
        "num_mfs": 5,
        "learning_rate": 0.0001,
        "batch_size": 32,
        "num_epochs": 500
    },
    "results": {
        "loss": 0.09885785728693008,
        "mae": 0.2543749511241913,
        "root_mean_squared_error": 0.31441670656204224,
        "val_loss": 0.09524858742952347,
        "val_mae": 0.24504514038562775,
        "val_root_mean_squared_error": 0.30862370133399963,
        "train_time": 383.4592728614807
    }
}