{
    "parameters": {
        "num_layers": 2,
        "num_neurons": 16,
        "num_epochs": 500,
        "learning_rate": 0.0001,
        "use_batch_norm": true,
        "use_dropout": true,
        "batch_size": 32
    },
    "results": {
        "loss": 0.3259296715259552,
        "mae": 0.44628942012786865,
        "r2_score": 0.8666423559188843,
        "root_mean_squared_error": 0.5709025263786316,
        "val_loss": 0.09725438058376312,
        "val_mae": 0.25200480222702026,
        "val_r2_score": 0.961356520652771,
        "val_root_mean_squared_error": 0.31185635924339294,
        "train_time": 75.44929051399231
    }
}