{
    "parameters": {
        "num_layers": 2,
        "num_neurons": 16,
        "num_epochs": 500,
        "learning_rate": 0.0001,
        "use_batch_norm": true,
        "use_dropout": true,
        "batch_size": 32
    },
    "results": {
        "loss": 0.23835672438144684,
        "mae": 0.37913015484809875,
        "r2_score": 0.8919253945350647,
        "root_mean_squared_error": 0.48821792006492615,
        "val_loss": 0.06230703741312027,
        "val_mae": 0.19686734676361084,
        "val_r2_score": 0.972529411315918,
        "val_root_mean_squared_error": 0.24961377680301666,
        "train_time": 106.95237016677856
    }
}