{
    "parameters": {
        "num_layers": 1,
        "num_neurons": 16,
        "num_epochs": 100,
        "learning_rate": 0.001,
        "use_batch_norm": true,
        "use_dropout": true,
        "batch_size": 64
    },
    "results": {
        "loss": 0.2524876296520233,
        "mae": 0.38806387782096863,
        "r2_score": 0.8966915011405945,
        "root_mean_squared_error": 0.5024814605712891,
        "val_loss": 0.10021625459194183,
        "val_mae": 0.2608691155910492,
        "val_r2_score": 0.9601796269416809,
        "val_root_mean_squared_error": 0.3165695071220398,
        "train_time": 8.50825834274292
    }
}