{
    "parameters": {
        "num_layers": 1,
        "num_neurons": 16,
        "num_epochs": 100,
        "learning_rate": 0.001,
        "use_batch_norm": true,
        "use_dropout": true,
        "batch_size": 64
    },
    "results": {
        "loss": 0.18782936036586761,
        "mae": 0.3346858024597168,
        "r2_score": 0.914834201335907,
        "root_mean_squared_error": 0.43339285254478455,
        "val_loss": 0.06665855646133423,
        "val_mae": 0.2102912962436676,
        "val_r2_score": 0.9706109166145325,
        "val_root_mean_squared_error": 0.25818318128585815,
        "train_time": 11.950500965118408
    }
}