{
    "parameters": {
        "mf_type": "Generalized Bell",
        "num_mfs": 5,
        "learning_rate": 0.0001,
        "batch_size": 32,
        "num_epochs": 100
    },
    "results": {
        "loss": 2.6545307636260986,
        "mae": 1.595703363418579,
        "root_mean_squared_error": 1.6292730569839478,
        "val_loss": 2.5728981494903564,
        "val_mae": 1.5711413621902466,
        "val_root_mean_squared_error": 1.6040256023406982,
        "train_time": 88.17624497413635
    }
}