{
    "parameters": {
        "num_layers": 1,
        "num_neurons": 16,
        "num_epochs": 250,
        "learning_rate": 0.001,
        "use_batch_norm": true,
        "use_dropout": true,
        "batch_size": 64
    },
    "results": {
        "loss": 0.1683758646249771,
        "mae": 0.31723347306251526,
        "root_mean_squared_error": 0.41033628582954407,
        "val_loss": 0.07705529034137726,
        "val_mae": 0.22524212300777435,
        "val_root_mean_squared_error": 0.2775883376598358,
        "train_time": 27.14948844909668
    }
}