{
    "parameters": {
        "num_layers": 1,
        "num_neurons": 16,
        "num_epochs": 100,
        "learning_rate": 0.0005,
        "use_batch_norm": true,
        "use_dropout": true,
        "batch_size": 128
    },
    "results": {
        "loss": 0.2851702570915222,
        "mae": 0.4104183614253998,
        "r2_score": 0.8706973791122437,
        "root_mean_squared_error": 0.5340133309364319,
        "val_loss": 0.06724291294813156,
        "val_mae": 0.20843122899532318,
        "val_r2_score": 0.9703533053398132,
        "val_root_mean_squared_error": 0.25931239128112793,
        "train_time": 8.207499742507935
    }
}