{
    "parameters": {
        "num_layers": 1,
        "num_neurons": 16,
        "num_epochs": 100,
        "learning_rate": 0.0005,
        "use_batch_norm": true,
        "use_dropout": true,
        "batch_size": 128
    },
    "results": {
        "loss": 0.3765600323677063,
        "mae": 0.4698025584220886,
        "r2_score": 0.8459256887435913,
        "root_mean_squared_error": 0.6136448979377747,
        "val_loss": 0.10585086792707443,
        "val_mae": 0.2678449749946594,
        "val_r2_score": 0.9579406380653381,
        "val_root_mean_squared_error": 0.32534730434417725,
        "train_time": 6.6165993213653564
    }
}