{
    "parameters": {
        "num_layers": 1,
        "num_neurons": 32,
        "num_epochs": 100,
        "learning_rate": 0.0005,
        "use_batch_norm": true,
        "use_dropout": true,
        "batch_size": 64
    },
    "results": {
        "loss": 0.18959257006645203,
        "mae": 0.33852893114089966,
        "r2_score": 0.9140349626541138,
        "root_mean_squared_error": 0.43542230129241943,
        "val_loss": 0.05190880969166756,
        "val_mae": 0.18288442492485046,
        "val_r2_score": 0.9771139621734619,
        "val_root_mean_squared_error": 0.2278350442647934,
        "train_time": 12.098986864089966
    }
}