{
    "parameters": {
        "num_layers": 1,
        "num_neurons": 32,
        "num_epochs": 100,
        "learning_rate": 0.0005,
        "use_batch_norm": true,
        "use_dropout": true,
        "batch_size": 64
    },
    "results": {
        "loss": 0.21732743084430695,
        "mae": 0.36289018392562866,
        "r2_score": 0.9009053111076355,
        "root_mean_squared_error": 0.4661839008331299,
        "val_loss": 0.07542085647583008,
        "val_mae": 0.2230081856250763,
        "val_r2_score": 0.9658011198043823,
        "val_root_mean_squared_error": 0.27462857961654663,
        "train_time": 13.382883548736572
    }
}