{
    "parameters": {
        "num_layers": 1,
        "num_neurons": 32,
        "num_epochs": 100,
        "learning_rate": 0.0005,
        "use_batch_norm": true,
        "use_dropout": true,
        "batch_size": 64
    },
    "results": {
        "loss": 0.24876636266708374,
        "mae": 0.3897077441215515,
        "r2_score": 0.8982139229774475,
        "root_mean_squared_error": 0.49876484274864197,
        "val_loss": 0.08381075412034988,
        "val_mae": 0.2350720912218094,
        "val_r2_score": 0.9666982889175415,
        "val_root_mean_squared_error": 0.2895008623600006,
        "train_time": 8.863890886306763
    }
}