{
    "parameters": {
        "num_layers": 2,
        "num_neurons": 64,
        "num_epochs": 500,
        "learning_rate": 0.0005,
        "use_batch_norm": true,
        "use_dropout": true,
        "batch_size": 32
    },
    "results": {
        "loss": 0.1413630098104477,
        "mae": 0.2978018820285797,
        "r2_score": 0.9421596527099609,
        "root_mean_squared_error": 0.37598273158073425,
        "val_loss": 0.022540545091032982,
        "val_mae": 0.11441605538129807,
        "val_r2_score": 0.9910436272621155,
        "val_root_mean_squared_error": 0.1501350849866867,
        "train_time": 78.75852394104004
    }
}