{
    "parameters": {
        "num_layers": 2,
        "num_neurons": 64,
        "num_epochs": 500,
        "learning_rate": 0.0005,
        "use_batch_norm": true,
        "use_dropout": true,
        "batch_size": 32
    },
    "results": {
        "loss": 0.14514052867889404,
        "mae": 0.2993606626987457,
        "r2_score": 0.9338208436965942,
        "root_mean_squared_error": 0.38097313046455383,
        "val_loss": 0.03339165076613426,
        "val_mae": 0.13367964327335358,
        "val_r2_score": 0.9848588705062866,
        "val_root_mean_squared_error": 0.18273381888866425,
        "train_time": 121.4754753112793
    }
}