{
    "parameters": {
        "num_layers": 2,
        "num_neurons": 64,
        "num_epochs": 500,
        "learning_rate": 0.0005,
        "use_batch_norm": true,
        "use_dropout": true,
        "batch_size": 32
    },
    "results": {
        "loss": 0.12704922258853912,
        "mae": 0.28053101897239685,
        "r2_score": 0.9423928260803223,
        "root_mean_squared_error": 0.35643965005874634,
        "val_loss": 0.013882014900445938,
        "val_mae": 0.09041759371757507,
        "val_r2_score": 0.9938795566558838,
        "val_root_mean_squared_error": 0.11782196164131165,
        "train_time": 105.8017168045044
    }
}