{
    "parameters": {
        "num_layers": 2,
        "num_neurons": 96,
        "num_epochs": 500,
        "learning_rate": 0.001,
        "use_batch_norm": true,
        "use_dropout": true,
        "batch_size": 128
    },
    "results": {
        "loss": 0.06638923287391663,
        "mae": 0.19789977371692657,
        "r2_score": 0.9697545766830444,
        "root_mean_squared_error": 0.2576610743999481,
        "val_loss": 0.011061054654419422,
        "val_mae": 0.08226878196001053,
        "val_r2_score": 0.9948409199714661,
        "val_root_mean_squared_error": 0.10517154633998871,
        "train_time": 51.96590828895569
    }
}