{
    "parameters": {
        "num_layers": 2,
        "num_neurons": 96,
        "num_epochs": 500,
        "learning_rate": 0.001,
        "use_batch_norm": true,
        "use_dropout": true,
        "batch_size": 128
    },
    "results": {
        "loss": 0.08168753236532211,
        "mae": 0.22477290034294128,
        "r2_score": 0.9666115045547485,
        "root_mean_squared_error": 0.28581032156944275,
        "val_loss": 0.010710334405303001,
        "val_mae": 0.07668022811412811,
        "val_r2_score": 0.9955989122390747,
        "val_root_mean_squared_error": 0.10349074751138687,
        "train_time": 39.708484411239624
    }
}