{
    "parameters": {
        "num_layers": 2,
        "num_neurons": 96,
        "num_epochs": 500,
        "learning_rate": 0.001,
        "use_batch_norm": true,
        "use_dropout": true,
        "batch_size": 128
    },
    "results": {
        "loss": 0.05680781602859497,
        "mae": 0.18510198593139648,
        "r2_score": 0.9738429188728333,
        "root_mean_squared_error": 0.23834390938282013,
        "val_loss": 0.007452661637216806,
        "val_mae": 0.06570623070001602,
        "val_r2_score": 0.9966744184494019,
        "val_root_mean_squared_error": 0.08632879704236984,
        "train_time": 52.26579403877258
    }
}