{
    "parameters": {
        "num_layers": 1,
        "num_neurons": 16,
        "num_epochs": 500,
        "learning_rate": 0.0001,
        "use_batch_norm": true,
        "use_dropout": true,
        "batch_size": 128
    },
    "results": {
        "loss": 0.23964263498783112,
        "mae": 0.3752804696559906,
        "r2_score": 0.8913412094116211,
        "root_mean_squared_error": 0.48953306674957275,
        "val_loss": 0.06953476369380951,
        "val_mae": 0.21302026510238647,
        "val_r2_score": 0.969342827796936,
        "val_root_mean_squared_error": 0.2636944651603699,
        "train_time": 37.48345327377319
    }
}