{
    "parameters": {
        "num_layers": 1,
        "num_neurons": 16,
        "num_epochs": 500,
        "learning_rate": 0.0001,
        "use_batch_norm": true,
        "use_dropout": true,
        "batch_size": 128
    },
    "results": {
        "loss": 0.3032130300998688,
        "mae": 0.4239242970943451,
        "r2_score": 0.8759361505508423,
        "root_mean_squared_error": 0.5506478548049927,
        "val_loss": 0.1002117246389389,
        "val_mae": 0.25990432500839233,
        "val_r2_score": 0.9601813554763794,
        "val_root_mean_squared_error": 0.31656235456466675,
        "train_time": 30.350087642669678
    }
}