{
    "parameters": {
        "num_layers": 1,
        "num_neurons": 16,
        "num_epochs": 500,
        "learning_rate": 0.0001,
        "use_batch_norm": true,
        "use_dropout": true,
        "batch_size": 128
    },
    "results": {
        "loss": 0.26802682876586914,
        "mae": 0.39922213554382324,
        "r2_score": 0.8777879476547241,
        "root_mean_squared_error": 0.5177130699157715,
        "val_loss": 0.08324360102415085,
        "val_mae": 0.23251906037330627,
        "val_r2_score": 0.962253987789154,
        "val_root_mean_squared_error": 0.2885196805000305,
        "train_time": 39.66198539733887
    }
}