{
    "parameters": {
        "mf_type": "Gaussian",
        "num_mfs": 3,
        "learning_rate": 0.001,
        "batch_size": 128,
        "num_epochs": 250
    },
    "results": {
        "loss": 0.09964538365602493,
        "mae": 0.25545990467071533,
        "root_mean_squared_error": 0.3156665563583374,
        "val_loss": 0.0959639698266983,
        "val_mae": 0.2463567852973938,
        "val_root_mean_squared_error": 0.3097805082798004,
        "train_time": 28.30003523826599
    }
}