{
    "parameters": {
        "num_layers": 2,
        "num_neurons": 16,
        "num_epochs": 250,
        "learning_rate": 0.0001,
        "use_batch_norm": true,
        "use_dropout": true,
        "batch_size": 32
    },
    "results": {
        "loss": 0.4095396101474762,
        "mae": 0.4967467486858368,
        "r2_score": 0.8324311375617981,
        "root_mean_squared_error": 0.6399528384208679,
        "val_loss": 0.09621163457632065,
        "val_mae": 0.2525339722633362,
        "val_r2_score": 0.9617708325386047,
        "val_root_mean_squared_error": 0.31018000841140747,
        "train_time": 38.6494197845459
    }
}