{
    "parameters": {
        "num_layers": 2,
        "num_neurons": 16,
        "num_epochs": 250,
        "learning_rate": 0.0001,
        "use_batch_norm": true,
        "use_dropout": true,
        "batch_size": 32
    },
    "results": {
        "loss": 0.31998804211616516,
        "mae": 0.4357318878173828,
        "r2_score": 0.8549108505249023,
        "root_mean_squared_error": 0.5656748414039612,
        "val_loss": 0.05585859715938568,
        "val_mae": 0.18826504051685333,
        "val_r2_score": 0.9753724932670593,
        "val_root_mean_squared_error": 0.23634423315525055,
        "train_time": 76.76672267913818
    }
}