{
    "parameters": {
        "num_layers": 2,
        "num_neurons": 16,
        "num_epochs": 250,
        "learning_rate": 0.0001,
        "use_batch_norm": true,
        "use_dropout": true,
        "batch_size": 32
    },
    "results": {
        "loss": 0.3150791525840759,
        "mae": 0.4315321743488312,
        "r2_score": 0.8563330173492432,
        "root_mean_squared_error": 0.56131911277771,
        "val_loss": 0.06642414629459381,
        "val_mae": 0.1993730664253235,
        "val_r2_score": 0.9698805809020996,
        "val_root_mean_squared_error": 0.25772881507873535,
        "train_time": 64.6621925830841
    }
}