{
    "parameters": {
        "num_layers": 2,
        "num_neurons": 64,
        "num_epochs": 100,
        "learning_rate": 0.0001,
        "use_batch_norm": true,
        "use_dropout": true,
        "batch_size": 64
    },
    "results": {
        "loss": 0.25320154428482056,
        "mae": 0.39356380701065063,
        "r2_score": 0.8845480680465698,
        "root_mean_squared_error": 0.503191351890564,
        "val_loss": 0.041436389088630676,
        "val_mae": 0.1572512686252594,
        "val_r2_score": 0.9812110662460327,
        "val_root_mean_squared_error": 0.2035592943429947,
        "train_time": 16.106449842453003
    }
}