{
    "parameters": {
        "mf_type": "Gaussian",
        "num_mfs": 4,
        "learning_rate": 0.0005,
        "batch_size": 64,
        "num_epochs": 500
    },
    "results": {
        "loss": 0.09701208025217056,
        "mae": 0.25207555294036865,
        "r2_score": 0.960403561592102,
        "root_mean_squared_error": 0.31146761775016785,
        "val_loss": 0.09418817609548569,
        "val_mae": 0.24640709161758423,
        "val_r2_score": 0.9618485569953918,
        "val_root_mean_squared_error": 0.30690091848373413,
        "train_time": 170.6182246208191
    }
}