{
    "parameters": {
        "num_layers": 4,
        "num_neurons": 96,
        "num_epochs": 500,
        "learning_rate": 0.001,
        "use_batch_norm": true,
        "use_dropout": true,
        "batch_size": 256
    },
    "results": {
        "loss": 0.08682429045438766,
        "mae": 0.22613677382469177,
        "r2_score": 0.9645119905471802,
        "root_mean_squared_error": 0.2946596145629883,
        "val_loss": 0.011044028215110302,
        "val_mae": 0.07765411585569382,
        "val_r2_score": 0.9954618215560913,
        "val_root_mean_squared_error": 0.10509057343006134,
        "train_time": 41.59816074371338
    }
}