{
    "parameters": {
        "num_layers": 4,
        "num_neurons": 96,
        "num_epochs": 500,
        "learning_rate": 0.001,
        "use_batch_norm": true,
        "use_dropout": true,
        "batch_size": 256
    },
    "results": {
        "loss": 0.05636660382151604,
        "mae": 0.18169091641902924,
        "r2_score": 0.974045991897583,
        "root_mean_squared_error": 0.23741652071475983,
        "val_loss": 0.015056081116199493,
        "val_mae": 0.09109684079885483,
        "val_r2_score": 0.9932816028594971,
        "val_root_mean_squared_error": 0.12270322442054749,
        "train_time": 53.8339159488678
    }
}