{
    "parameters": {
        "mf_type": "Gaussian",
        "num_mfs": 2,
        "learning_rate": 0.0001,
        "batch_size": 128,
        "num_epochs": 100
    },
    "results": {
        "loss": 13.454500198364258,
        "mae": 3.46321702003479,
        "root_mean_squared_error": 3.6680376529693604,
        "val_loss": 13.284014701843262,
        "val_mae": 3.4396064281463623,
        "val_root_mean_squared_error": 3.644724130630493,
        "train_time": 7.897531032562256
    }
}