{
    "parameters": {
        "num_layers": 4,
        "num_neurons": 128,
        "num_epochs": 500,
        "learning_rate": 0.001,
        "use_batch_norm": true,
        "use_dropout": true,
        "batch_size": 224
    },
    "results": {
        "loss": 0.05621575564146042,
        "mae": 0.1800404191017151,
        "r2_score": 0.9743893146514893,
        "root_mean_squared_error": 0.23709861934185028,
        "val_loss": 0.010685807093977928,
        "val_mae": 0.08462273329496384,
        "val_r2_score": 0.9950159788131714,
        "val_root_mean_squared_error": 0.10337217897176743,
        "train_time": 69.3655903339386
    }
}