{
    "parameters": {
        "num_layers": 4,
        "num_neurons": 128,
        "num_epochs": 500,
        "learning_rate": 0.001,
        "use_batch_norm": true,
        "use_dropout": true,
        "batch_size": 224
    },
    "results": {
        "loss": 0.0664643719792366,
        "mae": 0.19847500324249268,
        "r2_score": 0.9728338122367859,
        "root_mean_squared_error": 0.25780683755874634,
        "val_loss": 0.009236046113073826,
        "val_mae": 0.0735434964299202,
        "val_r2_score": 0.9962047338485718,
        "val_root_mean_squared_error": 0.09610434621572495,
        "train_time": 50.13313961029053
    }
}