{
    "parameters": {
        "num_layers": 4,
        "num_neurons": 128,
        "num_epochs": 500,
        "learning_rate": 0.001,
        "use_batch_norm": true,
        "use_dropout": true,
        "batch_size": 224
    },
    "results": {
        "loss": 0.043347325176000595,
        "mae": 0.15845529735088348,
        "r2_score": 0.9800407886505127,
        "root_mean_squared_error": 0.20820020139217377,
        "val_loss": 0.005008319858461618,
        "val_mae": 0.05159802362322807,
        "val_r2_score": 0.9977651834487915,
        "val_root_mean_squared_error": 0.07076948136091232,
        "train_time": 69.46629476547241
    }
}