{
    "parameters": {
        "mf_type": "Gaussian",
        "num_mfs": 5,
        "learning_rate": 0.0005,
        "batch_size": 64,
        "num_epochs": 500
    },
    "results": {
        "loss": 0.096865713596344,
        "mae": 0.25149327516555786,
        "root_mean_squared_error": 0.3112325668334961,
        "val_loss": 0.09426243603229523,
        "val_mae": 0.24553553760051727,
        "val_root_mean_squared_error": 0.3070218861103058,
        "train_time": 427.0437650680542
    }
}