{
    "parameters": {
        "num_layers": 1,
        "num_neurons": 16,
        "num_epochs": 250,
        "learning_rate": 0.0001,
        "use_batch_norm": true,
        "use_dropout": true,
        "batch_size": 64
    },
    "results": {
        "loss": 0.34544363617897034,
        "mae": 0.44962841272354126,
        "root_mean_squared_error": 0.5877445340156555,
        "val_loss": 0.1259779930114746,
        "val_mae": 0.2682981789112091,
        "val_root_mean_squared_error": 0.35493379831314087,
        "train_time": 27.63472008705139
    }
}