{
    "parameters": {
        "num_layers": 2,
        "num_neurons": 32,
        "num_epochs": 250,
        "learning_rate": 0.001,
        "use_batch_norm": true,
        "use_dropout": true,
        "batch_size": 128
    },
    "results": {
        "loss": 0.11879582703113556,
        "mae": 0.2636962831020355,
        "r2_score": 0.9458324909210205,
        "root_mean_squared_error": 0.3446677029132843,
        "val_loss": 0.03332988917827606,
        "val_mae": 0.13681873679161072,
        "val_r2_score": 0.984886884689331,
        "val_root_mean_squared_error": 0.18256475031375885,
        "train_time": 24.4222412109375
    }
}