{
    "parameters": {
        "num_layers": 2,
        "num_neurons": 32,
        "num_epochs": 250,
        "learning_rate": 0.001,
        "use_batch_norm": true,
        "use_dropout": true,
        "batch_size": 128
    },
    "results": {
        "loss": 0.16384385526180267,
        "mae": 0.3132997453212738,
        "r2_score": 0.9329613447189331,
        "root_mean_squared_error": 0.40477630496025085,
        "val_loss": 0.06299543380737305,
        "val_mae": 0.19216832518577576,
        "val_r2_score": 0.9749690890312195,
        "val_root_mean_squared_error": 0.2509889006614685,
        "train_time": 17.914146423339844
    }
}