{
    "parameters": {
        "num_layers": 2,
        "num_neurons": 32,
        "num_epochs": 250,
        "learning_rate": 0.001,
        "use_batch_norm": true,
        "use_dropout": true,
        "batch_size": 128
    },
    "results": {
        "loss": 0.11174377799034119,
        "mae": 0.2565210163593292,
        "r2_score": 0.9493330717086792,
        "root_mean_squared_error": 0.33428099751472473,
        "val_loss": 0.0359310507774353,
        "val_mae": 0.1462932974100113,
        "val_r2_score": 0.9841583967208862,
        "val_root_mean_squared_error": 0.1895548701286316,
        "train_time": 22.49903964996338
    }
}