{
    "parameters": {
        "mf_type": "Generalized Bell",
        "num_mfs": 3,
        "learning_rate": 0.0001,
        "batch_size": 128,
        "num_epochs": 250
    },
    "results": {
        "loss": 7.243293762207031,
        "mae": 2.667870044708252,
        "root_mean_squared_error": 2.6913368701934814,
        "val_loss": 7.118590831756592,
        "val_mae": 2.644366502761841,
        "val_root_mean_squared_error": 2.6680686473846436,
        "train_time": 29.893678665161133
    }
}