{
    "parameters": {
        "num_layers": 1,
        "num_neurons": 64,
        "num_epochs": 500,
        "learning_rate": 0.0005,
        "use_batch_norm": true,
        "use_dropout": true,
        "batch_size": 32
    },
    "results": {
        "loss": 0.16355538368225098,
        "mae": 0.31930968165397644,
        "root_mean_squared_error": 0.40441980957984924,
        "val_loss": 0.060242217034101486,
        "val_mae": 0.19297616183757782,
        "val_root_mean_squared_error": 0.24544289708137512,
        "train_time": 94.37802910804749
    }
}