{
    "parameters": {
        "num_layers": 1,
        "num_neurons": 64,
        "num_epochs": 250,
        "learning_rate": 0.001,
        "use_batch_norm": true,
        "use_dropout": true,
        "batch_size": 32
    },
    "results": {
        "loss": 0.16880396008491516,
        "mae": 0.3213483393192291,
        "root_mean_squared_error": 0.41085758805274963,
        "val_loss": 0.07013215124607086,
        "val_mae": 0.21034102141857147,
        "val_root_mean_squared_error": 0.2648247480392456,
        "train_time": 43.27132701873779
    }
}