{
    "parameters": {
        "mf_type": "Generalized Bell",
        "num_mfs": 3,
        "learning_rate": 0.001,
        "batch_size": 32,
        "num_epochs": 500
    },
    "results": {
        "loss": 0.09616710990667343,
        "mae": 0.251450777053833,
        "root_mean_squared_error": 0.3101082146167755,
        "val_loss": 0.09390261024236679,
        "val_mae": 0.24690404534339905,
        "val_root_mean_squared_error": 0.30643531680107117,
        "train_time": 120.18394136428833
    }
}