{
    "parameters": {
        "mf_type": "Generalized Bell",
        "num_mfs": 3,
        "learning_rate": 0.0001,
        "batch_size": 64,
        "num_epochs": 100
    },
    "results": {
        "loss": 7.8622517585754395,
        "mae": 2.7479941844940186,
        "root_mean_squared_error": 2.8039708137512207,
        "val_loss": 7.73875617980957,
        "val_mae": 2.7287089824676514,
        "val_root_mean_squared_error": 2.7818620204925537,
        "train_time": 17.309854745864868
    }
}