{
    "parameters": {
        "num_layers": 2,
        "num_neurons": 32,
        "num_epochs": 500,
        "learning_rate": 0.0005,
        "use_batch_norm": true,
        "use_dropout": true,
        "batch_size": 128
    },
    "results": {
        "loss": 0.12070972472429276,
        "mae": 0.2655923366546631,
        "r2_score": 0.9449597001075745,
        "root_mean_squared_error": 0.34743306040763855,
        "val_loss": 0.05013560876250267,
        "val_mae": 0.16975213587284088,
        "val_r2_score": 0.9772664904594421,
        "val_root_mean_squared_error": 0.22390982508659363,
        "train_time": 47.58204174041748
    }
}