{
    "parameters": {
        "num_layers": 2,
        "num_neurons": 32,
        "num_epochs": 500,
        "learning_rate": 0.0005,
        "use_batch_norm": true,
        "use_dropout": true,
        "batch_size": 128
    },
    "results": {
        "loss": 0.11435700207948685,
        "mae": 0.25903141498565674,
        "root_mean_squared_error": 0.33816713094711304,
        "val_loss": 0.037288617342710495,
        "val_mae": 0.14773441851139069,
        "val_root_mean_squared_error": 0.1931026130914688,
        "train_time": 39.86377668380737
    }
}