{
    "parameters": {
        "num_layers": 2,
        "num_neurons": 32,
        "num_epochs": 500,
        "learning_rate": 0.0001,
        "use_batch_norm": true,
        "use_dropout": true,
        "batch_size": 128
    },
    "results": {
        "loss": 0.1952388882637024,
        "mae": 0.34273192286491394,
        "root_mean_squared_error": 0.4418584406375885,
        "val_loss": 0.038352999836206436,
        "val_mae": 0.14937853813171387,
        "val_root_mean_squared_error": 0.19583922624588013,
        "train_time": 40.814356327056885
    }
}