{
    "parameters": {
        "num_layers": 4,
        "num_neurons": 128,
        "num_epochs": 500,
        "learning_rate": 0.001,
        "use_batch_norm": true,
        "use_dropout": true,
        "batch_size": 160
    },
    "results": {
        "loss": 0.04774688556790352,
        "mae": 0.1674814522266388,
        "r2_score": 0.9780149459838867,
        "root_mean_squared_error": 0.21851061284542084,
        "val_loss": 0.019412022083997726,
        "val_mae": 0.11951817572116852,
        "val_r2_score": 0.9913378953933716,
        "val_root_mean_squared_error": 0.1393270343542099,
        "train_time": 69.17879819869995
    }
}