{
    "parameters": {
        "num_layers": 4,
        "num_neurons": 128,
        "num_epochs": 500,
        "learning_rate": 0.001,
        "use_batch_norm": true,
        "use_dropout": true,
        "batch_size": 160
    },
    "results": {
        "loss": 0.07095462083816528,
        "mae": 0.20649699866771698,
        "r2_score": 0.9709985256195068,
        "root_mean_squared_error": 0.2663730978965759,
        "val_loss": 0.010532194748520851,
        "val_mae": 0.07576555013656616,
        "val_r2_score": 0.9956721663475037,
        "val_root_mean_squared_error": 0.10262648016214371,
        "train_time": 51.18336844444275
    }
}