{
    "parameters": {
        "num_layers": 4,
        "num_neurons": 128,
        "num_epochs": 500,
        "learning_rate": 0.001,
        "use_batch_norm": true,
        "use_dropout": true,
        "batch_size": 160
    },
    "results": {
        "loss": 0.05709582567214966,
        "mae": 0.18371686339378357,
        "r2_score": 0.9739885330200195,
        "root_mean_squared_error": 0.238947331905365,
        "val_loss": 0.007050065323710442,
        "val_mae": 0.061969585716724396,
        "val_r2_score": 0.9967117309570312,
        "val_root_mean_squared_error": 0.08396466821432114,
        "train_time": 71.55149865150452
    }
}