{
    "parameters": {
        "num_layers": 1,
        "num_neurons": 16,
        "num_epochs": 250,
        "learning_rate": 0.0005,
        "use_batch_norm": true,
        "use_dropout": true,
        "batch_size": 128
    },
    "results": {
        "loss": 0.2456887811422348,
        "mae": 0.38468432426452637,
        "r2_score": 0.899473249912262,
        "root_mean_squared_error": 0.49567002058029175,
        "val_loss": 0.10108552873134613,
        "val_mae": 0.26084086298942566,
        "val_r2_score": 0.9598341584205627,
        "val_root_mean_squared_error": 0.31793949007987976,
        "train_time": 15.940130710601807
    }
}