{
    "parameters": {
        "num_layers": 1,
        "num_neurons": 16,
        "num_epochs": 250,
        "learning_rate": 0.0005,
        "use_batch_norm": true,
        "use_dropout": true,
        "batch_size": 128
    },
    "results": {
        "loss": 0.18418771028518677,
        "mae": 0.32944971323013306,
        "r2_score": 0.9164854884147644,
        "root_mean_squared_error": 0.42917096614837646,
        "val_loss": 0.06578537821769714,
        "val_mae": 0.20577873289585114,
        "val_r2_score": 0.9709959030151367,
        "val_root_mean_squared_error": 0.2564866244792938,
        "train_time": 18.867066144943237
    }
}