{
    "parameters": {
        "mf_type": "Gaussian",
        "num_mfs": 3,
        "learning_rate": 0.0005,
        "batch_size": 32,
        "num_epochs": 500
    },
    "results": {
        "loss": 0.0933438315987587,
        "mae": 0.25025415420532227,
        "root_mean_squared_error": 0.30552223324775696,
        "val_loss": 0.09321077913045883,
        "val_mae": 0.24846357107162476,
        "val_root_mean_squared_error": 0.3053044080734253,
        "train_time": 110.58777523040771
    }
}