{
    "parameters": {
        "mf_type": "Smoothed Triangular",
        "num_mfs": 3,
        "learning_rate": 0.0001,
        "batch_size": 32,
        "num_epochs": 500
    },
    "results": {
        "loss": 13.732244491577148,
        "mae": 3.533967971801758,
        "root_mean_squared_error": 3.7057042121887207,
        "val_loss": 13.582948684692383,
        "val_mae": 3.5145013332366943,
        "val_root_mean_squared_error": 3.6855051517486572,
        "train_time": 134.24804425239563
    }
}