{
    "parameters": {
        "num_layers": 3,
        "num_neurons": 80,
        "num_epochs": 500,
        "learning_rate": 0.001,
        "use_batch_norm": true,
        "use_dropout": true,
        "batch_size": 256
    },
    "results": {
        "loss": 0.09249711781740189,
        "mae": 0.2370578944683075,
        "r2_score": 0.9621932506561279,
        "root_mean_squared_error": 0.3041333854198456,
        "val_loss": 0.011945963837206364,
        "val_mae": 0.08126018941402435,
        "val_r2_score": 0.9950911998748779,
        "val_root_mean_squared_error": 0.10929759591817856,
        "train_time": 33.802940130233765
    }
}