{
    "parameters": {
        "num_layers": 3,
        "num_neurons": 80,
        "num_epochs": 500,
        "learning_rate": 0.001,
        "use_batch_norm": true,
        "use_dropout": true,
        "batch_size": 256
    },
    "results": {
        "loss": 0.05604112148284912,
        "mae": 0.17954349517822266,
        "r2_score": 0.9741959571838379,
        "root_mean_squared_error": 0.23673005402088165,
        "val_loss": 0.00839361920952797,
        "val_mae": 0.06510849297046661,
        "val_r2_score": 0.996254563331604,
        "val_root_mean_squared_error": 0.09161669760942459,
        "train_time": 43.76703429222107
    }
}