{
    "parameters": {
        "num_layers": 3,
        "num_neurons": 80,
        "num_epochs": 500,
        "learning_rate": 0.001,
        "use_batch_norm": true,
        "use_dropout": true,
        "batch_size": 256
    },
    "results": {
        "loss": 0.06399425864219666,
        "mae": 0.19227901101112366,
        "r2_score": 0.970845639705658,
        "root_mean_squared_error": 0.2529708743095398,
        "val_loss": 0.02122984454035759,
        "val_mae": 0.10355672985315323,
        "val_r2_score": 0.9900980591773987,
        "val_root_mean_squared_error": 0.14570464193820953,
        "train_time": 43.81765699386597
    }
}