{
    "parameters": {
        "mf_type": "Smoothed Triangular",
        "num_mfs": 3,
        "learning_rate": 0.0001,
        "batch_size": 32,
        "num_epochs": 100
    },
    "results": {
        "loss": 20.556156158447266,
        "mae": 4.254923343658447,
        "root_mean_squared_error": 4.5338897705078125,
        "val_loss": 20.32670783996582,
        "val_mae": 4.229800224304199,
        "val_root_mean_squared_error": 4.508514881134033,
        "train_time": 27.18131971359253
    }
}