{
    "parameters": {
        "num_layers": 4,
        "num_neurons": 96,
        "num_epochs": 500,
        "learning_rate": 0.001,
        "use_batch_norm": true,
        "use_dropout": true,
        "batch_size": 224
    },
    "results": {
        "loss": 0.07424335926771164,
        "mae": 0.2100604623556137,
        "r2_score": 0.9696542620658875,
        "root_mean_squared_error": 0.27247634530067444,
        "val_loss": 0.01057068258523941,
        "val_mae": 0.07834381610155106,
        "val_r2_score": 0.9956563115119934,
        "val_root_mean_squared_error": 0.10281382501125336,
        "train_time": 42.824010610580444
    }
}