{
    "parameters": {
        "num_layers": 4,
        "num_neurons": 96,
        "num_epochs": 500,
        "learning_rate": 0.001,
        "use_batch_norm": true,
        "use_dropout": true,
        "batch_size": 224
    },
    "results": {
        "loss": 0.0568673200905323,
        "mae": 0.18134012818336487,
        "r2_score": 0.9738155007362366,
        "root_mean_squared_error": 0.2384686917066574,
        "val_loss": 0.005661325994879007,
        "val_mae": 0.056091003119945526,
        "val_r2_score": 0.9974737763404846,
        "val_root_mean_squared_error": 0.07524178177118301,
        "train_time": 55.933676958084106
    }
}