{
    "parameters": {
        "mf_type": "Smoothed Triangular",
        "num_mfs": 4,
        "learning_rate": 0.001,
        "batch_size": 128,
        "num_epochs": 500
    },
    "results": {
        "loss": 0.11225494742393494,
        "mae": 0.2741783559322357,
        "root_mean_squared_error": 0.3350446820259094,
        "val_loss": 0.10572879016399384,
        "val_mae": 0.2658376395702362,
        "val_root_mean_squared_error": 0.32515963912010193,
        "train_time": 155.65990710258484
    }
}