{
    "parameters": {
        "num_layers": 2,
        "num_neurons": 64,
        "num_epochs": 250,
        "learning_rate": 0.001,
        "use_batch_norm": true,
        "use_dropout": true,
        "batch_size": 64
    },
    "results": {
        "loss": 0.10626386851072311,
        "mae": 0.2516421973705292,
        "r2_score": 0.9515466094017029,
        "root_mean_squared_error": 0.32598137855529785,
        "val_loss": 0.034004293382167816,
        "val_mae": 0.13018299639225006,
        "val_r2_score": 0.9845810532569885,
        "val_root_mean_squared_error": 0.18440252542495728,
        "train_time": 38.90505003929138
    }
}