{
    "parameters": {
        "num_layers": 2,
        "num_neurons": 64,
        "num_epochs": 250,
        "learning_rate": 0.001,
        "use_batch_norm": true,
        "use_dropout": true,
        "batch_size": 64
    },
    "results": {
        "loss": 0.09790944308042526,
        "mae": 0.24222300946712494,
        "r2_score": 0.9556055665016174,
        "root_mean_squared_error": 0.31290483474731445,
        "val_loss": 0.013235684484243393,
        "val_mae": 0.08580610156059265,
        "val_r2_score": 0.9941645264625549,
        "val_root_mean_squared_error": 0.1150464415550232,
        "train_time": 36.03102946281433
    }
}