{
    "parameters": {
        "num_layers": 2,
        "num_neurons": 64,
        "num_epochs": 250,
        "learning_rate": 0.001,
        "use_batch_norm": true,
        "use_dropout": true,
        "batch_size": 64
    },
    "results": {
        "loss": 0.14199471473693848,
        "mae": 0.294380784034729,
        "r2_score": 0.9419006705284119,
        "root_mean_squared_error": 0.3768218755722046,
        "val_loss": 0.026632467284798622,
        "val_mae": 0.1245955154299736,
        "val_r2_score": 0.9894177317619324,
        "val_root_mean_squared_error": 0.16319456696510315,
        "train_time": 25.313469886779785
    }
}