{
    "parameters": {
        "mf_type": "Gaussian",
        "num_mfs": 4,
        "learning_rate": 0.0005,
        "batch_size": 128,
        "num_epochs": 250
    },
    "results": {
        "loss": 0.10044148564338684,
        "mae": 0.2547057271003723,
        "root_mean_squared_error": 0.316925048828125,
        "val_loss": 0.09650532901287079,
        "val_mae": 0.24466551840305328,
        "val_root_mean_squared_error": 0.31065306067466736,
        "train_time": 74.43374395370483
    }
}