{
    "parameters": {
        "num_layers": 2,
        "num_neurons": 32,
        "num_epochs": 500,
        "learning_rate": 0.001,
        "use_batch_norm": true,
        "use_dropout": true,
        "batch_size": 128
    },
    "results": {
        "loss": 0.12698353826999664,
        "mae": 0.27623051404953003,
        "r2_score": 0.9480429887771606,
        "root_mean_squared_error": 0.3563475012779236,
        "val_loss": 0.04977406933903694,
        "val_mae": 0.17210429906845093,
        "val_r2_score": 0.9802225232124329,
        "val_root_mean_squared_error": 0.22310103476047516,
        "train_time": 35.096962451934814
    }
}