{
    "parameters": {
        "num_layers": 2,
        "num_neurons": 32,
        "num_epochs": 500,
        "learning_rate": 0.001,
        "use_batch_norm": true,
        "use_dropout": true,
        "batch_size": 128
    },
    "results": {
        "loss": 0.10125326365232468,
        "mae": 0.24711252748966217,
        "r2_score": 0.9540896415710449,
        "root_mean_squared_error": 0.3182031810283661,
        "val_loss": 0.041710104793310165,
        "val_mae": 0.15596148371696472,
        "val_r2_score": 0.9816104769706726,
        "val_root_mean_squared_error": 0.20423051714897156,
        "train_time": 45.68560433387756
    }
}