{
    "parameters": {
        "num_layers": 1,
        "num_neurons": 16,
        "num_epochs": 500,
        "learning_rate": 0.0005,
        "use_batch_norm": true,
        "use_dropout": true,
        "batch_size": 32
    },
    "results": {
        "loss": 0.21696966886520386,
        "mae": 0.3627893328666687,
        "r2_score": 0.9010681509971619,
        "root_mean_squared_error": 0.465800017118454,
        "val_loss": 0.08865244686603546,
        "val_mae": 0.23578250408172607,
        "val_r2_score": 0.9598013758659363,
        "val_root_mean_squared_error": 0.29774561524391174,
        "train_time": 99.74408054351807
    }
}