{
    "parameters": {
        "num_layers": 1,
        "num_neurons": 64,
        "num_epochs": 100,
        "learning_rate": 0.001,
        "use_batch_norm": true,
        "use_dropout": true,
        "batch_size": 64
    },
    "results": {
        "loss": 0.15832938253879547,
        "mae": 0.3135414719581604,
        "root_mean_squared_error": 0.39790624380111694,
        "val_loss": 0.05694098398089409,
        "val_mae": 0.18490056693553925,
        "val_root_mean_squared_error": 0.23862309753894806,
        "train_time": 10.838204860687256
    }
}