{
    "parameters": {
        "mf_type": "Gaussian",
        "num_mfs": 3,
        "learning_rate": 0.0005,
        "batch_size": 128,
        "num_epochs": 500
    },
    "results": {
        "loss": 0.09886505454778671,
        "mae": 0.2544018626213074,
        "root_mean_squared_error": 0.3144281506538391,
        "val_loss": 0.09527208656072617,
        "val_mae": 0.24530477821826935,
        "val_root_mean_squared_error": 0.3086617588996887,
        "train_time": 53.14266109466553
    }
}