{
    "parameters": {
        "num_layers": 2,
        "num_neurons": 16,
        "num_epochs": 250,
        "learning_rate": 0.001,
        "use_batch_norm": true,
        "use_dropout": true,
        "batch_size": 64
    },
    "results": {
        "loss": 0.20264819264411926,
        "mae": 0.34241560101509094,
        "r2_score": 0.9075987339019775,
        "root_mean_squared_error": 0.4501646161079407,
        "val_loss": 0.12584789097309113,
        "val_mae": 0.25844404101371765,
        "val_r2_score": 0.9429354071617126,
        "val_root_mean_squared_error": 0.35475045442581177,
        "train_time": 36.50476956367493
    }
}