{
    "parameters": {
        "num_layers": 2,
        "num_neurons": 16,
        "num_epochs": 250,
        "learning_rate": 0.001,
        "use_batch_norm": true,
        "use_dropout": true,
        "batch_size": 64
    },
    "results": {
        "loss": 0.2091362476348877,
        "mae": 0.35328409075737,
        "r2_score": 0.9144289493560791,
        "root_mean_squared_error": 0.4573141634464264,
        "val_loss": 0.09476171433925629,
        "val_mae": 0.24514047801494598,
        "val_r2_score": 0.9623469710350037,
        "val_root_mean_squared_error": 0.3078339099884033,
        "train_time": 24.04767942428589
    }
}