{
    "parameters": {
        "num_layers": 2,
        "num_neurons": 16,
        "num_epochs": 250,
        "learning_rate": 0.001,
        "use_batch_norm": true,
        "use_dropout": true,
        "batch_size": 64
    },
    "results": {
        "loss": 0.18623830378055573,
        "mae": 0.3346673846244812,
        "r2_score": 0.9155558347702026,
        "root_mean_squared_error": 0.43155336380004883,
        "val_loss": 0.053722869604825974,
        "val_mae": 0.18725261092185974,
        "val_r2_score": 0.976314127445221,
        "val_root_mean_squared_error": 0.2317819446325302,
        "train_time": 34.52501463890076
    }
}