{
    "parameters": {
        "mf_type": "Generalized Bell",
        "num_mfs": 5,
        "learning_rate": 0.0005,
        "batch_size": 64,
        "num_epochs": 100
    },
    "results": {
        "loss": 0.1045789048075676,
        "mae": 0.2604830861091614,
        "root_mean_squared_error": 0.32338660955429077,
        "val_loss": 0.10235662013292313,
        "val_mae": 0.25543802976608276,
        "val_root_mean_squared_error": 0.319932222366333,
        "train_time": 91.34055495262146
    }
}