{
    "parameters": {
        "mf_type": "Generalized Bell",
        "num_mfs": 2,
        "learning_rate": 0.001,
        "batch_size": 32,
        "num_epochs": 100
    },
    "results": {
        "loss": 0.10567671060562134,
        "mae": 0.2629890739917755,
        "root_mean_squared_error": 0.3250795304775238,
        "val_loss": 0.10188762098550797,
        "val_mae": 0.2546927332878113,
        "val_root_mean_squared_error": 0.3191983997821808,
        "train_time": 17.241722345352173
    }
}