{
    "parameters": {
        "mf_type": "Generalized Bell",
        "num_mfs": 5,
        "learning_rate": 0.001,
        "batch_size": 32,
        "num_epochs": 500
    },
    "results": {
        "loss": 0.09607204794883728,
        "mae": 0.25004109740257263,
        "r2_score": 0.9607874155044556,
        "root_mean_squared_error": 0.3099549114704132,
        "val_loss": 0.09248346090316772,
        "val_mae": 0.2436295598745346,
        "val_r2_score": 0.9625391364097595,
        "val_root_mean_squared_error": 0.30411094427108765,
        "train_time": 406.5512504577637
    }
}