{
    "parameters": {
        "num_layers": 4,
        "num_neurons": 112,
        "num_epochs": 500,
        "learning_rate": 0.001,
        "use_batch_norm": true,
        "use_dropout": true,
        "batch_size": 128
    },
    "results": {
        "loss": 0.06115524470806122,
        "mae": 0.18872478604316711,
        "r2_score": 0.9721390008926392,
        "root_mean_squared_error": 0.24729587137699127,
        "val_loss": 0.008434980176389217,
        "val_mae": 0.06899384409189224,
        "val_r2_score": 0.9960657954216003,
        "val_root_mean_squared_error": 0.09184214472770691,
        "train_time": 76.88607859611511
    }
}