{
    "parameters": {
        "num_layers": 4,
        "num_neurons": 112,
        "num_epochs": 500,
        "learning_rate": 0.001,
        "use_batch_norm": true,
        "use_dropout": true,
        "batch_size": 128
    },
    "results": {
        "loss": 0.059758372604846954,
        "mae": 0.18914765119552612,
        "r2_score": 0.972484290599823,
        "root_mean_squared_error": 0.2444552630186081,
        "val_loss": 0.007131468504667282,
        "val_mae": 0.061278242617845535,
        "val_r2_score": 0.9968177676200867,
        "val_root_mean_squared_error": 0.08444802463054657,
        "train_time": 77.33442997932434
    }
}