{
    "parameters": {
        "num_layers": 4,
        "num_neurons": 112,
        "num_epochs": 500,
        "learning_rate": 0.001,
        "use_batch_norm": true,
        "use_dropout": true,
        "batch_size": 128
    },
    "results": {
        "loss": 0.07734125852584839,
        "mae": 0.21634267270565033,
        "r2_score": 0.968388020992279,
        "root_mean_squared_error": 0.27810296416282654,
        "val_loss": 0.009566889144480228,
        "val_mae": 0.07085330039262772,
        "val_r2_score": 0.9960687756538391,
        "val_root_mean_squared_error": 0.09781047701835632,
        "train_time": 57.23406219482422
    }
}