{
    "parameters": {
        "num_layers": 2,
        "num_neurons": 112,
        "num_epochs": 500,
        "learning_rate": 0.001,
        "use_batch_norm": true,
        "use_dropout": true,
        "batch_size": 224
    },
    "results": {
        "loss": 0.06638200581073761,
        "mae": 0.1997012495994568,
        "r2_score": 0.9728673696517944,
        "root_mean_squared_error": 0.2576470673084259,
        "val_loss": 0.01225959975272417,
        "val_mae": 0.0847216472029686,
        "val_r2_score": 0.9949623346328735,
        "val_root_mean_squared_error": 0.11072307825088501,
        "train_time": 33.373857259750366
    }
}