{
    "parameters": {
        "num_layers": 2,
        "num_neurons": 112,
        "num_epochs": 500,
        "learning_rate": 0.001,
        "use_batch_norm": true,
        "use_dropout": true,
        "batch_size": 224
    },
    "results": {
        "loss": 0.047150880098342896,
        "mae": 0.16547177731990814,
        "r2_score": 0.9782894253730774,
        "root_mean_squared_error": 0.21714253723621368,
        "val_loss": 0.00873976293951273,
        "val_mae": 0.0718001052737236,
        "val_r2_score": 0.996100127696991,
        "val_root_mean_squared_error": 0.09348669648170471,
        "train_time": 42.048487186431885
    }
}