{
    "parameters": {
        "num_layers": 3,
        "num_neurons": 96,
        "num_epochs": 500,
        "learning_rate": 0.001,
        "use_batch_norm": true,
        "use_dropout": true,
        "batch_size": 128
    },
    "results": {
        "loss": 0.07783160358667374,
        "mae": 0.21769671142101288,
        "r2_score": 0.968187689781189,
        "root_mean_squared_error": 0.27898314595222473,
        "val_loss": 0.016546644270420074,
        "val_mae": 0.09563510864973068,
        "val_r2_score": 0.9932007193565369,
        "val_root_mean_squared_error": 0.1286337673664093,
        "train_time": 54.52146553993225
    }
}