{
    "parameters": {
        "num_layers": 3,
        "num_neurons": 96,
        "num_epochs": 500,
        "learning_rate": 0.001,
        "use_batch_norm": true,
        "use_dropout": true,
        "batch_size": 128
    },
    "results": {
        "loss": 0.06355010718107224,
        "mae": 0.19423915445804596,
        "r2_score": 0.9707383513450623,
        "root_mean_squared_error": 0.2520914673805237,
        "val_loss": 0.01071031205356121,
        "val_mae": 0.08020789921283722,
        "val_r2_score": 0.9952207803726196,
        "val_root_mean_squared_error": 0.10349063575267792,
        "train_time": 61.919167041778564
    }
}