{
    "parameters": {
        "num_layers": 2,
        "num_neurons": 32,
        "num_epochs": 250,
        "learning_rate": 0.0005,
        "use_batch_norm": true,
        "use_dropout": true,
        "batch_size": 64
    },
    "results": {
        "loss": 0.15569229423999786,
        "mae": 0.30245986580848694,
        "r2_score": 0.9290089011192322,
        "root_mean_squared_error": 0.39457863569259644,
        "val_loss": 0.033377211540937424,
        "val_mae": 0.14108650386333466,
        "val_r2_score": 0.9848654270172119,
        "val_root_mean_squared_error": 0.18269431591033936,
        "train_time": 37.57780575752258
    }
}