{
    "parameters": {
        "num_layers": 1,
        "num_neurons": 32,
        "num_epochs": 100,
        "learning_rate": 0.0001,
        "use_batch_norm": true,
        "use_dropout": true,
        "batch_size": 32
    },
    "results": {
        "loss": 0.303220272064209,
        "mae": 0.429289311170578,
        "root_mean_squared_error": 0.550654411315918,
        "val_loss": 0.07330486178398132,
        "val_mae": 0.21372464299201965,
        "val_root_mean_squared_error": 0.27074870467185974,
        "train_time": 16.333189487457275
    }
}