{
    "parameters": {
        "mf_type": "Smoothed Triangular",
        "num_mfs": 4,
        "learning_rate": 0.001,
        "batch_size": 64,
        "num_epochs": 250
    },
    "results": {
        "loss": 0.10632099956274033,
        "mae": 0.2637332081794739,
        "r2_score": 0.9566041827201843,
        "root_mean_squared_error": 0.3260689973831177,
        "val_loss": 0.10336683690547943,
        "val_mae": 0.2568284571170807,
        "val_r2_score": 0.9581306576728821,
        "val_root_mean_squared_error": 0.32150712609291077,
        "train_time": 92.02677893638611
    }
}