{
    "parameters": {
        "mf_type": "Generalized Bell",
        "num_mfs": 5,
        "learning_rate": 0.0005,
        "batch_size": 32,
        "num_epochs": 500
    },
    "results": {
        "loss": 0.09567226469516754,
        "mae": 0.24971213936805725,
        "r2_score": 0.9609505534172058,
        "root_mean_squared_error": 0.30930933356285095,
        "val_loss": 0.09203467518091202,
        "val_mae": 0.2428082823753357,
        "val_r2_score": 0.9627208709716797,
        "val_root_mean_squared_error": 0.30337217450141907,
        "train_time": 403.7335686683655
    }
}