{
    "parameters": {
        "mf_type": "Gaussian",
        "num_mfs": 3,
        "learning_rate": 0.001,
        "batch_size": 64,
        "num_epochs": 500
    },
    "results": {
        "loss": 0.09854380041360855,
        "mae": 0.25354593992233276,
        "r2_score": 0.9597780108451843,
        "root_mean_squared_error": 0.3139168620109558,
        "val_loss": 0.09581411629915237,
        "val_mae": 0.24686437845230103,
        "val_r2_score": 0.9611899852752686,
        "val_root_mean_squared_error": 0.3095385432243347,
        "train_time": 75.58364772796631
    }
}