{
    "parameters": {
        "num_layers": 2,
        "num_neurons": 16,
        "num_epochs": 100,
        "learning_rate": 0.0005,
        "use_batch_norm": true,
        "use_dropout": true,
        "batch_size": 64
    },
    "results": {
        "loss": 0.29123422503471375,
        "mae": 0.4103836119174957,
        "r2_score": 0.8672054409980774,
        "root_mean_squared_error": 0.5396612286567688,
        "val_loss": 0.07956007122993469,
        "val_mae": 0.21513967216014862,
        "val_r2_score": 0.96392422914505,
        "val_root_mean_squared_error": 0.28206396102905273,
        "train_time": 15.183740854263306
    }
}