{
    "parameters": {
        "num_layers": 2,
        "num_neurons": 16,
        "num_epochs": 100,
        "learning_rate": 0.0005,
        "use_batch_norm": true,
        "use_dropout": true,
        "batch_size": 64
    },
    "results": {
        "loss": 0.2720249593257904,
        "mae": 0.39776498079299927,
        "root_mean_squared_error": 0.5215601325035095,
        "val_loss": 0.07653720676898956,
        "val_mae": 0.20931152999401093,
        "val_root_mean_squared_error": 0.27665358781814575,
        "train_time": 12.864569187164307
    }
}