{
    "parameters": {
        "num_layers": 1,
        "num_neurons": 64,
        "num_epochs": 500,
        "learning_rate": 0.001,
        "use_batch_norm": true,
        "use_dropout": true,
        "batch_size": 32
    },
    "results": {
        "loss": 0.16505250334739685,
        "mae": 0.3197600841522217,
        "root_mean_squared_error": 0.40626654028892517,
        "val_loss": 0.07063315063714981,
        "val_mae": 0.19922609627246857,
        "val_root_mean_squared_error": 0.26576897501945496,
        "train_time": 90.19549679756165
    }
}