{
    "parameters": {
        "num_layers": 1,
        "num_neurons": 64,
        "num_epochs": 500,
        "learning_rate": 0.001,
        "use_batch_norm": true,
        "use_dropout": true,
        "batch_size": 32
    },
    "results": {
        "loss": 0.15985837578773499,
        "mae": 0.315540075302124,
        "r2_score": 0.9271090626716614,
        "root_mean_squared_error": 0.3998229205608368,
        "val_loss": 0.05772232636809349,
        "val_mae": 0.1838863044977188,
        "val_r2_score": 0.9738263487815857,
        "val_root_mean_squared_error": 0.2402547150850296,
        "train_time": 105.01561522483826
    }
}