{
    "parameters": {
        "num_layers": 3,
        "num_neurons": 128,
        "num_epochs": 500,
        "learning_rate": 0.001,
        "use_batch_norm": true,
        "use_dropout": true,
        "batch_size": 160
    },
    "results": {
        "loss": 0.06812149286270142,
        "mae": 0.20397813618183136,
        "r2_score": 0.9721564054489136,
        "root_mean_squared_error": 0.26100093126296997,
        "val_loss": 0.008399741724133492,
        "val_mae": 0.06987447291612625,
        "val_r2_score": 0.9965484142303467,
        "val_root_mean_squared_error": 0.0916501060128212,
        "train_time": 43.7578547000885
    }
}