{
    "parameters": {
        "num_layers": 3,
        "num_neurons": 128,
        "num_epochs": 500,
        "learning_rate": 0.001,
        "use_batch_norm": true,
        "use_dropout": true,
        "batch_size": 160
    },
    "results": {
        "loss": 0.05144264176487923,
        "mae": 0.17409183084964752,
        "r2_score": 0.9765638113021851,
        "root_mean_squared_error": 0.22680971026420593,
        "val_loss": 0.007940707728266716,
        "val_mae": 0.06587342172861099,
        "val_r2_score": 0.9962962865829468,
        "val_root_mean_squared_error": 0.08911065012216568,
        "train_time": 60.08360576629639
    }
}