{
    "parameters": {
        "num_layers": 3,
        "num_neurons": 128,
        "num_epochs": 500,
        "learning_rate": 0.001,
        "use_batch_norm": true,
        "use_dropout": true,
        "batch_size": 160
    },
    "results": {
        "loss": 0.05042468383908272,
        "mae": 0.1725049614906311,
        "r2_score": 0.9767820835113525,
        "root_mean_squared_error": 0.2245544046163559,
        "val_loss": 0.013157040812075138,
        "val_mae": 0.08368446677923203,
        "val_r2_score": 0.9941290020942688,
        "val_root_mean_squared_error": 0.11470414698123932,
        "train_time": 60.41694402694702
    }
}