{
    "parameters": {
        "mf_type": "Gaussian",
        "num_mfs": 4,
        "learning_rate": 0.001,
        "batch_size": 64,
        "num_epochs": 500
    },
    "results": {
        "loss": 0.09739112854003906,
        "mae": 0.25263166427612305,
        "root_mean_squared_error": 0.31207552552223206,
        "val_loss": 0.09436240792274475,
        "val_mae": 0.2449512630701065,
        "val_root_mean_squared_error": 0.307184636592865,
        "train_time": 182.5677752494812
    }
}