{
    "parameters": {
        "num_layers": 2,
        "num_neurons": 64,
        "num_epochs": 500,
        "learning_rate": 0.0005,
        "use_batch_norm": true,
        "use_dropout": true,
        "batch_size": 64
    },
    "results": {
        "loss": 0.10227826237678528,
        "mae": 0.24871458113193512,
        "r2_score": 0.9533643126487732,
        "root_mean_squared_error": 0.3198097348213196,
        "val_loss": 0.026507768779993057,
        "val_mae": 0.11856042593717575,
        "val_r2_score": 0.987980306148529,
        "val_root_mean_squared_error": 0.16281206905841827,
        "train_time": 78.89733958244324
    }
}