{
    "parameters": {
        "num_layers": 2,
        "num_neurons": 64,
        "num_epochs": 500,
        "learning_rate": 0.0005,
        "use_batch_norm": true,
        "use_dropout": true,
        "batch_size": 64
    },
    "results": {
        "loss": 0.1072322204709053,
        "mae": 0.25325560569763184,
        "root_mean_squared_error": 0.327463299036026,
        "val_loss": 0.023988863453269005,
        "val_mae": 0.11416623741388321,
        "val_root_mean_squared_error": 0.15488338470458984,
        "train_time": 71.03230500221252
    }
}