{
    "parameters": {
        "num_layers": 2,
        "num_neurons": 80,
        "num_epochs": 500,
        "learning_rate": 0.001,
        "use_batch_norm": true,
        "use_dropout": true,
        "batch_size": 192
    },
    "results": {
        "loss": 0.060306813567876816,
        "mae": 0.1895143985748291,
        "r2_score": 0.9722318053245544,
        "root_mean_squared_error": 0.2455744594335556,
        "val_loss": 0.013070862740278244,
        "val_mae": 0.0896616280078888,
        "val_r2_score": 0.9941674470901489,
        "val_root_mean_squared_error": 0.11432787030935287,
        "train_time": 41.33356738090515
    }
}