{
    "parameters": {
        "num_layers": 2,
        "num_neurons": 80,
        "num_epochs": 500,
        "learning_rate": 0.001,
        "use_batch_norm": true,
        "use_dropout": true,
        "batch_size": 192
    },
    "results": {
        "loss": 0.08380049467086792,
        "mae": 0.22456195950508118,
        "r2_score": 0.9657478928565979,
        "root_mean_squared_error": 0.2894831597805023,
        "val_loss": 0.017463820055127144,
        "val_mae": 0.0935596376657486,
        "val_r2_score": 0.9928237795829773,
        "val_root_mean_squared_error": 0.13215075433254242,
        "train_time": 33.04345464706421
    }
}