{
    "parameters": {
        "num_layers": 2,
        "num_neurons": 80,
        "num_epochs": 500,
        "learning_rate": 0.001,
        "use_batch_norm": true,
        "use_dropout": true,
        "batch_size": 192
    },
    "results": {
        "loss": 0.06756819784641266,
        "mae": 0.1997237354516983,
        "r2_score": 0.9692174792289734,
        "root_mean_squared_error": 0.2599388360977173,
        "val_loss": 0.018082106485962868,
        "val_mae": 0.09880519658327103,
        "val_r2_score": 0.9915661811828613,
        "val_root_mean_squared_error": 0.13446971774101257,
        "train_time": 43.80997037887573
    }
}