{
    "parameters": {
        "mf_type": "Smoothed Triangular",
        "num_mfs": 2,
        "learning_rate": 0.0005,
        "batch_size": 64,
        "num_epochs": 500
    },
    "results": {
        "loss": 9.352066040039062,
        "mae": 3.0273032188415527,
        "root_mean_squared_error": 3.058114767074585,
        "val_loss": 9.259252548217773,
        "val_mae": 3.0124711990356445,
        "val_root_mean_squared_error": 3.0429019927978516,
        "train_time": 53.00045824050903
    }
}