{
    "parameters": {
        "mf_type": "Gaussian",
        "num_mfs": 3,
        "learning_rate": 0.001,
        "batch_size": 32,
        "num_epochs": 500
    },
    "results": {
        "loss": 0.09641794860363007,
        "mae": 0.2509971261024475,
        "root_mean_squared_error": 0.31051239371299744,
        "val_loss": 0.09362515807151794,
        "val_mae": 0.24503888189792633,
        "val_root_mean_squared_error": 0.3059822916984558,
        "train_time": 110.69770789146423
    }
}