{
    "parameters": {
        "num_layers": 2,
        "num_neurons": 16,
        "num_epochs": 500,
        "learning_rate": 0.0005,
        "use_batch_norm": true,
        "use_dropout": true,
        "batch_size": 64
    },
    "results": {
        "loss": 0.17780309915542603,
        "mae": 0.32620441913604736,
        "r2_score": 0.9193798899650574,
        "root_mean_squared_error": 0.42166703939437866,
        "val_loss": 0.0480070561170578,
        "val_mae": 0.17302314937114716,
        "val_r2_score": 0.9788342118263245,
        "val_root_mean_squared_error": 0.21910512447357178,
        "train_time": 64.28423261642456
    }
}