{
    "parameters": {
        "num_layers": 2,
        "num_neurons": 16,
        "num_epochs": 500,
        "learning_rate": 0.0005,
        "use_batch_norm": true,
        "use_dropout": true,
        "batch_size": 64
    },
    "results": {
        "loss": 0.21147403120994568,
        "mae": 0.3600172996520996,
        "r2_score": 0.9134723544120789,
        "root_mean_squared_error": 0.4598630666732788,
        "val_loss": 0.08748061209917068,
        "val_mae": 0.2360544353723526,
        "val_r2_score": 0.9652400612831116,
        "val_root_mean_squared_error": 0.29577121138572693,
        "train_time": 46.67392611503601
    }
}