{
    "parameters": {
        "num_layers": 2,
        "num_neurons": 16,
        "num_epochs": 500,
        "learning_rate": 0.0005,
        "use_batch_norm": true,
        "use_dropout": true,
        "batch_size": 64
    },
    "results": {
        "loss": 0.18504194915294647,
        "mae": 0.3273116648197174,
        "r2_score": 0.9156265258789062,
        "root_mean_squared_error": 0.43016502261161804,
        "val_loss": 0.08316154778003693,
        "val_mae": 0.21020552515983582,
        "val_r2_score": 0.9622911810874939,
        "val_root_mean_squared_error": 0.28837743401527405,
        "train_time": 68.22523427009583
    }
}