{
    "parameters": {
        "mf_type": "Smoothed Triangular",
        "num_mfs": 4,
        "learning_rate": 0.0005,
        "batch_size": 128,
        "num_epochs": 250
    },
    "results": {
        "loss": 20.565473556518555,
        "mae": 4.256308078765869,
        "root_mean_squared_error": 4.53491735458374,
        "val_loss": 20.336088180541992,
        "val_mae": 4.231234550476074,
        "val_root_mean_squared_error": 4.509555339813232,
        "train_time": 79.28357577323914
    }
}