{
    "parameters": {
        "num_layers": 1,
        "num_neurons": 16,
        "num_epochs": 100,
        "learning_rate": 0.0001,
        "use_batch_norm": true,
        "use_dropout": true,
        "batch_size": 32
    },
    "results": {
        "loss": 0.5038884878158569,
        "mae": 0.5399736166000366,
        "root_mean_squared_error": 0.7098510265350342,
        "val_loss": 0.1436999887228012,
        "val_mae": 0.2840608060359955,
        "val_root_mean_squared_error": 0.37907782196998596,
        "train_time": 17.300095796585083
    }
}