{
    "parameters": {
        "mf_type": "Smoothed Triangular",
        "num_mfs": 3,
        "learning_rate": 0.0005,
        "batch_size": 64,
        "num_epochs": 250
    },
    "results": {
        "loss": 13.185495376586914,
        "mae": 3.51422119140625,
        "root_mean_squared_error": 3.631183624267578,
        "val_loss": 13.038585662841797,
        "val_mae": 3.494837999343872,
        "val_root_mean_squared_error": 3.61089825630188,
        "train_time": 42.35376787185669
    }
}