{
    "parameters": {
        "mf_type": "Generalized Bell",
        "num_mfs": 4,
        "learning_rate": 0.0001,
        "batch_size": 64,
        "num_epochs": 500
    },
    "results": {
        "loss": 0.10307949036359787,
        "mae": 0.25492632389068604,
        "root_mean_squared_error": 0.3210599422454834,
        "val_loss": 0.10160192847251892,
        "val_mae": 0.25039413571357727,
        "val_root_mean_squared_error": 0.3187505602836609,
        "train_time": 188.72527384757996
    }
}