{
    "parameters": {
        "num_layers": 2,
        "num_neurons": 16,
        "num_epochs": 250,
        "learning_rate": 0.001,
        "use_batch_norm": true,
        "use_dropout": true,
        "batch_size": 128
    },
    "results": {
        "loss": 0.17007797956466675,
        "mae": 0.31121566891670227,
        "root_mean_squared_error": 0.4124051034450531,
        "val_loss": 0.0741003081202507,
        "val_mae": 0.20355479419231415,
        "val_root_mean_squared_error": 0.27221372723579407,
        "train_time": 19.196945905685425
    }
}