{
    "parameters": {
        "num_layers": 2,
        "num_neurons": 16,
        "num_epochs": 250,
        "learning_rate": 0.001,
        "use_batch_norm": true,
        "use_dropout": true,
        "batch_size": 128
    },
    "results": {
        "loss": 0.1614697277545929,
        "mae": 0.3068320155143738,
        "r2_score": 0.9263744354248047,
        "root_mean_squared_error": 0.4018329679965973,
        "val_loss": 0.08316747844219208,
        "val_mae": 0.20856064558029175,
        "val_r2_score": 0.962288498878479,
        "val_root_mean_squared_error": 0.2883877158164978,
        "train_time": 23.415941953659058
    }
}