{
    "parameters": {
        "mf_type": "Generalized Bell",
        "num_mfs": 5,
        "learning_rate": 0.001,
        "batch_size": 64,
        "num_epochs": 250
    },
    "results": {
        "loss": 0.09625593572854996,
        "mae": 0.25061947107315063,
        "root_mean_squared_error": 0.3102514147758484,
        "val_loss": 0.093716099858284,
        "val_mae": 0.24486100673675537,
        "val_root_mean_squared_error": 0.30613085627555847,
        "train_time": 222.685453414917
    }
}