{
    "parameters": {
        "mf_type": "Generalized Bell",
        "num_mfs": 2,
        "learning_rate": 0.001,
        "batch_size": 64,
        "num_epochs": 500
    },
    "results": {
        "loss": 0.09930647164583206,
        "mae": 0.2553158402442932,
        "root_mean_squared_error": 0.31512928009033203,
        "val_loss": 0.0969969630241394,
        "val_mae": 0.250501424074173,
        "val_root_mean_squared_error": 0.31144335865974426,
        "train_time": 49.53048586845398
    }
}