{
    "parameters": {
        "num_layers": 2,
        "num_neurons": 32,
        "num_epochs": 100,
        "learning_rate": 0.0001,
        "use_batch_norm": true,
        "use_dropout": true,
        "batch_size": 64
    },
    "results": {
        "loss": 0.30512535572052,
        "mae": 0.429616779088974,
        "r2_score": 0.8616492748260498,
        "root_mean_squared_error": 0.5523815155029297,
        "val_loss": 0.040611106902360916,
        "val_mae": 0.15755502879619598,
        "val_r2_score": 0.9820950031280518,
        "val_root_mean_squared_error": 0.20152197778224945,
        "train_time": 14.409968852996826
    }
}