{
    "parameters": {
        "num_layers": 2,
        "num_neurons": 32,
        "num_epochs": 100,
        "learning_rate": 0.0001,
        "use_batch_norm": true,
        "use_dropout": true,
        "batch_size": 64
    },
    "results": {
        "loss": 0.4945622682571411,
        "mae": 0.5437971353530884,
        "r2_score": 0.7976430654525757,
        "root_mean_squared_error": 0.7032511830329895,
        "val_loss": 0.07944636791944504,
        "val_mae": 0.22511042654514313,
        "val_r2_score": 0.9684324264526367,
        "val_root_mean_squared_error": 0.2818623185157776,
        "train_time": 10.168354034423828
    }
}