{
    "parameters": {
        "num_layers": 2,
        "num_neurons": 32,
        "num_epochs": 100,
        "learning_rate": 0.0001,
        "use_batch_norm": true,
        "use_dropout": true,
        "batch_size": 64
    },
    "results": {
        "loss": 0.3258935809135437,
        "mae": 0.4390139877796173,
        "r2_score": 0.8514021039009094,
        "root_mean_squared_error": 0.5708708763122559,
        "val_loss": 0.058031175285577774,
        "val_mae": 0.1871570646762848,
        "val_r2_score": 0.9736862778663635,
        "val_root_mean_squared_error": 0.24089661240577698,
        "train_time": 15.52806568145752
    }
}