{
    "parameters": {
        "num_layers": 2,
        "num_neurons": 16,
        "num_epochs": 100,
        "learning_rate": 0.0005,
        "use_batch_norm": true,
        "use_dropout": true,
        "batch_size": 128
    },
    "results": {
        "loss": 0.30318087339401245,
        "mae": 0.420509397983551,
        "r2_score": 0.8625311851501465,
        "root_mean_squared_error": 0.5506186485290527,
        "val_loss": 0.07389000803232193,
        "val_mae": 0.2150648832321167,
        "val_r2_score": 0.9674226641654968,
        "val_root_mean_squared_error": 0.27182716131210327,
        "train_time": 9.413567781448364
    }
}