{
    "parameters": {
        "num_layers": 2,
        "num_neurons": 16,
        "num_epochs": 100,
        "learning_rate": 0.0005,
        "use_batch_norm": true,
        "use_dropout": true,
        "batch_size": 128
    },
    "results": {
        "loss": 0.31773462891578674,
        "mae": 0.42711904644966125,
        "r2_score": 0.8551223278045654,
        "root_mean_squared_error": 0.5636795163154602,
        "val_loss": 0.06445677578449249,
        "val_mae": 0.19734661281108856,
        "val_r2_score": 0.9707726836204529,
        "val_root_mean_squared_error": 0.25388339161872864,
        "train_time": 9.797648429870605
    }
}