{
    "parameters": {
        "num_layers": 2,
        "num_neurons": 16,
        "num_epochs": 100,
        "learning_rate": 0.0005,
        "use_batch_norm": true,
        "use_dropout": true,
        "batch_size": 128
    },
    "results": {
        "loss": 0.4171820878982544,
        "mae": 0.49576452374458313,
        "r2_score": 0.8293048143386841,
        "root_mean_squared_error": 0.645896315574646,
        "val_loss": 0.10325606167316437,
        "val_mae": 0.2595096230506897,
        "val_r2_score": 0.9589716792106628,
        "val_root_mean_squared_error": 0.3213348090648651,
        "train_time": 7.306941509246826
    }
}