{
    "parameters": {
        "mf_type": "Gaussian",
        "num_mfs": 3,
        "learning_rate": 0.0005,
        "batch_size": 64,
        "num_epochs": 500
    },
    "results": {
        "loss": 0.09903062134981155,
        "mae": 0.2546776533126831,
        "r2_score": 0.9595797061920166,
        "root_mean_squared_error": 0.31469130516052246,
        "val_loss": 0.09582137316465378,
        "val_mae": 0.24760189652442932,
        "val_r2_score": 0.9611870050430298,
        "val_root_mean_squared_error": 0.30955028533935547,
        "train_time": 74.473313331604
    }
}