{
    "parameters": {
        "mf_type": "Gaussian",
        "num_mfs": 5,
        "learning_rate": 0.001,
        "batch_size": 32,
        "num_epochs": 500
    },
    "results": {
        "loss": 0.09791836142539978,
        "mae": 0.25320664048194885,
        "r2_score": 0.960033655166626,
        "root_mean_squared_error": 0.31291911005973816,
        "val_loss": 0.09401557594537735,
        "val_mae": 0.24601960182189941,
        "val_r2_score": 0.9619185328483582,
        "val_root_mean_squared_error": 0.3066195845603943,
        "train_time": 391.2530560493469
    }
}