{
    "parameters": {
        "mf_type": "Generalized Bell",
        "num_mfs": 3,
        "learning_rate": 0.001,
        "batch_size": 64,
        "num_epochs": 500
    },
    "results": {
        "loss": 0.0979907363653183,
        "mae": 0.2533889412879944,
        "r2_score": 0.9600040912628174,
        "root_mean_squared_error": 0.31303471326828003,
        "val_loss": 0.09503263980150223,
        "val_mae": 0.2462911307811737,
        "val_r2_score": 0.9615064859390259,
        "val_root_mean_squared_error": 0.30827364325523376,
        "train_time": 80.7198224067688
    }
}