{
    "parameters": {
        "num_layers": 2,
        "num_neurons": 16,
        "num_epochs": 100,
        "learning_rate": 0.0005,
        "use_batch_norm": true,
        "use_dropout": true,
        "batch_size": 32
    },
    "results": {
        "loss": 0.2786596417427063,
        "mae": 0.40437328815460205,
        "r2_score": 0.8729391098022461,
        "root_mean_squared_error": 0.5278822183609009,
        "val_loss": 0.059135690331459045,
        "val_mae": 0.18839453160762787,
        "val_r2_score": 0.9731854796409607,
        "val_root_mean_squared_error": 0.24317830801010132,
        "train_time": 24.4369900226593
    }
}