{
    "parameters": {
        "mf_type": "Generalized Bell",
        "num_mfs": 5,
        "learning_rate": 0.0005,
        "batch_size": 64,
        "num_epochs": 250
    },
    "results": {
        "loss": 0.09628020972013474,
        "mae": 0.2501588463783264,
        "root_mean_squared_error": 0.31029051542282104,
        "val_loss": 0.09410917013883591,
        "val_mae": 0.24446898698806763,
        "val_root_mean_squared_error": 0.3067721724510193,
        "train_time": 216.89907813072205
    }
}