{
    "parameters": {
        "mf_type": "Generalized Bell",
        "num_mfs": 5,
        "learning_rate": 0.0005,
        "batch_size": 128,
        "num_epochs": 250
    },
    "results": {
        "loss": 0.09653972089290619,
        "mae": 0.2505660653114319,
        "root_mean_squared_error": 0.3107084035873413,
        "val_loss": 0.09410517662763596,
        "val_mae": 0.24409691989421844,
        "val_root_mean_squared_error": 0.30676567554473877,
        "train_time": 182.8961524963379
    }
}