{
    "parameters": {
        "num_layers": 2,
        "num_neurons": 64,
        "num_epochs": 250,
        "learning_rate": 0.0005,
        "use_batch_norm": true,
        "use_dropout": true,
        "batch_size": 128
    },
    "results": {
        "loss": 0.10849052667617798,
        "mae": 0.2531823217868805,
        "r2_score": 0.9508081674575806,
        "root_mean_squared_error": 0.32937899231910706,
        "val_loss": 0.013430057093501091,
        "val_mae": 0.0871320366859436,
        "val_r2_score": 0.9940788149833679,
        "val_root_mean_squared_error": 0.11588812619447708,
        "train_time": 23.66218400001526
    }
}