{
    "parameters": {
        "num_layers": 2,
        "num_neurons": 64,
        "num_epochs": 250,
        "learning_rate": 0.0005,
        "use_batch_norm": true,
        "use_dropout": true,
        "batch_size": 128
    },
    "results": {
        "loss": 0.1366928219795227,
        "mae": 0.2882845401763916,
        "r2_score": 0.9440703392028809,
        "root_mean_squared_error": 0.369719922542572,
        "val_loss": 0.03320307284593582,
        "val_mae": 0.13927754759788513,
        "val_r2_score": 0.9868069291114807,
        "val_root_mean_squared_error": 0.18221710622310638,
        "train_time": 19.34979557991028
    }
}