{
    "parameters": {
        "num_layers": 2,
        "num_neurons": 64,
        "num_epochs": 500,
        "learning_rate": 0.001,
        "use_batch_norm": true,
        "use_dropout": true,
        "batch_size": 32
    },
    "results": {
        "loss": 0.13916680216789246,
        "mae": 0.2934930920600891,
        "r2_score": 0.9365441799163818,
        "root_mean_squared_error": 0.37305065989494324,
        "val_loss": 0.052819594740867615,
        "val_mae": 0.1348753720521927,
        "val_r2_score": 0.9760494232177734,
        "val_root_mean_squared_error": 0.22982513904571533,
        "train_time": 114.22383904457092
    }
}