{
    "parameters": {
        "num_layers": 2,
        "num_neurons": 64,
        "num_epochs": 500,
        "learning_rate": 0.001,
        "use_batch_norm": true,
        "use_dropout": true,
        "batch_size": 32
    },
    "results": {
        "loss": 0.15851441025733948,
        "mae": 0.31456902623176575,
        "r2_score": 0.9351413249969482,
        "root_mean_squared_error": 0.3981386721134186,
        "val_loss": 0.0220736525952816,
        "val_mae": 0.11489172279834747,
        "val_r2_score": 0.9912291765213013,
        "val_root_mean_squared_error": 0.14857204258441925,
        "train_time": 79.20727825164795
    }
}