{
    "parameters": {
        "num_layers": 2,
        "num_neurons": 64,
        "num_epochs": 500,
        "learning_rate": 0.001,
        "use_batch_norm": true,
        "use_dropout": true,
        "batch_size": 32
    },
    "results": {
        "loss": 0.124254010617733,
        "mae": 0.27657845616340637,
        "r2_score": 0.9436608552932739,
        "root_mean_squared_error": 0.35249683260917664,
        "val_loss": 0.015527796000242233,
        "val_mae": 0.08854148536920547,
        "val_r2_score": 0.9931539297103882,
        "val_root_mean_squared_error": 0.12461058050394058,
        "train_time": 107.97890400886536
    }
}