{
    "parameters": {
        "num_layers": 2,
        "num_neurons": 32,
        "num_epochs": 500,
        "learning_rate": 0.0001,
        "use_batch_norm": true,
        "use_dropout": true,
        "batch_size": 32
    },
    "results": {
        "loss": 0.24712911248207092,
        "mae": 0.38759079575538635,
        "r2_score": 0.8988838195800781,
        "root_mean_squared_error": 0.49712082743644714,
        "val_loss": 0.05030231177806854,
        "val_mae": 0.17902640998363495,
        "val_r2_score": 0.9800126552581787,
        "val_root_mean_squared_error": 0.22428177297115326,
        "train_time": 78.55860757827759
    }
}