{
    "parameters": {
        "num_layers": 2,
        "num_neurons": 32,
        "num_epochs": 500,
        "learning_rate": 0.0001,
        "use_batch_norm": true,
        "use_dropout": true,
        "batch_size": 32
    },
    "results": {
        "loss": 0.20998865365982056,
        "mae": 0.3575931787490845,
        "r2_score": 0.9047868251800537,
        "root_mean_squared_error": 0.458245187997818,
        "val_loss": 0.03381044417619705,
        "val_mae": 0.14663910865783691,
        "val_r2_score": 0.9850932955741882,
        "val_root_mean_squared_error": 0.183876171708107,
        "train_time": 115.6509141921997
    }
}