{
    "parameters": {
        "num_layers": 2,
        "num_neurons": 32,
        "num_epochs": 500,
        "learning_rate": 0.0001,
        "use_batch_norm": true,
        "use_dropout": true,
        "batch_size": 32
    },
    "results": {
        "loss": 0.2169765681028366,
        "mae": 0.3592754304409027,
        "r2_score": 0.9010641574859619,
        "root_mean_squared_error": 0.4658074378967285,
        "val_loss": 0.03709298372268677,
        "val_mae": 0.14362750947475433,
        "val_r2_score": 0.9831805229187012,
        "val_root_mean_squared_error": 0.19259539246559143,
        "train_time": 119.44543147087097
    }
}