{
    "parameters": {
        "mf_type": "Generalized Bell",
        "num_mfs": 3,
        "learning_rate": 0.0001,
        "batch_size": 64,
        "num_epochs": 250
    },
    "results": {
        "loss": 0.9705599546432495,
        "mae": 0.9310651421546936,
        "root_mean_squared_error": 0.9851700067520142,
        "val_loss": 0.9455040693283081,
        "val_mae": 0.919558584690094,
        "val_root_mean_squared_error": 0.9723703265190125,
        "train_time": 39.623494386672974
    }
}