{
    "parameters": {
        "num_layers": 2,
        "num_neurons": 16,
        "num_epochs": 250,
        "learning_rate": 0.0005,
        "use_batch_norm": true,
        "use_dropout": true,
        "batch_size": 64
    },
    "results": {
        "loss": 0.20218200981616974,
        "mae": 0.34225308895111084,
        "root_mean_squared_error": 0.449646532535553,
        "val_loss": 0.07604718208312988,
        "val_mae": 0.20723557472229004,
        "val_root_mean_squared_error": 0.275766521692276,
        "train_time": 31.361454248428345
    }
}