{
    "parameters": {
        "num_layers": 1,
        "num_neurons": 32,
        "num_epochs": 250,
        "learning_rate": 0.0001,
        "use_batch_norm": true,
        "use_dropout": true,
        "batch_size": 32
    },
    "results": {
        "loss": 0.30104678869247437,
        "mae": 0.4300328195095062,
        "r2_score": 0.8768222332000732,
        "root_mean_squared_error": 0.5486773252487183,
        "val_loss": 0.08438532054424286,
        "val_mae": 0.23642151057720184,
        "val_r2_score": 0.966469943523407,
        "val_root_mean_squared_error": 0.29049152135849,
        "train_time": 32.96655893325806
    }
}