{
    "parameters": {
        "num_layers": 1,
        "num_neurons": 32,
        "num_epochs": 250,
        "learning_rate": 0.0001,
        "use_batch_norm": true,
        "use_dropout": true,
        "batch_size": 32
    },
    "results": {
        "loss": 0.22640199959278107,
        "mae": 0.3740873634815216,
        "r2_score": 0.8973450660705566,
        "root_mean_squared_error": 0.4758172035217285,
        "val_loss": 0.05997053533792496,
        "val_mae": 0.19808384776115417,
        "val_r2_score": 0.973559558391571,
        "val_root_mean_squared_error": 0.24488882720470428,
        "train_time": 47.31676125526428
    }
}