{
    "parameters": {
        "mf_type": "Generalized Bell",
        "num_mfs": 5,
        "learning_rate": 0.0001,
        "batch_size": 64,
        "num_epochs": 250
    },
    "results": {
        "loss": 1.2961686849594116,
        "mae": 1.0913933515548706,
        "r2_score": 0.4709557890892029,
        "root_mean_squared_error": 1.1384940147399902,
        "val_loss": 1.2612226009368896,
        "val_mae": 1.0779246091842651,
        "val_r2_score": 0.4891347289085388,
        "val_root_mean_squared_error": 1.1230416297912598,
        "train_time": 216.70203518867493
    }
}