{
    "parameters": {
        "num_layers": 2,
        "num_neurons": 16,
        "num_epochs": 500,
        "learning_rate": 0.0001,
        "use_batch_norm": true,
        "use_dropout": true,
        "batch_size": 64
    },
    "results": {
        "loss": 0.3403654098510742,
        "mae": 0.44915473461151123,
        "r2_score": 0.8607354164123535,
        "root_mean_squared_error": 0.5834084153175354,
        "val_loss": 0.10590842366218567,
        "val_mae": 0.26289108395576477,
        "val_r2_score": 0.9579178690910339,
        "val_root_mean_squared_error": 0.3254357576370239,
        "train_time": 46.697866916656494
    }
}