{
    "parameters": {
        "num_layers": 2,
        "num_neurons": 16,
        "num_epochs": 500,
        "learning_rate": 0.0001,
        "use_batch_norm": true,
        "use_dropout": true,
        "batch_size": 64
    },
    "results": {
        "loss": 0.2445431500673294,
        "mae": 0.3757982850074768,
        "r2_score": 0.8891186714172363,
        "root_mean_squared_error": 0.49451303482055664,
        "val_loss": 0.05149034783244133,
        "val_mae": 0.18390338122844696,
        "val_r2_score": 0.9772984385490417,
        "val_root_mean_squared_error": 0.22691485285758972,
        "train_time": 65.45794701576233
    }
}