{
    "parameters": {
        "num_layers": 1,
        "num_neurons": 64,
        "num_epochs": 100,
        "learning_rate": 0.0001,
        "use_batch_norm": true,
        "use_dropout": true,
        "batch_size": 32
    },
    "results": {
        "loss": 0.20861725509166718,
        "mae": 0.35885316133499146,
        "r2_score": 0.9054086804389954,
        "root_mean_squared_error": 0.456746369600296,
        "val_loss": 0.0397881381213665,
        "val_mae": 0.15775734186172485,
        "val_r2_score": 0.9824578166007996,
        "val_root_mean_squared_error": 0.1994696408510208,
        "train_time": 18.82193684577942
    }
}