{
    "parameters": {
        "num_layers": 1,
        "num_neurons": 64,
        "num_epochs": 100,
        "learning_rate": 0.0001,
        "use_batch_norm": true,
        "use_dropout": true,
        "batch_size": 32
    },
    "results": {
        "loss": 0.2817210257053375,
        "mae": 0.41837382316589355,
        "r2_score": 0.8847304582595825,
        "root_mean_squared_error": 0.5307739973068237,
        "val_loss": 0.06887294352054596,
        "val_mae": 0.21090811491012573,
        "val_r2_score": 0.9726337194442749,
        "val_root_mean_squared_error": 0.26243653893470764,
        "train_time": 13.90133810043335
    }
}