{
    "parameters": {
        "num_layers": 1,
        "num_neurons": 64,
        "num_epochs": 100,
        "learning_rate": 0.0001,
        "use_batch_norm": true,
        "use_dropout": true,
        "batch_size": 32
    },
    "results": {
        "loss": 0.26495784521102905,
        "mae": 0.40653055906295776,
        "r2_score": 0.8791871666908264,
        "root_mean_squared_error": 0.5147405862808228,
        "val_loss": 0.07329590618610382,
        "val_mae": 0.2102755606174469,
        "val_r2_score": 0.9667646884918213,
        "val_root_mean_squared_error": 0.27073216438293457,
        "train_time": 21.315813064575195
    }
}