{
    "parameters": {
        "num_layers": 2,
        "num_neurons": 32,
        "num_epochs": 250,
        "learning_rate": 0.0001,
        "use_batch_norm": true,
        "use_dropout": true,
        "batch_size": 64
    },
    "results": {
        "loss": 0.22846856713294983,
        "mae": 0.3670697808265686,
        "root_mean_squared_error": 0.47798386216163635,
        "val_loss": 0.04693066328763962,
        "val_mae": 0.16558143496513367,
        "val_root_mean_squared_error": 0.2166348546743393,
        "train_time": 31.647834539413452
    }
}