{
    "parameters": {
        "num_layers": 2,
        "num_neurons": 32,
        "num_epochs": 250,
        "learning_rate": 0.0001,
        "use_batch_norm": true,
        "use_dropout": true,
        "batch_size": 64
    },
    "results": {
        "loss": 0.2375933676958084,
        "mae": 0.37788984179496765,
        "r2_score": 0.8916647434234619,
        "root_mean_squared_error": 0.4874354898929596,
        "val_loss": 0.04992008954286575,
        "val_mae": 0.1707775741815567,
        "val_r2_score": 0.977364182472229,
        "val_root_mean_squared_error": 0.22342804074287415,
        "train_time": 36.022130489349365
    }
}