{
    "parameters": {
        "num_layers": 1,
        "num_neurons": 32,
        "num_epochs": 500,
        "learning_rate": 0.001,
        "use_batch_norm": true,
        "use_dropout": true,
        "batch_size": 64
    },
    "results": {
        "loss": 0.16823242604732513,
        "mae": 0.3247743844985962,
        "r2_score": 0.931165337562561,
        "root_mean_squared_error": 0.41016146540641785,
        "val_loss": 0.08601655811071396,
        "val_mae": 0.23893505334854126,
        "val_r2_score": 0.9658218026161194,
        "val_root_mean_squared_error": 0.2932857871055603,
        "train_time": 41.80565810203552
    }
}