{
    "parameters": {
        "num_layers": 1,
        "num_neurons": 32,
        "num_epochs": 500,
        "learning_rate": 0.001,
        "use_batch_norm": true,
        "use_dropout": true,
        "batch_size": 64
    },
    "results": {
        "loss": 0.14586609601974487,
        "mae": 0.2986745834350586,
        "r2_score": 0.9334896206855774,
        "root_mean_squared_error": 0.38192421197891235,
        "val_loss": 0.06165206804871559,
        "val_mae": 0.1980956494808197,
        "val_r2_score": 0.9720444083213806,
        "val_root_mean_squared_error": 0.24829834699630737,
        "train_time": 62.12730097770691
    }
}