{
    "parameters": {
        "num_layers": 1,
        "num_neurons": 32,
        "num_epochs": 500,
        "learning_rate": 0.001,
        "use_batch_norm": true,
        "use_dropout": true,
        "batch_size": 64
    },
    "results": {
        "loss": 0.13796880841255188,
        "mae": 0.29140785336494446,
        "r2_score": 0.9374422430992126,
        "root_mean_squared_error": 0.371441513299942,
        "val_loss": 0.058459024876356125,
        "val_mae": 0.19442665576934814,
        "val_r2_score": 0.9742259979248047,
        "val_root_mean_squared_error": 0.241783007979393,
        "train_time": 57.46561670303345
    }
}