{
    "parameters": {
        "mf_type": "Generalized Bell",
        "num_mfs": 3,
        "learning_rate": 0.0005,
        "batch_size": 64,
        "num_epochs": 500
    },
    "results": {
        "loss": 0.09663841873407364,
        "mae": 0.2507249712944031,
        "r2_score": 0.960555911064148,
        "root_mean_squared_error": 0.31086719036102295,
        "val_loss": 0.09272149205207825,
        "val_mae": 0.24374817311763763,
        "val_r2_score": 0.9624426364898682,
        "val_root_mean_squared_error": 0.30450204014778137,
        "train_time": 80.95030641555786
    }
}