{
    "parameters": {
        "num_layers": 1,
        "num_neurons": 16,
        "num_epochs": 250,
        "learning_rate": 0.0005,
        "use_batch_norm": true,
        "use_dropout": true,
        "batch_size": 128
    },
    "results": {
        "loss": 0.18236306309700012,
        "mae": 0.33004701137542725,
        "r2_score": 0.916847825050354,
        "root_mean_squared_error": 0.42703989148139954,
        "val_loss": 0.06591065973043442,
        "val_mae": 0.2066240906715393,
        "val_r2_score": 0.9701134562492371,
        "val_root_mean_squared_error": 0.25673070549964905,
        "train_time": 20.776221752166748
    }
}