{
    "parameters": {
        "num_layers": 1,
        "num_neurons": 16,
        "num_epochs": 250,
        "learning_rate": 0.0005,
        "use_batch_norm": true,
        "use_dropout": true,
        "batch_size": 128
    },
    "results": {
        "loss": 0.21391652524471283,
        "mae": 0.35225939750671387,
        "root_mean_squared_error": 0.4625111222267151,
        "val_loss": 0.08794252574443817,
        "val_mae": 0.238843634724617,
        "val_root_mean_squared_error": 0.29655104875564575,
        "train_time": 17.426220893859863
    }
}