{
    "parameters": {
        "num_layers": 1,
        "num_neurons": 32,
        "num_epochs": 100,
        "learning_rate": 0.0005,
        "use_batch_norm": true,
        "use_dropout": true,
        "batch_size": 128
    },
    "results": {
        "loss": 0.1976272314786911,
        "mae": 0.34783968329429626,
        "r2_score": 0.9103915691375732,
        "root_mean_squared_error": 0.44455283880233765,
        "val_loss": 0.054730989038944244,
        "val_mae": 0.18866699934005737,
        "val_r2_score": 0.9758696556091309,
        "val_root_mean_squared_error": 0.2339465469121933,
        "train_time": 7.848218202590942
    }
}