{
    "parameters": {
        "num_layers": 1,
        "num_neurons": 32,
        "num_epochs": 100,
        "learning_rate": 0.0005,
        "use_batch_norm": true,
        "use_dropout": true,
        "batch_size": 128
    },
    "results": {
        "loss": 0.25767791271209717,
        "mae": 0.3957992196083069,
        "r2_score": 0.8945677876472473,
        "root_mean_squared_error": 0.5076198577880859,
        "val_loss": 0.09105997532606125,
        "val_mae": 0.24683187901973724,
        "val_r2_score": 0.9638177752494812,
        "val_root_mean_squared_error": 0.3017614483833313,
        "train_time": 6.501058340072632
    }
}