{
    "parameters": {
        "num_layers": 1,
        "num_neurons": 32,
        "num_epochs": 100,
        "learning_rate": 0.0005,
        "use_batch_norm": true,
        "use_dropout": true,
        "batch_size": 128
    },
    "results": {
        "loss": 0.24065253138542175,
        "mae": 0.3803848326206207,
        "r2_score": 0.8902696371078491,
        "root_mean_squared_error": 0.4905634820461273,
        "val_loss": 0.07254412025213242,
        "val_mae": 0.21595969796180725,
        "val_r2_score": 0.9671055674552917,
        "val_root_mean_squared_error": 0.2693401575088501,
        "train_time": 8.931009769439697
    }
}