{
    "parameters": {
        "mf_type": "Generalized Bell",
        "num_mfs": 2,
        "learning_rate": 0.0005,
        "batch_size": 128,
        "num_epochs": 250
    },
    "results": {
        "loss": 0.10671479254961014,
        "mae": 0.2640433609485626,
        "root_mean_squared_error": 0.3266723155975342,
        "val_loss": 0.10277192294597626,
        "val_mae": 0.25664806365966797,
        "val_root_mean_squared_error": 0.3205806016921997,
        "train_time": 19.109407663345337
    }
}