{
    "parameters": {
        "num_layers": 1,
        "num_neurons": 64,
        "num_epochs": 500,
        "learning_rate": 0.0001,
        "use_batch_norm": true,
        "use_dropout": true,
        "batch_size": 32
    },
    "results": {
        "loss": 0.1942843496799469,
        "mae": 0.3482467830181122,
        "r2_score": 0.911412239074707,
        "root_mean_squared_error": 0.4407769739627838,
        "val_loss": 0.05010155588388443,
        "val_mae": 0.17527304589748383,
        "val_r2_score": 0.977281928062439,
        "val_root_mean_squared_error": 0.22383376955986023,
        "train_time": 105.35105395317078
    }
}