{
    "parameters": {
        "num_layers": 1,
        "num_neurons": 64,
        "num_epochs": 500,
        "learning_rate": 0.0001,
        "use_batch_norm": true,
        "use_dropout": true,
        "batch_size": 32
    },
    "results": {
        "loss": 0.16884921491146088,
        "mae": 0.3253399431705475,
        "r2_score": 0.9234402775764465,
        "root_mean_squared_error": 0.4109126627445221,
        "val_loss": 0.03901810944080353,
        "val_mae": 0.1559654027223587,
        "val_r2_score": 0.9827972650527954,
        "val_root_mean_squared_error": 0.19753001630306244,
        "train_time": 99.39625668525696
    }
}