{
    "parameters": {
        "num_layers": 1,
        "num_neurons": 64,
        "num_epochs": 500,
        "learning_rate": 0.0001,
        "use_batch_norm": true,
        "use_dropout": true,
        "batch_size": 32
    },
    "results": {
        "loss": 0.22764432430267334,
        "mae": 0.37629374861717224,
        "r2_score": 0.9068560600280762,
        "root_mean_squared_error": 0.47712087631225586,
        "val_loss": 0.06855560839176178,
        "val_mae": 0.21101704239845276,
        "val_r2_score": 0.9727597832679749,
        "val_root_mean_squared_error": 0.26183125376701355,
        "train_time": 66.89276027679443
    }
}