{
    "parameters": {
        "mf_type": "Gaussian",
        "num_mfs": 4,
        "learning_rate": 0.001,
        "batch_size": 64,
        "num_epochs": 250
    },
    "results": {
        "loss": 0.09834755212068558,
        "mae": 0.25343653559684753,
        "r2_score": 0.9598582983016968,
        "root_mean_squared_error": 0.3136041462421417,
        "val_loss": 0.09387382864952087,
        "val_mae": 0.2458983063697815,
        "val_r2_score": 0.9619758725166321,
        "val_root_mean_squared_error": 0.30638834834098816,
        "train_time": 85.15070748329163
    }
}