{
    "parameters": {
        "mf_type": "Generalized Bell",
        "num_mfs": 4,
        "learning_rate": 0.0001,
        "batch_size": 64,
        "num_epochs": 100
    },
    "results": {
        "loss": 8.44691276550293,
        "mae": 2.8399078845977783,
        "root_mean_squared_error": 2.9063572883605957,
        "val_loss": 8.291762351989746,
        "val_mae": 2.8136980533599854,
        "val_root_mean_squared_error": 2.879542112350464,
        "train_time": 39.47092795372009
    }
}