{
    "parameters": {
        "num_layers": 3,
        "num_neurons": 112,
        "num_epochs": 500,
        "learning_rate": 0.001,
        "use_batch_norm": true,
        "use_dropout": true,
        "batch_size": 128
    },
    "results": {
        "loss": 0.07294772565364838,
        "mae": 0.21004141867160797,
        "r2_score": 0.9701837301254272,
        "root_mean_squared_error": 0.2700883746147156,
        "val_loss": 0.00951938796788454,
        "val_mae": 0.07090863585472107,
        "val_r2_score": 0.9960883259773254,
        "val_root_mean_squared_error": 0.0975673496723175,
        "train_time": 49.122661113739014
    }
}