{
    "parameters": {
        "num_layers": 3,
        "num_neurons": 112,
        "num_epochs": 500,
        "learning_rate": 0.001,
        "use_batch_norm": true,
        "use_dropout": true,
        "batch_size": 128
    },
    "results": {
        "loss": 0.052959639579057693,
        "mae": 0.1789466291666031,
        "r2_score": 0.9756148457527161,
        "root_mean_squared_error": 0.23012961447238922,
        "val_loss": 0.0074010491371154785,
        "val_mae": 0.06099797040224075,
        "val_r2_score": 0.9966974854469299,
        "val_root_mean_squared_error": 0.08602935075759888,
        "train_time": 66.01281380653381
    }
}