{
    "parameters": {
        "mf_type": "Generalized Bell",
        "num_mfs": 4,
        "learning_rate": 0.001,
        "batch_size": 32,
        "num_epochs": 500
    },
    "results": {
        "loss": 0.09007765352725983,
        "mae": 0.2406293898820877,
        "r2_score": 0.9632338285446167,
        "root_mean_squared_error": 0.30012938380241394,
        "val_loss": 0.0879860371351242,
        "val_mae": 0.23718255758285522,
        "val_r2_score": 0.9643608331680298,
        "val_root_mean_squared_error": 0.29662439227104187,
        "train_time": 222.33521580696106
    }
}