{
    "parameters": {
        "num_layers": 1,
        "num_neurons": 32,
        "num_epochs": 500,
        "learning_rate": 0.0001,
        "use_batch_norm": true,
        "use_dropout": true,
        "batch_size": 64
    },
    "results": {
        "loss": 0.18704542517662048,
        "mae": 0.3382723331451416,
        "root_mean_squared_error": 0.43248748779296875,
        "val_loss": 0.061714936047792435,
        "val_mae": 0.19764570891857147,
        "val_root_mean_squared_error": 0.24842491745948792,
        "train_time": 52.48804044723511
    }
}