{
    "parameters": {
        "mf_type": "Generalized Bell",
        "num_mfs": 4,
        "learning_rate": 0.0001,
        "batch_size": 64,
        "num_epochs": 250
    },
    "results": {
        "loss": 0.4984106421470642,
        "mae": 0.6369853615760803,
        "root_mean_squared_error": 0.7059820294380188,
        "val_loss": 0.4814518094062805,
        "val_mae": 0.6288941502571106,
        "val_root_mean_squared_error": 0.6938672661781311,
        "train_time": 94.51758337020874
    }
}