{
    "parameters": {
        "num_layers": 1,
        "num_neurons": 32,
        "num_epochs": 100,
        "learning_rate": 0.001,
        "use_batch_norm": true,
        "use_dropout": true,
        "batch_size": 128
    },
    "results": {
        "loss": 0.18050840497016907,
        "mae": 0.33116522431373596,
        "r2_score": 0.9176932573318481,
        "root_mean_squared_error": 0.424862802028656,
        "val_loss": 0.06256051361560822,
        "val_mae": 0.196804478764534,
        "val_r2_score": 0.9716325402259827,
        "val_root_mean_squared_error": 0.25012099742889404,
        "train_time": 8.401483058929443
    }
}