{
    "parameters": {
        "num_layers": 1,
        "num_neurons": 32,
        "num_epochs": 100,
        "learning_rate": 0.001,
        "use_batch_norm": true,
        "use_dropout": true,
        "batch_size": 128
    },
    "results": {
        "loss": 0.22933924198150635,
        "mae": 0.3743078112602234,
        "r2_score": 0.9061627388000488,
        "root_mean_squared_error": 0.4788937568664551,
        "val_loss": 0.08896362781524658,
        "val_mae": 0.24258531630039215,
        "val_r2_score": 0.9646507501602173,
        "val_root_mean_squared_error": 0.2982677221298218,
        "train_time": 6.582916021347046
    }
}