{
    "parameters": {
        "num_layers": 1,
        "num_neurons": 32,
        "num_epochs": 100,
        "learning_rate": 0.001,
        "use_batch_norm": true,
        "use_dropout": true,
        "batch_size": 128
    },
    "results": {
        "loss": 0.18262872099876404,
        "mae": 0.33170756697654724,
        "r2_score": 0.9171922206878662,
        "root_mean_squared_error": 0.42735081911087036,
        "val_loss": 0.05305366590619087,
        "val_mae": 0.1818406581878662,
        "val_r2_score": 0.9766091704368591,
        "val_root_mean_squared_error": 0.2303338199853897,
        "train_time": 7.850374698638916
    }
}