{
    "parameters": {
        "num_layers": 2,
        "num_neurons": 64,
        "num_epochs": 500,
        "learning_rate": 0.0001,
        "use_batch_norm": true,
        "use_dropout": true,
        "batch_size": 128
    },
    "results": {
        "loss": 0.12027211487293243,
        "mae": 0.2675530016422272,
        "r2_score": 0.9454661011695862,
        "root_mean_squared_error": 0.3468027114868164,
        "val_loss": 0.018714826554059982,
        "val_mae": 0.10341887176036835,
        "val_r2_score": 0.9917488098144531,
        "val_root_mean_squared_error": 0.13680213689804077,
        "train_time": 47.25239086151123
    }
}