{
    "parameters": {
        "num_layers": 2,
        "num_neurons": 64,
        "num_epochs": 500,
        "learning_rate": 0.0001,
        "use_batch_norm": true,
        "use_dropout": true,
        "batch_size": 128
    },
    "results": {
        "loss": 0.16431744396686554,
        "mae": 0.3178058862686157,
        "r2_score": 0.9327672719955444,
        "root_mean_squared_error": 0.4053608775138855,
        "val_loss": 0.03982787951827049,
        "val_mae": 0.15702809393405914,
        "val_r2_score": 0.9841746091842651,
        "val_root_mean_squared_error": 0.1995692402124405,
        "train_time": 36.20560121536255
    }
}