{
    "parameters": {
        "mf_type": "Generalized Bell",
        "num_mfs": 4,
        "learning_rate": 0.0005,
        "batch_size": 64,
        "num_epochs": 500
    },
    "results": {
        "loss": 0.09592178463935852,
        "mae": 0.2503816783428192,
        "r2_score": 0.9608487486839294,
        "root_mean_squared_error": 0.30971240997314453,
        "val_loss": 0.09217124432325363,
        "val_mae": 0.24331098794937134,
        "val_r2_score": 0.9626654982566833,
        "val_root_mean_squared_error": 0.30359718203544617,
        "train_time": 178.99565243721008
    }
}