{
    "parameters": {
        "mf_type": "Smoothed Triangular",
        "num_mfs": 4,
        "learning_rate": 0.0005,
        "batch_size": 32,
        "num_epochs": 100
    },
    "results": {
        "loss": 14.145472526550293,
        "mae": 3.5619187355041504,
        "root_mean_squared_error": 3.7610466480255127,
        "val_loss": 14.03249454498291,
        "val_mae": 3.5438501834869385,
        "val_root_mean_squared_error": 3.745997190475464,
        "train_time": 49.92974138259888
    }
}