{
    "parameters": {
        "mf_type": "Generalized Bell",
        "num_mfs": 5,
        "learning_rate": 0.001,
        "batch_size": 32,
        "num_epochs": 500
    },
    "results": {
        "loss": 0.09364687651395798,
        "mae": 0.24706652760505676,
        "root_mean_squared_error": 0.30601778626441956,
        "val_loss": 0.09151959419250488,
        "val_mae": 0.24113376438617706,
        "val_root_mean_squared_error": 0.30252206325531006,
        "train_time": 398.3721182346344
    }
}