{
    "parameters": {
        "num_layers": 1,
        "num_neurons": 64,
        "num_epochs": 500,
        "learning_rate": 0.0005,
        "use_batch_norm": true,
        "use_dropout": true,
        "batch_size": 128
    },
    "results": {
        "loss": 0.11091750860214233,
        "mae": 0.26021334528923035,
        "r2_score": 0.9494248032569885,
        "root_mean_squared_error": 0.33304280042648315,
        "val_loss": 0.05460937321186066,
        "val_mae": 0.18666373193264008,
        "val_r2_score": 0.9752379059791565,
        "val_root_mean_squared_error": 0.23368649184703827,
        "train_time": 46.16489291191101
    }
}