{
    "parameters": {
        "num_layers": 1,
        "num_neurons": 64,
        "num_epochs": 500,
        "learning_rate": 0.0005,
        "use_batch_norm": true,
        "use_dropout": true,
        "batch_size": 128
    },
    "results": {
        "loss": 0.11081109941005707,
        "mae": 0.2608111798763275,
        "root_mean_squared_error": 0.33288300037384033,
        "val_loss": 0.05318622291088104,
        "val_mae": 0.17874076962471008,
        "val_root_mean_squared_error": 0.23062138259410858,
        "train_time": 37.51739168167114
    }
}