{
    "parameters": {
        "num_layers": 2,
        "num_neurons": 32,
        "num_epochs": 250,
        "learning_rate": 0.0005,
        "use_batch_norm": true,
        "use_dropout": true,
        "batch_size": 128
    },
    "results": {
        "loss": 0.1482275277376175,
        "mae": 0.2954075038433075,
        "r2_score": 0.9324129819869995,
        "root_mean_squared_error": 0.3850032687187195,
        "val_loss": 0.05222371965646744,
        "val_mae": 0.1752990335226059,
        "val_r2_score": 0.9763196706771851,
        "val_root_mean_squared_error": 0.2285251021385193,
        "train_time": 23.8118953704834
    }
}