{
    "parameters": {
        "num_layers": 2,
        "num_neurons": 32,
        "num_epochs": 250,
        "learning_rate": 0.0005,
        "use_batch_norm": true,
        "use_dropout": true,
        "batch_size": 128
    },
    "results": {
        "loss": 0.14567650854587555,
        "mae": 0.2939090132713318,
        "root_mean_squared_error": 0.38167592883110046,
        "val_loss": 0.03827756643295288,
        "val_mae": 0.15246914327144623,
        "val_root_mean_squared_error": 0.19564653933048248,
        "train_time": 20.34760093688965
    }
}