{
    "parameters": {
        "num_layers": 1,
        "num_neurons": 64,
        "num_epochs": 250,
        "learning_rate": 0.001,
        "use_batch_norm": true,
        "use_dropout": true,
        "batch_size": 32
    },
    "results": {
        "loss": 0.15580834448337555,
        "mae": 0.31044086813926697,
        "r2_score": 0.9289567470550537,
        "root_mean_squared_error": 0.39472565054893494,
        "val_loss": 0.058564309030771255,
        "val_mae": 0.19247841835021973,
        "val_r2_score": 0.9734445810317993,
        "val_root_mean_squared_error": 0.24200063943862915,
        "train_time": 54.584367990493774
    }
}