{
    "parameters": {
        "num_layers": 1,
        "num_neurons": 64,
        "num_epochs": 250,
        "learning_rate": 0.001,
        "use_batch_norm": true,
        "use_dropout": true,
        "batch_size": 32
    },
    "results": {
        "loss": 0.14866861701011658,
        "mae": 0.3050440847873688,
        "r2_score": 0.9325907826423645,
        "root_mean_squared_error": 0.38557568192481995,
        "val_loss": 0.04527175799012184,
        "val_mae": 0.1686813086271286,
        "val_r2_score": 0.9800401329994202,
        "val_root_mean_squared_error": 0.21277160942554474,
        "train_time": 46.49591279029846
    }
}