{
    "parameters": {
        "num_layers": 1,
        "num_neurons": 64,
        "num_epochs": 250,
        "learning_rate": 0.001,
        "use_batch_norm": true,
        "use_dropout": true,
        "batch_size": 32
    },
    "results": {
        "loss": 0.189848393201828,
        "mae": 0.3444903790950775,
        "r2_score": 0.9223206639289856,
        "root_mean_squared_error": 0.4357159435749054,
        "val_loss": 0.08219356834888458,
        "val_mae": 0.2307494729757309,
        "val_r2_score": 0.9673408269882202,
        "val_root_mean_squared_error": 0.286694198846817,
        "train_time": 33.09123778343201
    }
}