{
    "parameters": {
        "mf_type": "Smoothed Triangular",
        "num_mfs": 4,
        "learning_rate": 0.0001,
        "batch_size": 64,
        "num_epochs": 250
    },
    "results": {
        "loss": 20.565488815307617,
        "mae": 4.256308555603027,
        "root_mean_squared_error": 4.534918785095215,
        "val_loss": 20.336101531982422,
        "val_mae": 4.231235980987549,
        "val_root_mean_squared_error": 4.509556770324707,
        "train_time": 98.91711831092834
    }
}