{
    "parameters": {
        "mf_type": "Gaussian",
        "num_mfs": 5,
        "learning_rate": 0.0005,
        "batch_size": 32,
        "num_epochs": 250
    },
    "results": {
        "loss": 0.10197840631008148,
        "mae": 0.2584174871444702,
        "root_mean_squared_error": 0.3193405866622925,
        "val_loss": 0.09826593101024628,
        "val_mae": 0.24908839166164398,
        "val_root_mean_squared_error": 0.31347396969795227,
        "train_time": 193.13478016853333
    }
}