{
    "parameters": {
        "num_layers": 1,
        "num_neurons": 16,
        "num_epochs": 100,
        "learning_rate": 0.0005,
        "use_batch_norm": true,
        "use_dropout": true,
        "batch_size": 32
    },
    "results": {
        "loss": 0.28032130002975464,
        "mae": 0.40951240062713623,
        "r2_score": 0.8721814155578613,
        "root_mean_squared_error": 0.5294537544250488,
        "val_loss": 0.08531808853149414,
        "val_mae": 0.23519942164421082,
        "val_r2_score": 0.9613133072853088,
        "val_root_mean_squared_error": 0.29209259152412415,
        "train_time": 21.360596895217896
    }
}