{
    "parameters": {
        "num_layers": 1,
        "num_neurons": 16,
        "num_epochs": 100,
        "learning_rate": 0.0005,
        "use_batch_norm": true,
        "use_dropout": true,
        "batch_size": 32
    },
    "results": {
        "loss": 0.2924433648586273,
        "mae": 0.425289124250412,
        "r2_score": 0.8803430795669556,
        "root_mean_squared_error": 0.5407803058624268,
        "val_loss": 0.09797154366970062,
        "val_mae": 0.2577037215232849,
        "val_r2_score": 0.9610715508460999,
        "val_root_mean_squared_error": 0.3130040764808655,
        "train_time": 13.099611520767212
    }
}