{
    "parameters": {
        "num_layers": 1,
        "num_neurons": 16,
        "num_epochs": 100,
        "learning_rate": 0.0005,
        "use_batch_norm": true,
        "use_dropout": true,
        "batch_size": 32
    },
    "results": {
        "loss": 0.25211018323898315,
        "mae": 0.3899614214897156,
        "r2_score": 0.8856878280639648,
        "root_mean_squared_error": 0.5021057724952698,
        "val_loss": 0.07989811152219772,
        "val_mae": 0.23444464802742004,
        "val_r2_score": 0.9647737145423889,
        "val_root_mean_squared_error": 0.2826625406742096,
        "train_time": 18.617966651916504
    }
}