{
    "parameters": {
        "mf_type": "Generalized Bell",
        "num_mfs": 4,
        "learning_rate": 0.0005,
        "batch_size": 32,
        "num_epochs": 100
    },
    "results": {
        "loss": 0.09923698008060455,
        "mae": 0.253073126077652,
        "root_mean_squared_error": 0.31501901149749756,
        "val_loss": 0.09591768682003021,
        "val_mae": 0.24480126798152924,
        "val_root_mean_squared_error": 0.30970579385757446,
        "train_time": 46.100043058395386
    }
}