{
    "parameters": {
        "mf_type": "Smoothed Triangular",
        "num_mfs": 5,
        "learning_rate": 0.0001,
        "batch_size": 128,
        "num_epochs": 500
    },
    "results": {
        "loss": 15.828534126281738,
        "mae": 3.6423206329345703,
        "root_mean_squared_error": 3.978508949279785,
        "val_loss": 15.843422889709473,
        "val_mae": 3.6365609169006348,
        "val_root_mean_squared_error": 3.980379819869995,
        "train_time": 389.17639231681824
    }
}