{
    "parameters": {
        "num_layers": 1,
        "num_neurons": 64,
        "num_epochs": 500,
        "learning_rate": 0.0005,
        "use_batch_norm": true,
        "use_dropout": true,
        "batch_size": 32
    },
    "results": {
        "loss": 0.17719687521457672,
        "mae": 0.33319273591041565,
        "r2_score": 0.9274976253509521,
        "root_mean_squared_error": 0.4209475815296173,
        "val_loss": 0.06608103960752487,
        "val_mae": 0.20599286258220673,
        "val_r2_score": 0.9737430810928345,
        "val_root_mean_squared_error": 0.25706231594085693,
        "train_time": 66.04932498931885
    }
}