{
    "parameters": {
        "num_layers": 1,
        "num_neurons": 64,
        "num_epochs": 500,
        "learning_rate": 0.0005,
        "use_batch_norm": true,
        "use_dropout": true,
        "batch_size": 32
    },
    "results": {
        "loss": 0.16391265392303467,
        "mae": 0.32114267349243164,
        "r2_score": 0.9252604842185974,
        "root_mean_squared_error": 0.4048612713813782,
        "val_loss": 0.056144699454307556,
        "val_mae": 0.18620234727859497,
        "val_r2_score": 0.9745417237281799,
        "val_root_mean_squared_error": 0.23694872856140137,
        "train_time": 105.14448046684265
    }
}