{
    "parameters": {
        "num_layers": 1,
        "num_neurons": 64,
        "num_epochs": 500,
        "learning_rate": 0.0005,
        "use_batch_norm": true,
        "use_dropout": true,
        "batch_size": 32
    },
    "results": {
        "loss": 0.14153067767620087,
        "mae": 0.29941973090171814,
        "r2_score": 0.93582683801651,
        "root_mean_squared_error": 0.3762056231498718,
        "val_loss": 0.04093405604362488,
        "val_mae": 0.1614655703306198,
        "val_r2_score": 0.9819525480270386,
        "val_root_mean_squared_error": 0.20232166349887848,
        "train_time": 90.8518717288971
    }
}