{
    "parameters": {
        "mf_type": "Generalized Bell",
        "num_mfs": 5,
        "learning_rate": 0.0005,
        "batch_size": 32,
        "num_epochs": 250
    },
    "results": {
        "loss": 0.09661705791950226,
        "mae": 0.2516009509563446,
        "root_mean_squared_error": 0.3108328580856323,
        "val_loss": 0.09420036524534225,
        "val_mae": 0.24544911086559296,
        "val_root_mean_squared_error": 0.30692076683044434,
        "train_time": 206.81796598434448
    }
}