{
    "parameters": {
        "mf_type": "Smoothed Triangular",
        "num_mfs": 3,
        "learning_rate": 0.0001,
        "batch_size": 128,
        "num_epochs": 500
    },
    "results": {
        "loss": 20.044445037841797,
        "mae": 4.196895122528076,
        "root_mean_squared_error": 4.477102279663086,
        "val_loss": 19.841516494750977,
        "val_mae": 4.173334121704102,
        "val_root_mean_squared_error": 4.454381942749023,
        "train_time": 61.01666283607483
    }
}