{
    "parameters": {
        "num_layers": 1,
        "num_neurons": 64,
        "num_epochs": 100,
        "learning_rate": 0.001,
        "use_batch_norm": true,
        "use_dropout": true,
        "batch_size": 32
    },
    "results": {
        "loss": 0.1946544051170349,
        "mae": 0.3488861620426178,
        "r2_score": 0.9112425446510315,
        "root_mean_squared_error": 0.4411965608596802,
        "val_loss": 0.06357799470424652,
        "val_mae": 0.19530965387821198,
        "val_r2_score": 0.9711711406707764,
        "val_root_mean_squared_error": 0.25214678049087524,
        "train_time": 21.264423847198486
    }
}