{
    "parameters": {
        "num_layers": 1,
        "num_neurons": 64,
        "num_epochs": 100,
        "learning_rate": 0.001,
        "use_batch_norm": true,
        "use_dropout": true,
        "batch_size": 32
    },
    "results": {
        "loss": 0.18195033073425293,
        "mae": 0.3359748423099518,
        "root_mean_squared_error": 0.4265563488006592,
        "val_loss": 0.0667632520198822,
        "val_mae": 0.20357446372509003,
        "val_root_mean_squared_error": 0.25838586688041687,
        "train_time": 17.321475505828857
    }
}