{
    "parameters": {
        "mf_type": "Generalized Bell",
        "num_mfs": 4,
        "learning_rate": 0.001,
        "batch_size": 64,
        "num_epochs": 100
    },
    "results": {
        "loss": 0.09945274889469147,
        "mae": 0.2550249993801117,
        "root_mean_squared_error": 0.31536129117012024,
        "val_loss": 0.09658131003379822,
        "val_mae": 0.24843169748783112,
        "val_root_mean_squared_error": 0.3107753396034241,
        "train_time": 39.817392110824585
    }
}