{
    "parameters": {
        "mf_type": "Smoothed Triangular",
        "num_mfs": 2,
        "learning_rate": 0.0001,
        "batch_size": 128,
        "num_epochs": 500
    },
    "results": {
        "loss": 20.37132453918457,
        "mae": 4.232823371887207,
        "root_mean_squared_error": 4.513460159301758,
        "val_loss": 20.150606155395508,
        "val_mae": 4.208171367645264,
        "val_root_mean_squared_error": 4.488942623138428,
        "train_time": 39.30948495864868
    }
}