{
    "parameters": {
        "mf_type": "Smoothed Triangular",
        "num_mfs": 2,
        "learning_rate": 0.001,
        "batch_size": 64,
        "num_epochs": 500
    },
    "results": {
        "loss": 20.56547737121582,
        "mae": 4.256308078765869,
        "root_mean_squared_error": 4.53491735458374,
        "val_loss": 20.336088180541992,
        "val_mae": 4.231234073638916,
        "val_root_mean_squared_error": 4.509555339813232,
        "train_time": 52.70741271972656
    }
}