{
    "parameters": {
        "mf_type": "Generalized Bell",
        "num_mfs": 3,
        "learning_rate": 0.0001,
        "batch_size": 32,
        "num_epochs": 100
    },
    "results": {
        "loss": 2.0529487133026123,
        "mae": 1.3973149061203003,
        "root_mean_squared_error": 1.4328114986419678,
        "val_loss": 1.9812928438186646,
        "val_mae": 1.3726036548614502,
        "val_root_mean_squared_error": 1.4075840711593628,
        "train_time": 25.762800693511963
    }
}