{
    "parameters": {
        "num_layers": 1,
        "num_neurons": 16,
        "num_epochs": 500,
        "learning_rate": 0.001,
        "use_batch_norm": true,
        "use_dropout": true,
        "batch_size": 32
    },
    "results": {
        "loss": 0.24066786468029022,
        "mae": 0.38050732016563416,
        "root_mean_squared_error": 0.49057909846305847,
        "val_loss": 0.07991865277290344,
        "val_mae": 0.22413480281829834,
        "val_root_mean_squared_error": 0.2826988697052002,
        "train_time": 82.15785121917725
    }
}