{
    "parameters": {
        "num_layers": 4,
        "num_neurons": 128,
        "num_epochs": 500,
        "learning_rate": 0.001,
        "use_batch_norm": true,
        "use_dropout": true,
        "batch_size": 128
    },
    "results": {
        "loss": 0.07833238691091537,
        "mae": 0.2181709259748459,
        "r2_score": 0.967982828617096,
        "root_mean_squared_error": 0.27987924218177795,
        "val_loss": 0.009519659914076328,
        "val_mae": 0.07337640970945358,
        "val_r2_score": 0.9960882067680359,
        "val_root_mean_squared_error": 0.09756874293088913,
        "train_time": 58.614666223526
    }
}