{
    "parameters": {
        "num_layers": 4,
        "num_neurons": 128,
        "num_epochs": 500,
        "learning_rate": 0.001,
        "use_batch_norm": true,
        "use_dropout": true,
        "batch_size": 128
    },
    "results": {
        "loss": 0.05378226563334465,
        "mae": 0.17541424930095673,
        "r2_score": 0.9752358794212341,
        "root_mean_squared_error": 0.23191003501415253,
        "val_loss": 0.007162307854741812,
        "val_mae": 0.06575730443000793,
        "val_r2_score": 0.9968039989471436,
        "val_root_mean_squared_error": 0.08463042229413986,
        "train_time": 80.65398335456848
    }
}