{
    "parameters": {
        "mf_type": "Gaussian",
        "num_mfs": 4,
        "learning_rate": 0.0005,
        "batch_size": 64,
        "num_epochs": 100
    },
    "results": {
        "loss": 0.10475622117519379,
        "mae": 0.26186248660087585,
        "root_mean_squared_error": 0.323660671710968,
        "val_loss": 0.10073142498731613,
        "val_mae": 0.25353896617889404,
        "val_root_mean_squared_error": 0.31738215684890747,
        "train_time": 37.13342332839966
    }
}