{
    "parameters": {
        "num_layers": 4,
        "num_neurons": 96,
        "num_epochs": 500,
        "learning_rate": 0.001,
        "use_batch_norm": true,
        "use_dropout": true,
        "batch_size": 128
    },
    "results": {
        "loss": 0.06003245711326599,
        "mae": 0.18886829912662506,
        "r2_score": 0.9723581671714783,
        "root_mean_squared_error": 0.2450152188539505,
        "val_loss": 0.013054121285676956,
        "val_mae": 0.08633752167224884,
        "val_r2_score": 0.9941749572753906,
        "val_root_mean_squared_error": 0.11425463110208511,
        "train_time": 72.2674069404602
    }
}