{
    "parameters": {
        "num_layers": 4,
        "num_neurons": 96,
        "num_epochs": 500,
        "learning_rate": 0.001,
        "use_batch_norm": true,
        "use_dropout": true,
        "batch_size": 128
    },
    "results": {
        "loss": 0.08683296293020248,
        "mae": 0.22942005097866058,
        "r2_score": 0.9645084142684937,
        "root_mean_squared_error": 0.2946743369102478,
        "val_loss": 0.009460549801588058,
        "val_mae": 0.07252692431211472,
        "val_r2_score": 0.9961124658584595,
        "val_root_mean_squared_error": 0.09726535528898239,
        "train_time": 53.350258588790894
    }
}