{
    "parameters": {
        "mf_type": "Smoothed Triangular",
        "num_mfs": 5,
        "learning_rate": 0.0005,
        "batch_size": 32,
        "num_epochs": 500
    },
    "results": {
        "loss": 20.558116912841797,
        "mae": 4.255368232727051,
        "r2_score": -7.391048431396484,
        "root_mean_squared_error": 4.5341057777404785,
        "val_loss": 20.729185104370117,
        "val_mae": 4.273225784301758,
        "val_r2_score": -7.396459579467773,
        "val_root_mean_squared_error": 4.552931308746338,
        "train_time": 422.2366840839386
    }
}