{
    "parameters": {
        "num_layers": 2,
        "num_neurons": 112,
        "num_epochs": 500,
        "learning_rate": 0.001,
        "use_batch_norm": true,
        "use_dropout": true,
        "batch_size": 128
    },
    "results": {
        "loss": 0.06082019582390785,
        "mae": 0.1914891004562378,
        "r2_score": 0.9722916483879089,
        "root_mean_squared_error": 0.24661751091480255,
        "val_loss": 0.012078622356057167,
        "val_mae": 0.08237453550100327,
        "val_r2_score": 0.9943663477897644,
        "val_root_mean_squared_error": 0.10990278422832489,
        "train_time": 54.26454782485962
    }
}