{
    "parameters": {
        "num_layers": 2,
        "num_neurons": 112,
        "num_epochs": 500,
        "learning_rate": 0.001,
        "use_batch_norm": true,
        "use_dropout": true,
        "batch_size": 128
    },
    "results": {
        "loss": 0.05690504610538483,
        "mae": 0.18531349301338196,
        "r2_score": 0.9737983345985413,
        "root_mean_squared_error": 0.23854778707027435,
        "val_loss": 0.008597826585173607,
        "val_mae": 0.06852038204669952,
        "val_r2_score": 0.9961634278297424,
        "val_root_mean_squared_error": 0.09272447228431702,
        "train_time": 53.76668953895569
    }
}