{
    "parameters": {
        "num_layers": 2,
        "num_neurons": 112,
        "num_epochs": 500,
        "learning_rate": 0.001,
        "use_batch_norm": true,
        "use_dropout": true,
        "batch_size": 128
    },
    "results": {
        "loss": 0.07612068951129913,
        "mae": 0.21646656095981598,
        "r2_score": 0.9688867926597595,
        "root_mean_squared_error": 0.2758997678756714,
        "val_loss": 0.019000744447112083,
        "val_mae": 0.10801471024751663,
        "val_r2_score": 0.992192268371582,
        "val_root_mean_squared_error": 0.13784319162368774,
        "train_time": 40.63062238693237
    }
}