{
    "parameters": {
        "num_layers": 2,
        "num_neurons": 64,
        "num_epochs": 100,
        "learning_rate": 0.0001,
        "use_batch_norm": true,
        "use_dropout": true,
        "batch_size": 64
    },
    "results": {
        "loss": 0.2273464798927307,
        "mae": 0.3713699281215668,
        "r2_score": 0.896916389465332,
        "root_mean_squared_error": 0.4768086373806,
        "val_loss": 0.024648386985063553,
        "val_mae": 0.11988930404186249,
        "val_r2_score": 0.9891327619552612,
        "val_root_mean_squared_error": 0.15699805319309235,
        "train_time": 15.11436939239502
    }
}