{
    "parameters": {
        "num_layers": 2,
        "num_neurons": 64,
        "num_epochs": 100,
        "learning_rate": 0.0001,
        "use_batch_norm": true,
        "use_dropout": true,
        "batch_size": 64
    },
    "results": {
        "loss": 0.3847637474536896,
        "mae": 0.48238271474838257,
        "r2_score": 0.8425688743591309,
        "root_mean_squared_error": 0.6202932596206665,
        "val_loss": 0.057175733149051666,
        "val_mae": 0.19276908040046692,
        "val_r2_score": 0.9772815704345703,
        "val_root_mean_squared_error": 0.23911447823047638,
        "train_time": 10.708942174911499
    }
}