{
    "parameters": {
        "num_layers": 2,
        "num_neurons": 32,
        "num_epochs": 250,
        "learning_rate": 0.001,
        "use_batch_norm": true,
        "use_dropout": true,
        "batch_size": 32
    },
    "results": {
        "loss": 0.18632377684116364,
        "mae": 0.3336705267429352,
        "r2_score": 0.9150410294532776,
        "root_mean_squared_error": 0.43165236711502075,
        "val_loss": 0.04502128064632416,
        "val_mae": 0.15886639058589935,
        "val_r2_score": 0.9795855283737183,
        "val_root_mean_squared_error": 0.2121821939945221,
        "train_time": 59.470767974853516
    }
}