{
    "parameters": {
        "num_layers": 3,
        "num_neurons": 128,
        "num_epochs": 500,
        "learning_rate": 0.001,
        "use_batch_norm": true,
        "use_dropout": true,
        "batch_size": 192
    },
    "results": {
        "loss": 0.0501960888504982,
        "mae": 0.17209602892398834,
        "r2_score": 0.9768872857093811,
        "root_mean_squared_error": 0.2240448296070099,
        "val_loss": 0.00545606529340148,
        "val_mae": 0.05359332635998726,
        "val_r2_score": 0.9975653886795044,
        "val_root_mean_squared_error": 0.07386518269777298,
        "train_time": 58.78985595703125
    }
}