{
    "parameters": {
        "num_layers": 3,
        "num_neurons": 128,
        "num_epochs": 500,
        "learning_rate": 0.001,
        "use_batch_norm": true,
        "use_dropout": true,
        "batch_size": 192
    },
    "results": {
        "loss": 0.060469452291727066,
        "mae": 0.18729211390018463,
        "r2_score": 0.972451388835907,
        "root_mean_squared_error": 0.24590536952018738,
        "val_loss": 0.0074151260778307915,
        "val_mae": 0.06749460846185684,
        "val_r2_score": 0.996541440486908,
        "val_root_mean_squared_error": 0.08611112833023071,
        "train_time": 58.37660551071167
    }
}