{
    "parameters": {
        "num_layers": 3,
        "num_neurons": 128,
        "num_epochs": 500,
        "learning_rate": 0.001,
        "use_batch_norm": true,
        "use_dropout": true,
        "batch_size": 192
    },
    "results": {
        "loss": 0.0585036426782608,
        "mae": 0.18734227120876312,
        "r2_score": 0.9760875105857849,
        "root_mean_squared_error": 0.24187526106834412,
        "val_loss": 0.0060827722772955894,
        "val_mae": 0.058063432574272156,
        "val_r2_score": 0.997500479221344,
        "val_root_mean_squared_error": 0.07799212634563446,
        "train_time": 43.640986919403076
    }
}