{
    "parameters": {
        "num_layers": 1,
        "num_neurons": 64,
        "num_epochs": 250,
        "learning_rate": 0.001,
        "use_batch_norm": true,
        "use_dropout": true,
        "batch_size": 128
    },
    "results": {
        "loss": 0.10417105257511139,
        "mae": 0.25128835439682007,
        "r2_score": 0.9527667164802551,
        "root_mean_squared_error": 0.3227553963661194,
        "val_loss": 0.039900485426187515,
        "val_mae": 0.15823787450790405,
        "val_r2_score": 0.9824082851409912,
        "val_root_mean_squared_error": 0.19975106418132782,
        "train_time": 18.813779830932617
    }
}