{
    "parameters": {
        "num_layers": 1,
        "num_neurons": 64,
        "num_epochs": 250,
        "learning_rate": 0.001,
        "use_batch_norm": true,
        "use_dropout": true,
        "batch_size": 128
    },
    "results": {
        "loss": 0.15515054762363434,
        "mae": 0.31047576665878296,
        "r2_score": 0.936518132686615,
        "root_mean_squared_error": 0.3938915431499481,
        "val_loss": 0.07113830745220184,
        "val_mae": 0.2142680138349533,
        "val_r2_score": 0.9717335104942322,
        "val_root_mean_squared_error": 0.2667176425457001,
        "train_time": 16.001521587371826
    }
}