{
    "parameters": {
        "num_layers": 1,
        "num_neurons": 64,
        "num_epochs": 250,
        "learning_rate": 0.001,
        "use_batch_norm": true,
        "use_dropout": true,
        "batch_size": 128
    },
    "results": {
        "loss": 0.11855535209178925,
        "mae": 0.26853665709495544,
        "r2_score": 0.9459421634674072,
        "root_mean_squared_error": 0.344318687915802,
        "val_loss": 0.05232851207256317,
        "val_mae": 0.1755063533782959,
        "val_r2_score": 0.9762721657752991,
        "val_root_mean_squared_error": 0.22875426709651947,
        "train_time": 20.996541500091553
    }
}