{
    "parameters": {
        "mf_type": "Gaussian",
        "num_mfs": 2,
        "learning_rate": 0.001,
        "batch_size": 128,
        "num_epochs": 500
    },
    "results": {
        "loss": 0.09815271943807602,
        "mae": 0.2534913420677185,
        "root_mean_squared_error": 0.31329333782196045,
        "val_loss": 0.09588151425123215,
        "val_mae": 0.24851392209529877,
        "val_root_mean_squared_error": 0.30964741110801697,
        "train_time": 35.2001268863678
    }
}