{
    "parameters": {
        "num_layers": 2,
        "num_neurons": 64,
        "num_epochs": 500,
        "learning_rate": 0.0001,
        "use_batch_norm": true,
        "use_dropout": true,
        "batch_size": 32
    },
    "results": {
        "loss": 0.16846168041229248,
        "mae": 0.3229699432849884,
        "root_mean_squared_error": 0.4104408323764801,
        "val_loss": 0.022665107622742653,
        "val_mae": 0.114530049264431,
        "val_root_mean_squared_error": 0.15054935216903687,
        "train_time": 105.794029712677
    }
}