{
    "parameters": {
        "mf_type": "Gaussian",
        "num_mfs": 4,
        "learning_rate": 0.0001,
        "batch_size": 64,
        "num_epochs": 250
    },
    "results": {
        "loss": 1.334967017173767,
        "mae": 1.110167145729065,
        "root_mean_squared_error": 1.1554077863693237,
        "val_loss": 1.301016092300415,
        "val_mae": 1.0968412160873413,
        "val_root_mean_squared_error": 1.1406209468841553,
        "train_time": 91.45137739181519
    }
}