{
    "parameters": {
        "num_layers": 2,
        "num_neurons": 32,
        "num_epochs": 250,
        "learning_rate": 0.0001,
        "use_batch_norm": true,
        "use_dropout": true,
        "batch_size": 32
    },
    "results": {
        "loss": 0.2998422682285309,
        "mae": 0.4273543059825897,
        "r2_score": 0.8773156404495239,
        "root_mean_squared_error": 0.5475785732269287,
        "val_loss": 0.05883784592151642,
        "val_mae": 0.19380085170269012,
        "val_r2_score": 0.9766210913658142,
        "val_root_mean_squared_error": 0.24256514012813568,
        "train_time": 39.08141756057739
    }
}