{
    "parameters": {
        "num_layers": 2,
        "num_neurons": 32,
        "num_epochs": 250,
        "learning_rate": 0.0001,
        "use_batch_norm": true,
        "use_dropout": true,
        "batch_size": 32
    },
    "results": {
        "loss": 0.23572584986686707,
        "mae": 0.3782859742641449,
        "r2_score": 0.8931174278259277,
        "root_mean_squared_error": 0.4855160713195801,
        "val_loss": 0.03892136365175247,
        "val_mae": 0.15740050375461578,
        "val_r2_score": 0.9828399419784546,
        "val_root_mean_squared_error": 0.1972849816083908,
        "train_time": 56.22719359397888
    }
}