{
    "parameters": {
        "mf_type": "Generalized Bell",
        "num_mfs": 5,
        "learning_rate": 0.0001,
        "batch_size": 32,
        "num_epochs": 500
    },
    "results": {
        "loss": 0.09692327678203583,
        "mae": 0.251689612865448,
        "root_mean_squared_error": 0.3113250434398651,
        "val_loss": 0.09523069113492966,
        "val_mae": 0.24774840474128723,
        "val_root_mean_squared_error": 0.3085947036743164,
        "train_time": 398.283483505249
    }
}