{
    "parameters": {
        "num_layers": 2,
        "num_neurons": 64,
        "num_epochs": 250,
        "learning_rate": 0.0005,
        "use_batch_norm": true,
        "use_dropout": true,
        "batch_size": 128
    },
    "results": {
        "loss": 0.1119176521897316,
        "mae": 0.25783175230026245,
        "r2_score": 0.9489690065383911,
        "root_mean_squared_error": 0.3345409631729126,
        "val_loss": 0.026263246312737465,
        "val_mae": 0.12321299314498901,
        "val_r2_score": 0.9880911707878113,
        "val_root_mean_squared_error": 0.16205939650535583,
        "train_time": 25.885607957839966
    }
}