{
    "parameters": {
        "num_layers": 2,
        "num_neurons": 64,
        "num_epochs": 250,
        "learning_rate": 0.0005,
        "use_batch_norm": true,
        "use_dropout": true,
        "batch_size": 128
    },
    "results": {
        "loss": 0.11487718671560287,
        "mae": 0.26304101943969727,
        "root_mean_squared_error": 0.33893537521362305,
        "val_loss": 0.02137020044028759,
        "val_mae": 0.1095932200551033,
        "val_root_mean_squared_error": 0.146185502409935,
        "train_time": 23.041083097457886
    }
}