{
    "parameters": {
        "mf_type": "Gaussian",
        "num_mfs": 3,
        "learning_rate": 0.0005,
        "batch_size": 64,
        "num_epochs": 250
    },
    "results": {
        "loss": 0.10013648867607117,
        "mae": 0.2562609314918518,
        "root_mean_squared_error": 0.3164435029029846,
        "val_loss": 0.09632886201143265,
        "val_mae": 0.24681751430034637,
        "val_root_mean_squared_error": 0.31036892533302307,
        "train_time": 36.38352346420288
    }
}