{
    "parameters": {
        "num_layers": 2,
        "num_neurons": 64,
        "num_epochs": 250,
        "learning_rate": 0.001,
        "use_batch_norm": true,
        "use_dropout": true,
        "batch_size": 128
    },
    "results": {
        "loss": 0.09504557400941849,
        "mae": 0.23678097128868103,
        "r2_score": 0.9566619992256165,
        "root_mean_squared_error": 0.3082946240901947,
        "val_loss": 0.024098973721265793,
        "val_mae": 0.11644585430622101,
        "val_r2_score": 0.9890725612640381,
        "val_root_mean_squared_error": 0.15523843467235565,
        "train_time": 25.683270931243896
    }
}