{
    "parameters": {
        "mf_type": "Smoothed Triangular",
        "num_mfs": 3,
        "learning_rate": 0.0001,
        "batch_size": 64,
        "num_epochs": 500
    },
    "results": {
        "loss": 15.624536514282227,
        "mae": 3.7732512950897217,
        "root_mean_squared_error": 3.9527883529663086,
        "val_loss": 15.477564811706543,
        "val_mae": 3.755037307739258,
        "val_root_mean_squared_error": 3.9341535568237305,
        "train_time": 82.35074210166931
    }
}