{
    "parameters": {
        "num_layers": 2,
        "num_neurons": 128,
        "num_epochs": 500,
        "learning_rate": 0.001,
        "use_batch_norm": true,
        "use_dropout": true,
        "batch_size": 224
    },
    "results": {
        "loss": 0.04875543713569641,
        "mae": 0.16980479657649994,
        "r2_score": 0.9775505661964417,
        "root_mean_squared_error": 0.2208063304424286,
        "val_loss": 0.01727386936545372,
        "val_mae": 0.10706091672182083,
        "val_r2_score": 0.9922919869422913,
        "val_root_mean_squared_error": 0.13143008947372437,
        "train_time": 44.39733552932739
    }
}