{
    "parameters": {
        "num_layers": 2,
        "num_neurons": 128,
        "num_epochs": 500,
        "learning_rate": 0.001,
        "use_batch_norm": true,
        "use_dropout": true,
        "batch_size": 224
    },
    "results": {
        "loss": 0.055190037935972214,
        "mae": 0.1807847023010254,
        "r2_score": 0.9748566150665283,
        "root_mean_squared_error": 0.23492559790611267,
        "val_loss": 0.012859934940934181,
        "val_mae": 0.0882364809513092,
        "val_r2_score": 0.9940019249916077,
        "val_root_mean_squared_error": 0.11340165138244629,
        "train_time": 44.98587131500244
    }
}