{
    "parameters": {
        "num_layers": 2,
        "num_neurons": 128,
        "num_epochs": 500,
        "learning_rate": 0.001,
        "use_batch_norm": true,
        "use_dropout": true,
        "batch_size": 224
    },
    "results": {
        "loss": 0.06910193711519241,
        "mae": 0.20510056614875793,
        "r2_score": 0.9717556834220886,
        "root_mean_squared_error": 0.26287248730659485,
        "val_loss": 0.014323602430522442,
        "val_mae": 0.08901700377464294,
        "val_r2_score": 0.9941141605377197,
        "val_root_mean_squared_error": 0.11968124657869339,
        "train_time": 35.13053011894226
    }
}