{
    "parameters": {
        "mf_type": "Gaussian",
        "num_mfs": 5,
        "learning_rate": 0.001,
        "batch_size": 32,
        "num_epochs": 500
    },
    "results": {
        "loss": 0.09677229821681976,
        "mae": 0.25154927372932434,
        "root_mean_squared_error": 0.3110824525356293,
        "val_loss": 0.09428872168064117,
        "val_mae": 0.24597999453544617,
        "val_root_mean_squared_error": 0.3070646822452545,
        "train_time": 386.1863970756531
    }
}