{
    "parameters": {
        "mf_type": "Smoothed Triangular",
        "num_mfs": 3,
        "learning_rate": 0.0001,
        "batch_size": 128,
        "num_epochs": 250
    },
    "results": {
        "loss": 19.9971866607666,
        "mae": 4.1892008781433105,
        "root_mean_squared_error": 4.471821308135986,
        "val_loss": 19.76447296142578,
        "val_mae": 4.163536071777344,
        "val_root_mean_squared_error": 4.445725440979004,
        "train_time": 31.716623544692993
    }
}