{
    "parameters": {
        "num_layers": 2,
        "num_neurons": 16,
        "num_epochs": 100,
        "learning_rate": 0.0001,
        "use_batch_norm": true,
        "use_dropout": true,
        "batch_size": 64
    },
    "results": {
        "loss": 0.42341411113739014,
        "mae": 0.5009742379188538,
        "r2_score": 0.808014452457428,
        "root_mean_squared_error": 0.6507027745246887,
        "val_loss": 0.0666067823767662,
        "val_mae": 0.20741654932498932,
        "val_r2_score": 0.9706337451934814,
        "val_root_mean_squared_error": 0.25808289647102356,
        "train_time": 13.475396633148193
    }
}