{
    "parameters": {
        "num_layers": 2,
        "num_neurons": 16,
        "num_epochs": 100,
        "learning_rate": 0.0001,
        "use_batch_norm": true,
        "use_dropout": true,
        "batch_size": 64
    },
    "results": {
        "loss": 0.6407818794250488,
        "mae": 0.6179990768432617,
        "r2_score": 0.7378138899803162,
        "root_mean_squared_error": 0.8004885315895081,
        "val_loss": 0.10322950035333633,
        "val_mae": 0.25565415620803833,
        "val_r2_score": 0.9589823484420776,
        "val_root_mean_squared_error": 0.3212934732437134,
        "train_time": 9.983012437820435
    }
}