{
    "parameters": {
        "mf_type": "Smoothed Triangular",
        "num_mfs": 2,
        "learning_rate": 0.001,
        "batch_size": 32,
        "num_epochs": 100
    },
    "results": {
        "loss": 10.898754119873047,
        "mae": 3.2326269149780273,
        "root_mean_squared_error": 3.301326036453247,
        "val_loss": 10.71534252166748,
        "val_mae": 3.2075412273406982,
        "val_root_mean_squared_error": 3.2734298706054688,
        "train_time": 18.371121644973755
    }
}