{
    "parameters": {
        "mf_type": "Generalized Bell",
        "num_mfs": 2,
        "learning_rate": 0.0005,
        "batch_size": 64,
        "num_epochs": 250
    },
    "results": {
        "loss": 0.10037627816200256,
        "mae": 0.25627681612968445,
        "root_mean_squared_error": 0.3168221414089203,
        "val_loss": 0.0984264612197876,
        "val_mae": 0.2518364191055298,
        "val_root_mean_squared_error": 0.3137299120426178,
        "train_time": 25.033549308776855
    }
}