{
    "parameters": {
        "num_layers": 2,
        "num_neurons": 64,
        "num_epochs": 100,
        "learning_rate": 0.0005,
        "use_batch_norm": true,
        "use_dropout": true,
        "batch_size": 32
    },
    "results": {
        "loss": 0.17827382683753967,
        "mae": 0.3309796154499054,
        "root_mean_squared_error": 0.42222484946250916,
        "val_loss": 0.03299497067928314,
        "val_mae": 0.14149390161037445,
        "val_root_mean_squared_error": 0.18164518475532532,
        "train_time": 22.31439471244812
    }
}