{
    "parameters": {
        "num_layers": 2,
        "num_neurons": 32,
        "num_epochs": 250,
        "learning_rate": 0.001,
        "use_batch_norm": true,
        "use_dropout": true,
        "batch_size": 64
    },
    "results": {
        "loss": 0.14166882634162903,
        "mae": 0.28966790437698364,
        "r2_score": 0.9354036450386047,
        "root_mean_squared_error": 0.37638920545578003,
        "val_loss": 0.03795799985527992,
        "val_mae": 0.14733068645000458,
        "val_r2_score": 0.9827882647514343,
        "val_root_mean_squared_error": 0.1948281228542328,
        "train_time": 37.42818570137024
    }
}