{
    "parameters": {
        "num_layers": 2,
        "num_neurons": 32,
        "num_epochs": 250,
        "learning_rate": 0.001,
        "use_batch_norm": true,
        "use_dropout": true,
        "batch_size": 64
    },
    "results": {
        "loss": 0.13392125070095062,
        "mae": 0.28058239817619324,
        "root_mean_squared_error": 0.3659525215625763,
        "val_loss": 0.059364739805459976,
        "val_mae": 0.18351233005523682,
        "val_root_mean_squared_error": 0.24364879727363586,
        "train_time": 31.361763954162598
    }
}