{
    "parameters": {
        "mf_type": "Gaussian",
        "num_mfs": 3,
        "learning_rate": 0.0001,
        "batch_size": 32,
        "num_epochs": 250
    },
    "results": {
        "loss": 0.10409065335988998,
        "mae": 0.25902053713798523,
        "r2_score": 0.9575141072273254,
        "root_mean_squared_error": 0.3226308226585388,
        "val_loss": 0.10240833461284637,
        "val_mae": 0.25418615341186523,
        "val_r2_score": 0.9585189819335938,
        "val_root_mean_squared_error": 0.32001301646232605,
        "train_time": 58.16636347770691
    }
}