{
    "parameters": {
        "mf_type": "Smoothed Triangular",
        "num_mfs": 2,
        "learning_rate": 0.0001,
        "batch_size": 64,
        "num_epochs": 100
    },
    "results": {
        "loss": 20.56549644470215,
        "mae": 4.256308555603027,
        "root_mean_squared_error": 4.534919738769531,
        "val_loss": 20.336109161376953,
        "val_mae": 4.231236457824707,
        "val_root_mean_squared_error": 4.509557723999023,
        "train_time": 11.699679374694824
    }
}