{
    "parameters": {
        "mf_type": "Smoothed Triangular",
        "num_mfs": 5,
        "learning_rate": 0.0001,
        "batch_size": 128,
        "num_epochs": 250
    },
    "results": {
        "loss": 18.890810012817383,
        "mae": 3.953204393386841,
        "root_mean_squared_error": 4.34635591506958,
        "val_loss": 18.617969512939453,
        "val_mae": 3.9170267581939697,
        "val_root_mean_squared_error": 4.314854621887207,
        "train_time": 190.60935711860657
    }
}