{
    "parameters": {
        "mf_type": "Generalized Bell",
        "num_mfs": 4,
        "learning_rate": 0.001,
        "batch_size": 128,
        "num_epochs": 100
    },
    "results": {
        "loss": 0.10354911535978317,
        "mae": 0.25752022862434387,
        "root_mean_squared_error": 0.321790486574173,
        "val_loss": 0.10033906996250153,
        "val_mae": 0.24934811890125275,
        "val_root_mean_squared_error": 0.31676343083381653,
        "train_time": 33.96681618690491
    }
}