{
    "parameters": {
        "mf_type": "Smoothed Triangular",
        "num_mfs": 5,
        "learning_rate": 0.0005,
        "batch_size": 128,
        "num_epochs": 250
    },
    "results": {
        "loss": 20.565452575683594,
        "mae": 4.2563066482543945,
        "root_mean_squared_error": 4.534914970397949,
        "val_loss": 20.336069107055664,
        "val_mae": 4.231232166290283,
        "val_root_mean_squared_error": 4.509552955627441,
        "train_time": 189.33230996131897
    }
}