{
    "parameters": {
        "num_layers": 3,
        "num_neurons": 128,
        "num_epochs": 500,
        "learning_rate": 0.001,
        "use_batch_norm": true,
        "use_dropout": true,
        "batch_size": 128
    },
    "results": {
        "loss": 0.06445308774709702,
        "mae": 0.19673962891101837,
        "r2_score": 0.9736558198928833,
        "root_mean_squared_error": 0.25387611985206604,
        "val_loss": 0.0060914503410458565,
        "val_mae": 0.05663223937153816,
        "val_r2_score": 0.9974969029426575,
        "val_root_mean_squared_error": 0.0780477449297905,
        "train_time": 50.68007493019104
    }
}