{
    "parameters": {
        "num_layers": 3,
        "num_neurons": 128,
        "num_epochs": 500,
        "learning_rate": 0.001,
        "use_batch_norm": true,
        "use_dropout": true,
        "batch_size": 128
    },
    "results": {
        "loss": 0.0627974346280098,
        "mae": 0.19274874031543732,
        "r2_score": 0.9713910222053528,
        "root_mean_squared_error": 0.2505941689014435,
        "val_loss": 0.019601106643676758,
        "val_mae": 0.11517573148012161,
        "val_r2_score": 0.990857720375061,
        "val_root_mean_squared_error": 0.14000394940376282,
        "train_time": 69.51698088645935
    }
}