{
    "parameters": {
        "num_layers": 3,
        "num_neurons": 128,
        "num_epochs": 500,
        "learning_rate": 0.001,
        "use_batch_norm": true,
        "use_dropout": true,
        "batch_size": 128
    },
    "results": {
        "loss": 0.04919489100575447,
        "mae": 0.17417629063129425,
        "r2_score": 0.9773483276367188,
        "root_mean_squared_error": 0.22179920971393585,
        "val_loss": 0.007207246031612158,
        "val_mae": 0.06377854943275452,
        "val_r2_score": 0.996783971786499,
        "val_root_mean_squared_error": 0.08489549905061722,
        "train_time": 68.18910193443298
    }
}