{
    "parameters": {
        "mf_type": "Smoothed Triangular",
        "num_mfs": 4,
        "learning_rate": 0.0005,
        "batch_size": 32,
        "num_epochs": 250
    },
    "results": {
        "loss": 0.12147112935781479,
        "mae": 0.28519126772880554,
        "root_mean_squared_error": 0.34852707386016846,
        "val_loss": 0.11353279650211334,
        "val_mae": 0.27736949920654297,
        "val_root_mean_squared_error": 0.3369462788105011,
        "train_time": 115.81717705726624
    }
}