{
    "parameters": {
        "mf_type": "Smoothed Triangular",
        "num_mfs": 5,
        "learning_rate": 0.0001,
        "batch_size": 32,
        "num_epochs": 250
    },
    "results": {
        "loss": 12.197827339172363,
        "mae": 3.2604105472564697,
        "root_mean_squared_error": 3.4925389289855957,
        "val_loss": 11.821138381958008,
        "val_mae": 3.2179670333862305,
        "val_root_mean_squared_error": 3.438188314437866,
        "train_time": 216.23616528511047
    }
}