{
    "parameters": {
        "num_layers": 1,
        "num_neurons": 16,
        "num_epochs": 500,
        "learning_rate": 0.001,
        "use_batch_norm": true,
        "use_dropout": true,
        "batch_size": 128
    },
    "results": {
        "loss": 0.17303526401519775,
        "mae": 0.3170703947544098,
        "r2_score": 0.9211011528968811,
        "root_mean_squared_error": 0.41597506403923035,
        "val_loss": 0.0916510820388794,
        "val_mae": 0.23810306191444397,
        "val_r2_score": 0.9584417343139648,
        "val_root_mean_squared_error": 0.30273929238319397,
        "train_time": 39.93491053581238
    }
}