{
    "parameters": {
        "num_layers": 1,
        "num_neurons": 16,
        "num_epochs": 500,
        "learning_rate": 0.001,
        "use_batch_norm": true,
        "use_dropout": true,
        "batch_size": 128
    },
    "results": {
        "loss": 0.13866697251796722,
        "mae": 0.2892279028892517,
        "r2_score": 0.9371249675750732,
        "root_mean_squared_error": 0.3723801374435425,
        "val_loss": 0.07098672538995743,
        "val_mae": 0.21218477189540863,
        "val_r2_score": 0.9687026739120483,
        "val_root_mean_squared_error": 0.26643332839012146,
        "train_time": 36.78656530380249
    }
}