{
    "parameters": {
        "num_layers": 1,
        "num_neurons": 16,
        "num_epochs": 500,
        "learning_rate": 0.001,
        "use_batch_norm": true,
        "use_dropout": true,
        "batch_size": 128
    },
    "results": {
        "loss": 0.16477331519126892,
        "mae": 0.3214942514896393,
        "r2_score": 0.9325808882713318,
        "root_mean_squared_error": 0.4059228003025055,
        "val_loss": 0.09712687879800797,
        "val_mae": 0.2535412013530731,
        "val_r2_score": 0.9614071249961853,
        "val_root_mean_squared_error": 0.3116518557071686,
        "train_time": 29.99936604499817
    }
}