{
    "parameters": {
        "num_layers": 2,
        "num_neurons": 16,
        "num_epochs": 250,
        "learning_rate": 0.0005,
        "use_batch_norm": true,
        "use_dropout": true,
        "batch_size": 32
    },
    "results": {
        "loss": 0.23137085139751434,
        "mae": 0.371125191450119,
        "root_mean_squared_error": 0.48101022839546204,
        "val_loss": 0.06341604888439178,
        "val_mae": 0.19449463486671448,
        "val_root_mean_squared_error": 0.2518254220485687,
        "train_time": 48.214348793029785
    }
}