{
    "parameters": {
        "num_layers": 2,
        "num_neurons": 64,
        "num_epochs": 100,
        "learning_rate": 0.0001,
        "use_batch_norm": true,
        "use_dropout": true,
        "batch_size": 128
    },
    "results": {
        "loss": 0.6459378004074097,
        "mae": 0.6224410533905029,
        "r2_score": 0.7357068061828613,
        "root_mean_squared_error": 0.8037025332450867,
        "val_loss": 0.05754375085234642,
        "val_mae": 0.1910722255706787,
        "val_r2_score": 0.9771352410316467,
        "val_root_mean_squared_error": 0.23988278210163116,
        "train_time": 8.212907791137695
    }
}