{
    "parameters": {
        "num_layers": 2,
        "num_neurons": 64,
        "num_epochs": 100,
        "learning_rate": 0.0001,
        "use_batch_norm": true,
        "use_dropout": true,
        "batch_size": 128
    },
    "results": {
        "loss": 0.419599324464798,
        "mae": 0.4972309172153473,
        "r2_score": 0.8086751699447632,
        "root_mean_squared_error": 0.6477648615837097,
        "val_loss": 0.04531221091747284,
        "val_mae": 0.16496242582798004,
        "val_r2_score": 0.9794536232948303,
        "val_root_mean_squared_error": 0.2128666490316391,
        "train_time": 10.808856725692749
    }
}