{
    "parameters": {
        "num_layers": 2,
        "num_neurons": 64,
        "num_epochs": 100,
        "learning_rate": 0.0001,
        "use_batch_norm": true,
        "use_dropout": true,
        "batch_size": 128
    },
    "results": {
        "loss": 0.3633899688720703,
        "mae": 0.4706684648990631,
        "r2_score": 0.8352311849594116,
        "root_mean_squared_error": 0.6028183698654175,
        "val_loss": 0.03016817197203636,
        "val_mae": 0.1356469988822937,
        "val_r2_score": 0.9866991639137268,
        "val_root_mean_squared_error": 0.17368987202644348,
        "train_time": 10.53025221824646
    }
}