{
    "parameters": {
        "num_layers": 2,
        "num_neurons": 16,
        "num_epochs": 250,
        "learning_rate": 0.001,
        "use_batch_norm": true,
        "use_dropout": true,
        "batch_size": 32
    },
    "results": {
        "loss": 0.22131364047527313,
        "mae": 0.36315101385116577,
        "root_mean_squared_error": 0.4704398512840271,
        "val_loss": 0.0783805102109909,
        "val_mae": 0.2063424438238144,
        "val_root_mean_squared_error": 0.27996519207954407,
        "train_time": 49.52110552787781
    }
}