{
    "parameters": {
        "mf_type": "Generalized Bell",
        "num_mfs": 3,
        "learning_rate": 0.0005,
        "batch_size": 64,
        "num_epochs": 500
    },
    "results": {
        "loss": 0.09603183716535568,
        "mae": 0.2505028247833252,
        "root_mean_squared_error": 0.3098900318145752,
        "val_loss": 0.09362392127513885,
        "val_mae": 0.24458174407482147,
        "val_root_mean_squared_error": 0.30598026514053345,
        "train_time": 77.4428162574768
    }
}