{
    "parameters": {
        "num_layers": 1,
        "num_neurons": 16,
        "num_epochs": 250,
        "learning_rate": 0.0001,
        "use_batch_norm": true,
        "use_dropout": true,
        "batch_size": 64
    },
    "results": {
        "loss": 0.36644646525382996,
        "mae": 0.46797090768814087,
        "r2_score": 0.8500641584396362,
        "root_mean_squared_error": 0.6053482294082642,
        "val_loss": 0.1015586256980896,
        "val_mae": 0.26198050379753113,
        "val_r2_score": 0.9596462845802307,
        "val_root_mean_squared_error": 0.31868264079093933,
        "train_time": 20.459918975830078
    }
}