{
    "parameters": {
        "num_layers": 1,
        "num_neurons": 16,
        "num_epochs": 250,
        "learning_rate": 0.0001,
        "use_batch_norm": true,
        "use_dropout": true,
        "batch_size": 64
    },
    "results": {
        "loss": 0.32652199268341064,
        "mae": 0.4390139877796173,
        "r2_score": 0.8511152863502502,
        "root_mean_squared_error": 0.5714210271835327,
        "val_loss": 0.10361900925636292,
        "val_mae": 0.2477881908416748,
        "val_r2_score": 0.9530149102210999,
        "val_root_mean_squared_error": 0.32189905643463135,
        "train_time": 31.370264291763306
    }
}