{
    "parameters": {
        "num_layers": 1,
        "num_neurons": 16,
        "num_epochs": 250,
        "learning_rate": 0.0001,
        "use_batch_norm": true,
        "use_dropout": true,
        "batch_size": 64
    },
    "results": {
        "loss": 0.28517603874206543,
        "mae": 0.407084196805954,
        "r2_score": 0.8706960678100586,
        "root_mean_squared_error": 0.5340187549591064,
        "val_loss": 0.06655296683311462,
        "val_mae": 0.20691679418087006,
        "val_r2_score": 0.970657467842102,
        "val_root_mean_squared_error": 0.257978618144989,
        "train_time": 28.64685869216919
    }
}