{
    "parameters": {
        "num_layers": 2,
        "num_neurons": 96,
        "num_epochs": 500,
        "learning_rate": 0.001,
        "use_batch_norm": true,
        "use_dropout": true,
        "batch_size": 160
    },
    "results": {
        "loss": 0.07097914814949036,
        "mae": 0.20700526237487793,
        "r2_score": 0.9676635265350342,
        "root_mean_squared_error": 0.26641911268234253,
        "val_loss": 0.01393447071313858,
        "val_mae": 0.08928666263818741,
        "val_r2_score": 0.9935007095336914,
        "val_root_mean_squared_error": 0.11804436147212982,
        "train_time": 42.28194808959961
    }
}