{
    "parameters": {
        "num_layers": 2,
        "num_neurons": 96,
        "num_epochs": 500,
        "learning_rate": 0.001,
        "use_batch_norm": true,
        "use_dropout": true,
        "batch_size": 160
    },
    "results": {
        "loss": 0.05691470950841904,
        "mae": 0.1838037669658661,
        "r2_score": 0.9737937450408936,
        "root_mean_squared_error": 0.2385680377483368,
        "val_loss": 0.010072275064885616,
        "val_mae": 0.07028540223836899,
        "val_r2_score": 0.9955055117607117,
        "val_root_mean_squared_error": 0.10036072134971619,
        "train_time": 41.59240913391113
    }
}