{
    "parameters": {
        "num_layers": 2,
        "num_neurons": 96,
        "num_epochs": 500,
        "learning_rate": 0.001,
        "use_batch_norm": true,
        "use_dropout": true,
        "batch_size": 160
    },
    "results": {
        "loss": 0.07760199904441833,
        "mae": 0.2166774570941925,
        "r2_score": 0.9682814478874207,
        "root_mean_squared_error": 0.27857136726379395,
        "val_loss": 0.013893047347664833,
        "val_mae": 0.08650970458984375,
        "val_r2_score": 0.9942911267280579,
        "val_root_mean_squared_error": 0.11786877363920212,
        "train_time": 32.91686415672302
    }
}