{
    "parameters": {
        "num_layers": 1,
        "num_neurons": 32,
        "num_epochs": 100,
        "learning_rate": 0.0005,
        "use_batch_norm": true,
        "use_dropout": true,
        "batch_size": 64
    },
    "results": {
        "loss": 0.2063850462436676,
        "mae": 0.353488028049469,
        "root_mean_squared_error": 0.45429620146751404,
        "val_loss": 0.0732121616601944,
        "val_mae": 0.21974800527095795,
        "val_root_mean_squared_error": 0.27057746052742004,
        "train_time": 11.047805786132812
    }
}