{
    "parameters": {
        "mf_type": "Generalized Bell",
        "num_mfs": 5,
        "learning_rate": 0.0001,
        "batch_size": 64,
        "num_epochs": 100
    },
    "results": {
        "loss": 7.463149070739746,
        "mae": 2.6964921951293945,
        "root_mean_squared_error": 2.7318763732910156,
        "val_loss": 7.367851257324219,
        "val_mae": 2.679486036300659,
        "val_root_mean_squared_error": 2.714378595352173,
        "train_time": 89.30842351913452
    }
}