{
    "parameters": {
        "num_layers": 1,
        "num_neurons": 32,
        "num_epochs": 100,
        "learning_rate": 0.0005,
        "use_batch_norm": true,
        "use_dropout": true,
        "batch_size": 128
    },
    "results": {
        "loss": 0.2273421287536621,
        "mae": 0.3707672953605652,
        "root_mean_squared_error": 0.47680407762527466,
        "val_loss": 0.07273788750171661,
        "val_mae": 0.2183045595884323,
        "val_root_mean_squared_error": 0.2696996331214905,
        "train_time": 7.248301029205322
    }
}