{
    "parameters": {
        "mf_type": "Generalized Bell",
        "num_mfs": 4,
        "learning_rate": 0.0001,
        "batch_size": 32,
        "num_epochs": 250
    },
    "results": {
        "loss": 0.1100076213479042,
        "mae": 0.26408371329307556,
        "root_mean_squared_error": 0.3316739797592163,
        "val_loss": 0.10646193474531174,
        "val_mae": 0.26056188344955444,
        "val_root_mean_squared_error": 0.32628506422042847,
        "train_time": 109.01699018478394
    }
}