{
    "parameters": {
        "num_layers": 1,
        "num_neurons": 64,
        "num_epochs": 500,
        "learning_rate": 0.001,
        "use_batch_norm": true,
        "use_dropout": true,
        "batch_size": 128
    },
    "results": {
        "loss": 0.13739922642707825,
        "mae": 0.29052647948265076,
        "r2_score": 0.9437813758850098,
        "root_mean_squared_error": 0.3706740140914917,
        "val_loss": 0.06998997926712036,
        "val_mae": 0.21159705519676208,
        "val_r2_score": 0.9721897840499878,
        "val_root_mean_squared_error": 0.2645561993122101,
        "train_time": 31.582975387573242
    }
}