{
    "parameters": {
        "num_layers": 1,
        "num_neurons": 64,
        "num_epochs": 500,
        "learning_rate": 0.001,
        "use_batch_norm": true,
        "use_dropout": true,
        "batch_size": 128
    },
    "results": {
        "loss": 0.0886695384979248,
        "mae": 0.23305080831050873,
        "r2_score": 0.9597954750061035,
        "root_mean_squared_error": 0.2977743148803711,
        "val_loss": 0.041536539793014526,
        "val_mae": 0.16160140931606293,
        "val_r2_score": 0.9816869497299194,
        "val_root_mean_squared_error": 0.20380514860153198,
        "train_time": 39.444873332977295
    }
}