{
    "parameters": {
        "num_layers": 2,
        "num_neurons": 64,
        "num_epochs": 100,
        "learning_rate": 0.001,
        "use_batch_norm": true,
        "use_dropout": true,
        "batch_size": 32
    },
    "results": {
        "loss": 0.16409601271152496,
        "mae": 0.31753042340278625,
        "r2_score": 0.9251772165298462,
        "root_mean_squared_error": 0.4050876498222351,
        "val_loss": 0.03833601251244545,
        "val_mae": 0.1580539047718048,
        "val_r2_score": 0.9826169013977051,
        "val_root_mean_squared_error": 0.19579584896564484,
        "train_time": 24.612542152404785
    }
}