{
    "parameters": {
        "num_layers": 2,
        "num_neurons": 64,
        "num_epochs": 100,
        "learning_rate": 0.001,
        "use_batch_norm": true,
        "use_dropout": true,
        "batch_size": 32
    },
    "results": {
        "loss": 0.19360581040382385,
        "mae": 0.3463653028011322,
        "r2_score": 0.9207835793495178,
        "root_mean_squared_error": 0.4400066137313843,
        "val_loss": 0.030015340074896812,
        "val_mae": 0.13473035395145416,
        "val_r2_score": 0.9880735874176025,
        "val_root_mean_squared_error": 0.17324936389923096,
        "train_time": 16.738536834716797
    }
}