{
    "parameters": {
        "num_layers": 2,
        "num_neurons": 64,
        "num_epochs": 100,
        "learning_rate": 0.001,
        "use_batch_norm": true,
        "use_dropout": true,
        "batch_size": 32
    },
    "results": {
        "loss": 0.15248548984527588,
        "mae": 0.30497249960899353,
        "r2_score": 0.9308599829673767,
        "root_mean_squared_error": 0.39049389958381653,
        "val_loss": 0.02112068422138691,
        "val_mae": 0.11005799472332001,
        "val_r2_score": 0.9906880855560303,
        "val_root_mean_squared_error": 0.1453295648097992,
        "train_time": 22.004114866256714
    }
}