{
    "parameters": {
        "num_layers": 2,
        "num_neurons": 16,
        "num_epochs": 250,
        "learning_rate": 0.0001,
        "use_batch_norm": true,
        "use_dropout": true,
        "batch_size": 64
    },
    "results": {
        "loss": 0.3637840151786804,
        "mae": 0.45701029896736145,
        "root_mean_squared_error": 0.6031451225280762,
        "val_loss": 0.11186767369508743,
        "val_mae": 0.24271437525749207,
        "val_root_mean_squared_error": 0.33446624875068665,
        "train_time": 37.72681164741516
    }
}