{
    "parameters": {
        "num_layers": 1,
        "num_neurons": 16,
        "num_epochs": 500,
        "learning_rate": 0.001,
        "use_batch_norm": true,
        "use_dropout": true,
        "batch_size": 128
    },
    "results": {
        "loss": 0.15999573469161987,
        "mae": 0.3044794797897339,
        "root_mean_squared_error": 0.3999946713447571,
        "val_loss": 0.08295505493879318,
        "val_mae": 0.22245164215564728,
        "val_root_mean_squared_error": 0.28801918029785156,
        "train_time": 34.28729581832886
    }
}