{
    "parameters": {
        "mf_type": "Gaussian",
        "num_mfs": 4,
        "learning_rate": 0.0001,
        "batch_size": 128,
        "num_epochs": 500
    },
    "results": {
        "loss": 0.86558997631073,
        "mae": 0.8747024536132812,
        "r2_score": 0.6467007994651794,
        "root_mean_squared_error": 0.9303708672523499,
        "val_loss": 0.8402037024497986,
        "val_mae": 0.8632111549377441,
        "val_r2_score": 0.6596708297729492,
        "val_root_mean_squared_error": 0.9166262745857239,
        "train_time": 260.0671696662903
    }
}