{
    "parameters": {
        "num_layers": 4,
        "num_neurons": 80,
        "num_epochs": 500,
        "learning_rate": 0.001,
        "use_batch_norm": true,
        "use_dropout": true,
        "batch_size": 256
    },
    "results": {
        "loss": 0.06445389986038208,
        "mae": 0.19271449744701385,
        "r2_score": 0.970636248588562,
        "root_mean_squared_error": 0.253877729177475,
        "val_loss": 0.010401278734207153,
        "val_mae": 0.07717730849981308,
        "val_r2_score": 0.9951486587524414,
        "val_root_mean_squared_error": 0.10198666155338287,
        "train_time": 51.01784634590149
    }
}