{
    "parameters": {
        "num_layers": 4,
        "num_neurons": 80,
        "num_epochs": 500,
        "learning_rate": 0.001,
        "use_batch_norm": true,
        "use_dropout": true,
        "batch_size": 256
    },
    "results": {
        "loss": 0.057024769484996796,
        "mae": 0.18167106807231903,
        "r2_score": 0.9737430214881897,
        "root_mean_squared_error": 0.2387986034154892,
        "val_loss": 0.008665612898766994,
        "val_mae": 0.06628942489624023,
        "val_r2_score": 0.9961332082748413,
        "val_root_mean_squared_error": 0.0930892750620842,
        "train_time": 49.984614610672
    }
}