{
    "parameters": {
        "num_layers": 4,
        "num_neurons": 80,
        "num_epochs": 500,
        "learning_rate": 0.001,
        "use_batch_norm": true,
        "use_dropout": true,
        "batch_size": 256
    },
    "results": {
        "loss": 0.08673941344022751,
        "mae": 0.2250628024339676,
        "r2_score": 0.9645466208457947,
        "root_mean_squared_error": 0.29451555013656616,
        "val_loss": 0.01606634445488453,
        "val_mae": 0.09623512625694275,
        "val_r2_score": 0.9933980703353882,
        "val_root_mean_squared_error": 0.1267530918121338,
        "train_time": 38.37535762786865
    }
}