{
    "parameters": {
        "num_layers": 1,
        "num_neurons": 32,
        "num_epochs": 250,
        "learning_rate": 0.0001,
        "use_batch_norm": true,
        "use_dropout": true,
        "batch_size": 64
    },
    "results": {
        "loss": 0.20739418268203735,
        "mae": 0.3552054166793823,
        "r2_score": 0.9059628248214722,
        "root_mean_squared_error": 0.45540550351142883,
        "val_loss": 0.049888040870428085,
        "val_mae": 0.1785169541835785,
        "val_r2_score": 0.9780048727989197,
        "val_root_mean_squared_error": 0.22335630655288696,
        "train_time": 29.884884119033813
    }
}