{
    "parameters": {
        "num_layers": 1,
        "num_neurons": 32,
        "num_epochs": 250,
        "learning_rate": 0.0001,
        "use_batch_norm": true,
        "use_dropout": true,
        "batch_size": 64
    },
    "results": {
        "loss": 0.25547492504119873,
        "mae": 0.3957878649234772,
        "r2_score": 0.8954691290855408,
        "root_mean_squared_error": 0.5054453015327454,
        "val_loss": 0.08705469220876694,
        "val_mae": 0.2404668927192688,
        "val_r2_score": 0.9654093384742737,
        "val_root_mean_squared_error": 0.29505032300949097,
        "train_time": 21.383763074874878
    }
}