{
    "parameters": {
        "num_layers": 1,
        "num_neurons": 64,
        "num_epochs": 250,
        "learning_rate": 0.0001,
        "use_batch_norm": true,
        "use_dropout": true,
        "batch_size": 128
    },
    "results": {
        "loss": 0.1456165611743927,
        "mae": 0.3001011312007904,
        "r2_score": 0.9339744448661804,
        "root_mean_squared_error": 0.3815973699092865,
        "val_loss": 0.03848767280578613,
        "val_mae": 0.15474548935890198,
        "val_r2_score": 0.9830312132835388,
        "val_root_mean_squared_error": 0.1961827576160431,
        "train_time": 20.195454359054565
    }
}