{
    "parameters": {
        "num_layers": 1,
        "num_neurons": 64,
        "num_epochs": 250,
        "learning_rate": 0.0001,
        "use_batch_norm": true,
        "use_dropout": true,
        "batch_size": 128
    },
    "results": {
        "loss": 0.19563640654087067,
        "mae": 0.34487780928611755,
        "r2_score": 0.9107958674430847,
        "root_mean_squared_error": 0.4423080384731293,
        "val_loss": 0.0590369813144207,
        "val_mae": 0.18928468227386475,
        "val_r2_score": 0.973230242729187,
        "val_root_mean_squared_error": 0.24297526478767395,
        "train_time": 21.700693130493164
    }
}