{
    "parameters": {
        "num_layers": 1,
        "num_neurons": 64,
        "num_epochs": 250,
        "learning_rate": 0.0001,
        "use_batch_norm": true,
        "use_dropout": true,
        "batch_size": 128
    },
    "results": {
        "loss": 0.21711522340774536,
        "mae": 0.36520659923553467,
        "r2_score": 0.9111644625663757,
        "root_mean_squared_error": 0.4659562408924103,
        "val_loss": 0.05783868208527565,
        "val_mae": 0.19376134872436523,
        "val_r2_score": 0.9770180583000183,
        "val_root_mean_squared_error": 0.24049673974514008,
        "train_time": 16.21333956718445
    }
}