{
    "parameters": {
        "num_layers": 2,
        "num_neurons": 80,
        "num_epochs": 500,
        "learning_rate": 0.001,
        "use_batch_norm": true,
        "use_dropout": true,
        "batch_size": 224
    },
    "results": {
        "loss": 0.061008889228105545,
        "mae": 0.1888648420572281,
        "r2_score": 0.9719085693359375,
        "root_mean_squared_error": 0.24699977040290833,
        "val_loss": 0.011452957056462765,
        "val_mae": 0.08223068714141846,
        "val_r2_score": 0.9948894381523132,
        "val_root_mean_squared_error": 0.10701848566532135,
        "train_time": 37.836413860321045
    }
}