{
    "parameters": {
        "num_layers": 2,
        "num_neurons": 80,
        "num_epochs": 500,
        "learning_rate": 0.001,
        "use_batch_norm": true,
        "use_dropout": true,
        "batch_size": 224
    },
    "results": {
        "loss": 0.08418519049882889,
        "mae": 0.22560672461986542,
        "r2_score": 0.9655905961990356,
        "root_mean_squared_error": 0.2901468575000763,
        "val_loss": 0.013812464661896229,
        "val_mae": 0.08725447952747345,
        "val_r2_score": 0.9943242073059082,
        "val_root_mean_squared_error": 0.11752644181251526,
        "train_time": 30.373685598373413
    }
}