{
    "parameters": {
        "num_layers": 1,
        "num_neurons": 64,
        "num_epochs": 250,
        "learning_rate": 0.0001,
        "use_batch_norm": true,
        "use_dropout": true,
        "batch_size": 128
    },
    "results": {
        "loss": 0.19050085544586182,
        "mae": 0.3402419090270996,
        "root_mean_squared_error": 0.4364640414714813,
        "val_loss": 0.06302545219659805,
        "val_mae": 0.19475971162319183,
        "val_root_mean_squared_error": 0.2510487139225006,
        "train_time": 19.41370391845703
    }
}