{
    "parameters": {
        "mf_type": "Gaussian",
        "num_mfs": 3,
        "learning_rate": 0.0001,
        "batch_size": 128,
        "num_epochs": 500
    },
    "results": {
        "loss": 0.3699679970741272,
        "mae": 0.4993034601211548,
        "r2_score": 0.8489941358566284,
        "root_mean_squared_error": 0.6082499623298645,
        "val_loss": 0.3588702976703644,
        "val_mae": 0.4935961067676544,
        "val_r2_score": 0.8546375632286072,
        "val_root_mean_squared_error": 0.5990578532218933,
        "train_time": 59.19986176490784
    }
}