{
    "parameters": {
        "mf_type": "Smoothed Triangular",
        "num_mfs": 4,
        "learning_rate": 0.0001,
        "batch_size": 32,
        "num_epochs": 500
    },
    "results": {
        "loss": 9.56335735321045,
        "mae": 2.9686014652252197,
        "root_mean_squared_error": 3.092467784881592,
        "val_loss": 9.467878341674805,
        "val_mae": 2.9524648189544678,
        "val_root_mean_squared_error": 3.0769917964935303,
        "train_time": 231.2969627380371
    }
}