{
    "parameters": {
        "mf_type": "Gaussian",
        "num_mfs": 5,
        "learning_rate": 0.001,
        "batch_size": 32,
        "num_epochs": 250
    },
    "results": {
        "loss": 0.09753206372261047,
        "mae": 0.25266727805137634,
        "root_mean_squared_error": 0.31230124831199646,
        "val_loss": 0.09468455612659454,
        "val_mae": 0.24503552913665771,
        "val_root_mean_squared_error": 0.3077085614204407,
        "train_time": 194.71816420555115
    }
}