{
    "parameters": {
        "mf_type": "Gaussian",
        "num_mfs": 5,
        "learning_rate": 0.0005,
        "batch_size": 64,
        "num_epochs": 100
    },
    "results": {
        "loss": 0.1059567853808403,
        "mae": 0.26290833950042725,
        "root_mean_squared_error": 0.32551002502441406,
        "val_loss": 0.10239549726247787,
        "val_mae": 0.25634679198265076,
        "val_root_mean_squared_error": 0.31999295949935913,
        "train_time": 86.30788445472717
    }
}