{
    "parameters": {
        "num_layers": 2,
        "num_neurons": 16,
        "num_epochs": 250,
        "learning_rate": 0.001,
        "use_batch_norm": true,
        "use_dropout": true,
        "batch_size": 32
    },
    "results": {
        "loss": 0.259617418050766,
        "mae": 0.3866417706012726,
        "r2_score": 0.8816226124763489,
        "root_mean_squared_error": 0.5095266699790955,
        "val_loss": 0.1205872893333435,
        "val_mae": 0.25486478209495544,
        "val_r2_score": 0.9453208446502686,
        "val_root_mean_squared_error": 0.3472568094730377,
        "train_time": 60.648961544036865
    }
}