{
    "parameters": {
        "num_layers": 2,
        "num_neurons": 16,
        "num_epochs": 250,
        "learning_rate": 0.001,
        "use_batch_norm": true,
        "use_dropout": true,
        "batch_size": 32
    },
    "results": {
        "loss": 0.2495552897453308,
        "mae": 0.39290180802345276,
        "r2_score": 0.8978912830352783,
        "root_mean_squared_error": 0.4995550811290741,
        "val_loss": 0.07535316795110703,
        "val_mae": 0.22287482023239136,
        "val_r2_score": 0.970058798789978,
        "val_root_mean_squared_error": 0.2745053172111511,
        "train_time": 39.41586232185364
    }
}