{
    "parameters": {
        "num_layers": 2,
        "num_neurons": 16,
        "num_epochs": 250,
        "learning_rate": 0.001,
        "use_batch_norm": true,
        "use_dropout": true,
        "batch_size": 32
    },
    "results": {
        "loss": 0.2217341512441635,
        "mae": 0.36698389053344727,
        "r2_score": 0.8994607925415039,
        "root_mean_squared_error": 0.47088655829429626,
        "val_loss": 0.06439715623855591,
        "val_mae": 0.20427274703979492,
        "val_r2_score": 0.9716079235076904,
        "val_root_mean_squared_error": 0.25376594066619873,
        "train_time": 59.12318181991577
    }
}