{
    "parameters": {
        "num_layers": 1,
        "num_neurons": 32,
        "num_epochs": 500,
        "learning_rate": 0.001,
        "use_batch_norm": true,
        "use_dropout": true,
        "batch_size": 32
    },
    "results": {
        "loss": 0.1580960750579834,
        "mae": 0.3134080171585083,
        "r2_score": 0.9283156991004944,
        "root_mean_squared_error": 0.39761295914649963,
        "val_loss": 0.051889389753341675,
        "val_mae": 0.1816929131746292,
        "val_r2_score": 0.9771224856376648,
        "val_root_mean_squared_error": 0.227792426943779,
        "train_time": 88.94739151000977
    }
}