{
    "parameters": {
        "num_layers": 1,
        "num_neurons": 32,
        "num_epochs": 500,
        "learning_rate": 0.001,
        "use_batch_norm": true,
        "use_dropout": true,
        "batch_size": 32
    },
    "results": {
        "loss": 0.19490310549736023,
        "mae": 0.3517470061779022,
        "r2_score": 0.9202529788017273,
        "root_mean_squared_error": 0.44147831201553345,
        "val_loss": 0.08486531674861908,
        "val_mae": 0.2354324758052826,
        "val_r2_score": 0.9662792086601257,
        "val_root_mean_squared_error": 0.29131650924682617,
        "train_time": 67.47877788543701
    }
}