{
    "parameters": {
        "num_layers": 1,
        "num_neurons": 32,
        "num_epochs": 500,
        "learning_rate": 0.001,
        "use_batch_norm": true,
        "use_dropout": true,
        "batch_size": 32
    },
    "results": {
        "loss": 0.1779630184173584,
        "mae": 0.3315698504447937,
        "r2_score": 0.9188538193702698,
        "root_mean_squared_error": 0.4218566417694092,
        "val_loss": 0.0583488866686821,
        "val_mae": 0.19296234846115112,
        "val_r2_score": 0.9735422730445862,
        "val_root_mean_squared_error": 0.2415551394224167,
        "train_time": 103.67536234855652
    }
}