{
    "parameters": {
        "num_layers": 4,
        "num_neurons": 112,
        "num_epochs": 500,
        "learning_rate": 0.001,
        "use_batch_norm": true,
        "use_dropout": true,
        "batch_size": 256
    },
    "results": {
        "loss": 0.07157227396965027,
        "mae": 0.20601433515548706,
        "r2_score": 0.9707459211349487,
        "root_mean_squared_error": 0.2675299644470215,
        "val_loss": 0.010507829487323761,
        "val_mae": 0.0762612521648407,
        "val_r2_score": 0.9956821799278259,
        "val_root_mean_squared_error": 0.10250770300626755,
        "train_time": 45.03242254257202
    }
}