{
    "parameters": {
        "num_layers": 4,
        "num_neurons": 112,
        "num_epochs": 500,
        "learning_rate": 0.001,
        "use_batch_norm": true,
        "use_dropout": true,
        "batch_size": 256
    },
    "results": {
        "loss": 0.05048272758722305,
        "mae": 0.1714661717414856,
        "r2_score": 0.9767552614212036,
        "root_mean_squared_error": 0.22468361258506775,
        "val_loss": 0.0065053487196564674,
        "val_mae": 0.05933704599738121,
        "val_r2_score": 0.9970971345901489,
        "val_root_mean_squared_error": 0.08065573871135712,
        "train_time": 59.60304808616638
    }
}