{
    "parameters": {
        "num_layers": 1,
        "num_neurons": 16,
        "num_epochs": 100,
        "learning_rate": 0.001,
        "use_batch_norm": true,
        "use_dropout": true,
        "batch_size": 64
    },
    "results": {
        "loss": 0.21115753054618835,
        "mae": 0.3552625775337219,
        "root_mean_squared_error": 0.45951879024505615,
        "val_loss": 0.07600444555282593,
        "val_mae": 0.21860861778259277,
        "val_root_mean_squared_error": 0.275689035654068,
        "train_time": 11.45058822631836
    }
}