{
    "parameters": {
        "num_layers": 1,
        "num_neurons": 16,
        "num_epochs": 100,
        "learning_rate": 0.001,
        "use_batch_norm": true,
        "use_dropout": true,
        "batch_size": 64
    },
    "results": {
        "loss": 0.24013088643550873,
        "mae": 0.3718254268169403,
        "r2_score": 0.8905069231987,
        "root_mean_squared_error": 0.49003151059150696,
        "val_loss": 0.12827149033546448,
        "val_mae": 0.267712265253067,
        "val_r2_score": 0.9418364763259888,
        "val_root_mean_squared_error": 0.35815009474754333,
        "train_time": 13.573763608932495
    }
}