{
    "parameters": {
        "num_layers": 2,
        "num_neurons": 32,
        "num_epochs": 100,
        "learning_rate": 0.0001,
        "use_batch_norm": true,
        "use_dropout": true,
        "batch_size": 32
    },
    "results": {
        "loss": 0.30387502908706665,
        "mae": 0.4283529818058014,
        "root_mean_squared_error": 0.5512486100196838,
        "val_loss": 0.056428711861371994,
        "val_mae": 0.180603489279747,
        "val_root_mean_squared_error": 0.23754727840423584,
        "train_time": 20.1288480758667
    }
}