{
    "parameters": {
        "num_layers": 2,
        "num_neurons": 32,
        "num_epochs": 100,
        "learning_rate": 0.0001,
        "use_batch_norm": true,
        "use_dropout": true,
        "batch_size": 32
    },
    "results": {
        "loss": 0.3166288435459137,
        "mae": 0.43731141090393066,
        "r2_score": 0.8556265234947205,
        "root_mean_squared_error": 0.5626978278160095,
        "val_loss": 0.05534915253520012,
        "val_mae": 0.18047688901424408,
        "val_r2_score": 0.9749024510383606,
        "val_root_mean_squared_error": 0.23526400327682495,
        "train_time": 24.495525121688843
    }
}