{
    "parameters": {
        "mf_type": "Generalized Bell",
        "num_mfs": 3,
        "learning_rate": 0.0001,
        "batch_size": 32,
        "num_epochs": 250
    },
    "results": {
        "loss": 0.10590028017759323,
        "mae": 0.263135701417923,
        "r2_score": 0.9567756652832031,
        "root_mean_squared_error": 0.3254232406616211,
        "val_loss": 0.10271608829498291,
        "val_mae": 0.25639572739601135,
        "val_r2_score": 0.9583943486213684,
        "val_root_mean_squared_error": 0.32049351930618286,
        "train_time": 62.414809465408325
    }
}