{
    "parameters": {
        "mf_type": "Gaussian",
        "num_mfs": 4,
        "learning_rate": 0.001,
        "batch_size": 32,
        "num_epochs": 500
    },
    "results": {
        "loss": 0.09723582118749619,
        "mae": 0.25244006514549255,
        "root_mean_squared_error": 0.31182658672332764,
        "val_loss": 0.09494252502918243,
        "val_mae": 0.2464618980884552,
        "val_root_mean_squared_error": 0.3081274628639221,
        "train_time": 201.88215804100037
    }
}