{
    "parameters": {
        "num_layers": 1,
        "num_neurons": 32,
        "num_epochs": 250,
        "learning_rate": 0.0005,
        "use_batch_norm": true,
        "use_dropout": true,
        "batch_size": 64
    },
    "results": {
        "loss": 0.16247406601905823,
        "mae": 0.3128511905670166,
        "root_mean_squared_error": 0.4030807316303253,
        "val_loss": 0.059015218168497086,
        "val_mae": 0.19170832633972168,
        "val_root_mean_squared_error": 0.24293048679828644,
        "train_time": 27.714420080184937
    }
}