{
    "parameters": {
        "num_layers": 1,
        "num_neurons": 32,
        "num_epochs": 250,
        "learning_rate": 0.0005,
        "use_batch_norm": true,
        "use_dropout": true,
        "batch_size": 64
    },
    "results": {
        "loss": 0.1641371101140976,
        "mae": 0.3161715567111969,
        "r2_score": 0.9251584410667419,
        "root_mean_squared_error": 0.40513837337493896,
        "val_loss": 0.05936789885163307,
        "val_mae": 0.19386380910873413,
        "val_r2_score": 0.9730801582336426,
        "val_root_mean_squared_error": 0.24365529417991638,
        "train_time": 33.964433670043945
    }
}