{
    "parameters": {
        "num_layers": 1,
        "num_neurons": 64,
        "num_epochs": 250,
        "learning_rate": 0.0005,
        "use_batch_norm": true,
        "use_dropout": true,
        "batch_size": 128
    },
    "results": {
        "loss": 0.13078880310058594,
        "mae": 0.2828107178211212,
        "r2_score": 0.940364420413971,
        "root_mean_squared_error": 0.3616473376750946,
        "val_loss": 0.05965019762516022,
        "val_mae": 0.18566296994686127,
        "val_r2_score": 0.9729521870613098,
        "val_root_mean_squared_error": 0.2442339062690735,
        "train_time": 21.140466928482056
    }
}