{
    "parameters": {
        "num_layers": 1,
        "num_neurons": 64,
        "num_epochs": 250,
        "learning_rate": 0.0005,
        "use_batch_norm": true,
        "use_dropout": true,
        "batch_size": 128
    },
    "results": {
        "loss": 0.13106682896614075,
        "mae": 0.28504496812820435,
        "r2_score": 0.9405718445777893,
        "root_mean_squared_error": 0.3620315194129944,
        "val_loss": 0.046178314834833145,
        "val_mae": 0.17042864859104156,
        "val_r2_score": 0.9796404838562012,
        "val_root_mean_squared_error": 0.21489140391349792,
        "train_time": 19.77550768852234
    }
}