{
    "parameters": {
        "num_layers": 1,
        "num_neurons": 64,
        "num_epochs": 250,
        "learning_rate": 0.0005,
        "use_batch_norm": true,
        "use_dropout": true,
        "batch_size": 128
    },
    "results": {
        "loss": 0.1657515913248062,
        "mae": 0.31781870126724243,
        "r2_score": 0.9321805238723755,
        "root_mean_squared_error": 0.4071260094642639,
        "val_loss": 0.06718707084655762,
        "val_mae": 0.20633327960968018,
        "val_r2_score": 0.9733035564422607,
        "val_root_mean_squared_error": 0.2592046856880188,
        "train_time": 16.4567654132843
    }
}