{
    "parameters": {
        "num_layers": 2,
        "num_neurons": 64,
        "num_epochs": 100,
        "learning_rate": 0.0005,
        "use_batch_norm": true,
        "use_dropout": true,
        "batch_size": 32
    },
    "results": {
        "loss": 0.1638069599866867,
        "mae": 0.31576499342918396,
        "r2_score": 0.925726592540741,
        "root_mean_squared_error": 0.40473073720932007,
        "val_loss": 0.020101865753531456,
        "val_mae": 0.10727555304765701,
        "val_r2_score": 0.9911372661590576,
        "val_root_mean_squared_error": 0.1417810469865799,
        "train_time": 21.944363832473755
    }
}