{
    "parameters": {
        "num_layers": 2,
        "num_neurons": 64,
        "num_epochs": 100,
        "learning_rate": 0.0005,
        "use_batch_norm": true,
        "use_dropout": true,
        "batch_size": 32
    },
    "results": {
        "loss": 0.18748818337917328,
        "mae": 0.33793628215789795,
        "r2_score": 0.9145113825798035,
        "root_mean_squared_error": 0.43299904465675354,
        "val_loss": 0.034158553928136826,
        "val_mae": 0.13494455814361572,
        "val_r2_score": 0.984511137008667,
        "val_root_mean_squared_error": 0.18482032418251038,
        "train_time": 24.597673177719116
    }
}