{
    "parameters": {
        "num_layers": 2,
        "num_neurons": 64,
        "num_epochs": 100,
        "learning_rate": 0.0005,
        "use_batch_norm": true,
        "use_dropout": true,
        "batch_size": 32
    },
    "results": {
        "loss": 0.19596049189567566,
        "mae": 0.3487977087497711,
        "r2_score": 0.9198201298713684,
        "root_mean_squared_error": 0.4426742494106293,
        "val_loss": 0.037086568772792816,
        "val_mae": 0.15112608671188354,
        "val_r2_score": 0.9852638244628906,
        "val_root_mean_squared_error": 0.1925787329673767,
        "train_time": 16.05011296272278
    }
}