{
    "parameters": {
        "num_layers": 1,
        "num_neurons": 64,
        "num_epochs": 100,
        "learning_rate": 0.0001,
        "use_batch_norm": true,
        "use_dropout": true,
        "batch_size": 32
    },
    "results": {
        "loss": 0.26026567816734314,
        "mae": 0.3998643457889557,
        "root_mean_squared_error": 0.5101624131202698,
        "val_loss": 0.08025753498077393,
        "val_mae": 0.21839654445648193,
        "val_root_mean_squared_error": 0.283297598361969,
        "train_time": 18.13726305961609
    }
}