{
    "parameters": {
        "mf_type": "Generalized Bell",
        "num_mfs": 2,
        "learning_rate": 0.0005,
        "batch_size": 64,
        "num_epochs": 500
    },
    "results": {
        "loss": 0.09647490829229355,
        "mae": 0.2512425184249878,
        "root_mean_squared_error": 0.3106040954589844,
        "val_loss": 0.09416083991527557,
        "val_mae": 0.2453220784664154,
        "val_root_mean_squared_error": 0.3068563938140869,
        "train_time": 48.60197162628174
    }
}